ConfigID,R1A,R1B,R1C,R2A,R2B,R2C,R3A,R3B,R3C,R4A,R4B,R4C,SwitchStates,Status,Voltage_V,VoltageGroup,ConnectionClass,CellsInSeries,ActiveCells
#0000,0,0,0,0,0,0,0,0,0,0,0,0,000 000 000 000,valid,0,0 V (no output),none,0,""
#0001,1,0,0,0,0,0,0,0,0,0,0,0,100 000 000 000,valid,0,0 V (no output),none,0,""
#0002,0,1,0,0,0,0,0,0,0,0,0,0,010 000 000 000,valid,0,0 V (no output),none,0,""
#0003,1,1,0,0,0,0,0,0,0,0,0,0,110 000 000 000,valid,0,0 V (no output),none,0,""
#0004,0,0,1,0,0,0,0,0,0,0,0,0,001 000 000 000,valid,0,0 V (no output),none,0,""
#0005,1,0,1,0,0,0,0,0,0,0,0,0,101 000 000 000,valid,0,0 V (no output),none,0,""
#0006,0,1,1,0,0,0,0,0,0,0,0,0,011 000 000 000,valid,0,0 V (no output),none,0,""
#0007,1,1,1,0,0,0,0,0,0,0,0,0,111 000 000 000,valid,0,0 V (no output),none,0,""
#0008,0,0,0,1,0,0,0,0,0,0,0,0,000 100 000 000,valid,0,0 V (no output),none,0,""
#0009,1,0,0,1,0,0,0,0,0,0,0,0,100 100 000 000,valid,0,0 V (no output),none,0,""
#0010,0,1,0,1,0,0,0,0,0,0,0,0,010 100 000 000,valid,0,0 V (no output),none,0,""
#0011,1,1,0,1,0,0,0,0,0,0,0,0,110 100 000 000,valid,0,0 V (no output),none,0,""
#0012,0,0,1,1,0,0,0,0,0,0,0,0,001 100 000 000,valid,0,0 V (no output),none,0,""
#0013,1,0,1,1,0,0,0,0,0,0,0,0,101 100 000 000,short-circuit,0,Short Circuit,none,0,""
#0014,0,1,1,1,0,0,0,0,0,0,0,0,011 100 000 000,valid,0,0 V (no output),none,0,""
#0015,1,1,1,1,0,0,0,0,0,0,0,0,111 100 000 000,short-circuit,0,Short Circuit,none,0,""
#0016,0,0,0,0,1,0,0,0,0,0,0,0,000 010 000 000,valid,0,0 V (no output),none,0,""
#0017,1,0,0,0,1,0,0,0,0,0,0,0,100 010 000 000,valid,0,0 V (no output),none,0,""
#0018,0,1,0,0,1,0,0,0,0,0,0,0,010 010 000 000,valid,0,0 V (no output),none,0,""
#0019,1,1,0,0,1,0,0,0,0,0,0,0,110 010 000 000,valid,0,0 V (no output),none,0,""
#0020,0,0,1,0,1,0,0,0,0,0,0,0,001 010 000 000,valid,0,0 V (no output),none,0,""
#0021,1,0,1,0,1,0,0,0,0,0,0,0,101 010 000 000,valid,0,0 V (no output),none,0,""
#0022,0,1,1,0,1,0,0,0,0,0,0,0,011 010 000 000,short-circuit,0,Short Circuit,none,0,""
#0023,1,1,1,0,1,0,0,0,0,0,0,0,111 010 000 000,short-circuit,0,Short Circuit,none,0,""
#0024,0,0,0,1,1,0,0,0,0,0,0,0,000 110 000 000,valid,0,0 V (no output),none,0,""
#0025,1,0,0,1,1,0,0,0,0,0,0,0,100 110 000 000,valid,0,0 V (no output),none,0,""
#0026,0,1,0,1,1,0,0,0,0,0,0,0,010 110 000 000,valid,0,0 V (no output),none,0,""
#0027,1,1,0,1,1,0,0,0,0,0,0,0,110 110 000 000,valid,0,0 V (no output),none,0,""
#0028,0,0,1,1,1,0,0,0,0,0,0,0,001 110 000 000,valid,0,0 V (no output),none,0,""
#0029,1,0,1,1,1,0,0,0,0,0,0,0,101 110 000 000,short-circuit,0,Short Circuit,none,0,""
#0030,0,1,1,1,1,0,0,0,0,0,0,0,011 110 000 000,short-circuit,0,Short Circuit,none,0,""
#0031,1,1,1,1,1,0,0,0,0,0,0,0,111 110 000 000,short-circuit,0,Short Circuit,none,0,""
#0032,0,0,0,0,0,1,0,0,0,0,0,0,000 001 000 000,valid,0,0 V (no output),none,0,""
#0033,1,0,0,0,0,1,0,0,0,0,0,0,100 001 000 000,valid,0,0 V (no output),none,0,""
#0034,0,1,0,0,0,1,0,0,0,0,0,0,010 001 000 000,valid,0,0 V (no output),none,0,""
#0035,1,1,0,0,0,1,0,0,0,0,0,0,110 001 000 000,valid,0,0 V (no output),none,0,""
#0036,0,0,1,0,0,1,0,0,0,0,0,0,001 001 000 000,valid,0,0 V (no output),none,0,""
#0037,1,0,1,0,0,1,0,0,0,0,0,0,101 001 000 000,valid,0,0 V (no output),none,0,""
#0038,0,1,1,0,0,1,0,0,0,0,0,0,011 001 000 000,valid,0,0 V (no output),none,0,""
#0039,1,1,1,0,0,1,0,0,0,0,0,0,111 001 000 000,valid,0,0 V (no output),none,0,""
#0040,0,0,0,1,0,1,0,0,0,0,0,0,000 101 000 000,valid,0,0 V (no output),none,0,""
#0041,1,0,0,1,0,1,0,0,0,0,0,0,100 101 000 000,valid,0,0 V (no output),none,0,""
#0042,0,1,0,1,0,1,0,0,0,0,0,0,010 101 000 000,valid,0,0 V (no output),none,0,""
#0043,1,1,0,1,0,1,0,0,0,0,0,0,110 101 000 000,valid,0,0 V (no output),none,0,""
#0044,0,0,1,1,0,1,0,0,0,0,0,0,001 101 000 000,valid,0,0 V (no output),none,0,""
#0045,1,0,1,1,0,1,0,0,0,0,0,0,101 101 000 000,short-circuit,0,Short Circuit,none,0,""
#0046,0,1,1,1,0,1,0,0,0,0,0,0,011 101 000 000,valid,0,0 V (no output),none,0,""
#0047,1,1,1,1,0,1,0,0,0,0,0,0,111 101 000 000,short-circuit,0,Short Circuit,none,0,""
#0048,0,0,0,0,1,1,0,0,0,0,0,0,000 011 000 000,valid,0,0 V (no output),none,0,""
#0049,1,0,0,0,1,1,0,0,0,0,0,0,100 011 000 000,valid,0,0 V (no output),none,0,""
#0050,0,1,0,0,1,1,0,0,0,0,0,0,010 011 000 000,valid,0,0 V (no output),none,0,""
#0051,1,1,0,0,1,1,0,0,0,0,0,0,110 011 000 000,valid,0,0 V (no output),none,0,""
#0052,0,0,1,0,1,1,0,0,0,0,0,0,001 011 000 000,valid,0,0 V (no output),none,0,""
#0053,1,0,1,0,1,1,0,0,0,0,0,0,101 011 000 000,valid,0,0 V (no output),none,0,""
#0054,0,1,1,0,1,1,0,0,0,0,0,0,011 011 000 000,short-circuit,0,Short Circuit,none,0,""
#0055,1,1,1,0,1,1,0,0,0,0,0,0,111 011 000 000,short-circuit,0,Short Circuit,none,0,""
#0056,0,0,0,1,1,1,0,0,0,0,0,0,000 111 000 000,valid,0,0 V (no output),none,0,""
#0057,1,0,0,1,1,1,0,0,0,0,0,0,100 111 000 000,valid,0,0 V (no output),none,0,""
#0058,0,1,0,1,1,1,0,0,0,0,0,0,010 111 000 000,valid,0,0 V (no output),none,0,""
#0059,1,1,0,1,1,1,0,0,0,0,0,0,110 111 000 000,valid,0,0 V (no output),none,0,""
#0060,0,0,1,1,1,1,0,0,0,0,0,0,001 111 000 000,valid,0,0 V (no output),none,0,""
#0061,1,0,1,1,1,1,0,0,0,0,0,0,101 111 000 000,short-circuit,0,Short Circuit,none,0,""
#0062,0,1,1,1,1,1,0,0,0,0,0,0,011 111 000 000,short-circuit,0,Short Circuit,none,0,""
#0063,1,1,1,1,1,1,0,0,0,0,0,0,111 111 000 000,short-circuit,0,Short Circuit,none,0,""
#0064,0,0,0,0,0,0,1,0,0,0,0,0,000 000 100 000,valid,0,0 V (no output),none,0,""
#0065,1,0,0,0,0,0,1,0,0,0,0,0,100 000 100 000,valid,0,0 V (no output),none,0,""
#0066,0,1,0,0,0,0,1,0,0,0,0,0,010 000 100 000,valid,0,0 V (no output),none,0,""
#0067,1,1,0,0,0,0,1,0,0,0,0,0,110 000 100 000,valid,0,0 V (no output),none,0,""
#0068,0,0,1,0,0,0,1,0,0,0,0,0,001 000 100 000,valid,0,0 V (no output),none,0,""
#0069,1,0,1,0,0,0,1,0,0,0,0,0,101 000 100 000,valid,0,0 V (no output),none,0,""
#0070,0,1,1,0,0,0,1,0,0,0,0,0,011 000 100 000,valid,0,0 V (no output),none,0,""
#0071,1,1,1,0,0,0,1,0,0,0,0,0,111 000 100 000,valid,0,0 V (no output),none,0,""
#0072,0,0,0,1,0,0,1,0,0,0,0,0,000 100 100 000,valid,0,0 V (no output),none,0,""
#0073,1,0,0,1,0,0,1,0,0,0,0,0,100 100 100 000,valid,0,0 V (no output),none,0,""
#0074,0,1,0,1,0,0,1,0,0,0,0,0,010 100 100 000,valid,0,0 V (no output),none,0,""
#0075,1,1,0,1,0,0,1,0,0,0,0,0,110 100 100 000,valid,0,0 V (no output),none,0,""
#0076,0,0,1,1,0,0,1,0,0,0,0,0,001 100 100 000,valid,0,0 V (no output),none,0,""
#0077,1,0,1,1,0,0,1,0,0,0,0,0,101 100 100 000,short-circuit,0,Short Circuit,none,0,""
#0078,0,1,1,1,0,0,1,0,0,0,0,0,011 100 100 000,valid,0,0 V (no output),none,0,""
#0079,1,1,1,1,0,0,1,0,0,0,0,0,111 100 100 000,short-circuit,0,Short Circuit,none,0,""
#0080,0,0,0,0,1,0,1,0,0,0,0,0,000 010 100 000,valid,0,0 V (no output),none,0,""
#0081,1,0,0,0,1,0,1,0,0,0,0,0,100 010 100 000,valid,0,0 V (no output),none,0,""
#0082,0,1,0,0,1,0,1,0,0,0,0,0,010 010 100 000,valid,0,0 V (no output),none,0,""
#0083,1,1,0,0,1,0,1,0,0,0,0,0,110 010 100 000,valid,0,0 V (no output),none,0,""
#0084,0,0,1,0,1,0,1,0,0,0,0,0,001 010 100 000,valid,0,0 V (no output),none,0,""
#0085,1,0,1,0,1,0,1,0,0,0,0,0,101 010 100 000,valid,0,0 V (no output),none,0,""
#0086,0,1,1,0,1,0,1,0,0,0,0,0,011 010 100 000,short-circuit,0,Short Circuit,none,0,""
#0087,1,1,1,0,1,0,1,0,0,0,0,0,111 010 100 000,short-circuit,0,Short Circuit,none,0,""
#0088,0,0,0,1,1,0,1,0,0,0,0,0,000 110 100 000,valid,0,0 V (no output),none,0,""
#0089,1,0,0,1,1,0,1,0,0,0,0,0,100 110 100 000,valid,0,0 V (no output),none,0,""
#0090,0,1,0,1,1,0,1,0,0,0,0,0,010 110 100 000,valid,0,0 V (no output),none,0,""
#0091,1,1,0,1,1,0,1,0,0,0,0,0,110 110 100 000,valid,0,0 V (no output),none,0,""
#0092,0,0,1,1,1,0,1,0,0,0,0,0,001 110 100 000,valid,0,0 V (no output),none,0,""
#0093,1,0,1,1,1,0,1,0,0,0,0,0,101 110 100 000,short-circuit,0,Short Circuit,none,0,""
#0094,0,1,1,1,1,0,1,0,0,0,0,0,011 110 100 000,short-circuit,0,Short Circuit,none,0,""
#0095,1,1,1,1,1,0,1,0,0,0,0,0,111 110 100 000,short-circuit,0,Short Circuit,none,0,""
#0096,0,0,0,0,0,1,1,0,0,0,0,0,000 001 100 000,valid,0,0 V (no output),none,0,""
#0097,1,0,0,0,0,1,1,0,0,0,0,0,100 001 100 000,valid,0,0 V (no output),none,0,""
#0098,0,1,0,0,0,1,1,0,0,0,0,0,010 001 100 000,valid,0,0 V (no output),none,0,""
#0099,1,1,0,0,0,1,1,0,0,0,0,0,110 001 100 000,valid,0,0 V (no output),none,0,""
#0100,0,0,1,0,0,1,1,0,0,0,0,0,001 001 100 000,valid,0,0 V (no output),none,0,""
#0101,1,0,1,0,0,1,1,0,0,0,0,0,101 001 100 000,short-circuit,0,Short Circuit,none,0,""
#0102,0,1,1,0,0,1,1,0,0,0,0,0,011 001 100 000,valid,0,0 V (no output),none,0,""
#0103,1,1,1,0,0,1,1,0,0,0,0,0,111 001 100 000,short-circuit,0,Short Circuit,none,0,""
#0104,0,0,0,1,0,1,1,0,0,0,0,0,000 101 100 000,short-circuit,0,Short Circuit,none,0,""
#0105,1,0,0,1,0,1,1,0,0,0,0,0,100 101 100 000,short-circuit,0,Short Circuit,none,0,""
#0106,0,1,0,1,0,1,1,0,0,0,0,0,010 101 100 000,short-circuit,0,Short Circuit,none,0,""
#0107,1,1,0,1,0,1,1,0,0,0,0,0,110 101 100 000,short-circuit,0,Short Circuit,none,0,""
#0108,0,0,1,1,0,1,1,0,0,0,0,0,001 101 100 000,short-circuit,0,Short Circuit,none,0,""
#0109,1,0,1,1,0,1,1,0,0,0,0,0,101 101 100 000,short-circuit,0,Short Circuit,none,0,""
#0110,0,1,1,1,0,1,1,0,0,0,0,0,011 101 100 000,short-circuit,0,Short Circuit,none,0,""
#0111,1,1,1,1,0,1,1,0,0,0,0,0,111 101 100 000,short-circuit,0,Short Circuit,none,0,""
#0112,0,0,0,0,1,1,1,0,0,0,0,0,000 011 100 000,valid,0,0 V (no output),none,0,""
#0113,1,0,0,0,1,1,1,0,0,0,0,0,100 011 100 000,valid,0,0 V (no output),none,0,""
#0114,0,1,0,0,1,1,1,0,0,0,0,0,010 011 100 000,valid,0,0 V (no output),none,0,""
#0115,1,1,0,0,1,1,1,0,0,0,0,0,110 011 100 000,short-circuit,0,Short Circuit,none,0,""
#0116,0,0,1,0,1,1,1,0,0,0,0,0,001 011 100 000,valid,0,0 V (no output),none,0,""
#0117,1,0,1,0,1,1,1,0,0,0,0,0,101 011 100 000,short-circuit,0,Short Circuit,none,0,""
#0118,0,1,1,0,1,1,1,0,0,0,0,0,011 011 100 000,short-circuit,0,Short Circuit,none,0,""
#0119,1,1,1,0,1,1,1,0,0,0,0,0,111 011 100 000,short-circuit,0,Short Circuit,none,0,""
#0120,0,0,0,1,1,1,1,0,0,0,0,0,000 111 100 000,short-circuit,0,Short Circuit,none,0,""
#0121,1,0,0,1,1,1,1,0,0,0,0,0,100 111 100 000,short-circuit,0,Short Circuit,none,0,""
#0122,0,1,0,1,1,1,1,0,0,0,0,0,010 111 100 000,short-circuit,0,Short Circuit,none,0,""
#0123,1,1,0,1,1,1,1,0,0,0,0,0,110 111 100 000,short-circuit,0,Short Circuit,none,0,""
#0124,0,0,1,1,1,1,1,0,0,0,0,0,001 111 100 000,short-circuit,0,Short Circuit,none,0,""
#0125,1,0,1,1,1,1,1,0,0,0,0,0,101 111 100 000,short-circuit,0,Short Circuit,none,0,""
#0126,0,1,1,1,1,1,1,0,0,0,0,0,011 111 100 000,short-circuit,0,Short Circuit,none,0,""
#0127,1,1,1,1,1,1,1,0,0,0,0,0,111 111 100 000,short-circuit,0,Short Circuit,none,0,""
#0128,0,0,0,0,0,0,0,1,0,0,0,0,000 000 010 000,valid,0,0 V (no output),none,0,""
#0129,1,0,0,0,0,0,0,1,0,0,0,0,100 000 010 000,valid,0,0 V (no output),none,0,""
#0130,0,1,0,0,0,0,0,1,0,0,0,0,010 000 010 000,valid,0,0 V (no output),none,0,""
#0131,1,1,0,0,0,0,0,1,0,0,0,0,110 000 010 000,valid,0,0 V (no output),none,0,""
#0132,0,0,1,0,0,0,0,1,0,0,0,0,001 000 010 000,valid,0,0 V (no output),none,0,""
#0133,1,0,1,0,0,0,0,1,0,0,0,0,101 000 010 000,valid,0,0 V (no output),none,0,""
#0134,0,1,1,0,0,0,0,1,0,0,0,0,011 000 010 000,valid,0,0 V (no output),none,0,""
#0135,1,1,1,0,0,0,0,1,0,0,0,0,111 000 010 000,valid,0,0 V (no output),none,0,""
#0136,0,0,0,1,0,0,0,1,0,0,0,0,000 100 010 000,valid,0,0 V (no output),none,0,""
#0137,1,0,0,1,0,0,0,1,0,0,0,0,100 100 010 000,valid,0,0 V (no output),none,0,""
#0138,0,1,0,1,0,0,0,1,0,0,0,0,010 100 010 000,valid,0,0 V (no output),none,0,""
#0139,1,1,0,1,0,0,0,1,0,0,0,0,110 100 010 000,valid,0,0 V (no output),none,0,""
#0140,0,0,1,1,0,0,0,1,0,0,0,0,001 100 010 000,valid,0,0 V (no output),none,0,""
#0141,1,0,1,1,0,0,0,1,0,0,0,0,101 100 010 000,short-circuit,0,Short Circuit,none,0,""
#0142,0,1,1,1,0,0,0,1,0,0,0,0,011 100 010 000,valid,0,0 V (no output),none,0,""
#0143,1,1,1,1,0,0,0,1,0,0,0,0,111 100 010 000,short-circuit,0,Short Circuit,none,0,""
#0144,0,0,0,0,1,0,0,1,0,0,0,0,000 010 010 000,valid,0,0 V (no output),none,0,""
#0145,1,0,0,0,1,0,0,1,0,0,0,0,100 010 010 000,valid,0,0 V (no output),none,0,""
#0146,0,1,0,0,1,0,0,1,0,0,0,0,010 010 010 000,valid,0,0 V (no output),none,0,""
#0147,1,1,0,0,1,0,0,1,0,0,0,0,110 010 010 000,valid,0,0 V (no output),none,0,""
#0148,0,0,1,0,1,0,0,1,0,0,0,0,001 010 010 000,valid,0,0 V (no output),none,0,""
#0149,1,0,1,0,1,0,0,1,0,0,0,0,101 010 010 000,valid,0,0 V (no output),none,0,""
#0150,0,1,1,0,1,0,0,1,0,0,0,0,011 010 010 000,short-circuit,0,Short Circuit,none,0,""
#0151,1,1,1,0,1,0,0,1,0,0,0,0,111 010 010 000,short-circuit,0,Short Circuit,none,0,""
#0152,0,0,0,1,1,0,0,1,0,0,0,0,000 110 010 000,valid,0,0 V (no output),none,0,""
#0153,1,0,0,1,1,0,0,1,0,0,0,0,100 110 010 000,valid,0,0 V (no output),none,0,""
#0154,0,1,0,1,1,0,0,1,0,0,0,0,010 110 010 000,valid,0,0 V (no output),none,0,""
#0155,1,1,0,1,1,0,0,1,0,0,0,0,110 110 010 000,valid,0,0 V (no output),none,0,""
#0156,0,0,1,1,1,0,0,1,0,0,0,0,001 110 010 000,valid,0,0 V (no output),none,0,""
#0157,1,0,1,1,1,0,0,1,0,0,0,0,101 110 010 000,short-circuit,0,Short Circuit,none,0,""
#0158,0,1,1,1,1,0,0,1,0,0,0,0,011 110 010 000,short-circuit,0,Short Circuit,none,0,""
#0159,1,1,1,1,1,0,0,1,0,0,0,0,111 110 010 000,short-circuit,0,Short Circuit,none,0,""
#0160,0,0,0,0,0,1,0,1,0,0,0,0,000 001 010 000,valid,0,0 V (no output),none,0,""
#0161,1,0,0,0,0,1,0,1,0,0,0,0,100 001 010 000,valid,0,0 V (no output),none,0,""
#0162,0,1,0,0,0,1,0,1,0,0,0,0,010 001 010 000,valid,0,0 V (no output),none,0,""
#0163,1,1,0,0,0,1,0,1,0,0,0,0,110 001 010 000,valid,0,0 V (no output),none,0,""
#0164,0,0,1,0,0,1,0,1,0,0,0,0,001 001 010 000,valid,0,0 V (no output),none,0,""
#0165,1,0,1,0,0,1,0,1,0,0,0,0,101 001 010 000,valid,0,0 V (no output),none,0,""
#0166,0,1,1,0,0,1,0,1,0,0,0,0,011 001 010 000,short-circuit,0,Short Circuit,none,0,""
#0167,1,1,1,0,0,1,0,1,0,0,0,0,111 001 010 000,short-circuit,0,Short Circuit,none,0,""
#0168,0,0,0,1,0,1,0,1,0,0,0,0,000 101 010 000,valid,0,0 V (no output),none,0,""
#0169,1,0,0,1,0,1,0,1,0,0,0,0,100 101 010 000,valid,0,0 V (no output),none,0,""
#0170,0,1,0,1,0,1,0,1,0,0,0,0,010 101 010 000,valid,0,0 V (no output),none,0,""
#0171,1,1,0,1,0,1,0,1,0,0,0,0,110 101 010 000,short-circuit,0,Short Circuit,none,0,""
#0172,0,0,1,1,0,1,0,1,0,0,0,0,001 101 010 000,valid,0,0 V (no output),none,0,""
#0173,1,0,1,1,0,1,0,1,0,0,0,0,101 101 010 000,short-circuit,0,Short Circuit,none,0,""
#0174,0,1,1,1,0,1,0,1,0,0,0,0,011 101 010 000,short-circuit,0,Short Circuit,none,0,""
#0175,1,1,1,1,0,1,0,1,0,0,0,0,111 101 010 000,short-circuit,0,Short Circuit,none,0,""
#0176,0,0,0,0,1,1,0,1,0,0,0,0,000 011 010 000,short-circuit,0,Short Circuit,none,0,""
#0177,1,0,0,0,1,1,0,1,0,0,0,0,100 011 010 000,short-circuit,0,Short Circuit,none,0,""
#0178,0,1,0,0,1,1,0,1,0,0,0,0,010 011 010 000,short-circuit,0,Short Circuit,none,0,""
#0179,1,1,0,0,1,1,0,1,0,0,0,0,110 011 010 000,short-circuit,0,Short Circuit,none,0,""
#0180,0,0,1,0,1,1,0,1,0,0,0,0,001 011 010 000,short-circuit,0,Short Circuit,none,0,""
#0181,1,0,1,0,1,1,0,1,0,0,0,0,101 011 010 000,short-circuit,0,Short Circuit,none,0,""
#0182,0,1,1,0,1,1,0,1,0,0,0,0,011 011 010 000,short-circuit,0,Short Circuit,none,0,""
#0183,1,1,1,0,1,1,0,1,0,0,0,0,111 011 010 000,short-circuit,0,Short Circuit,none,0,""
#0184,0,0,0,1,1,1,0,1,0,0,0,0,000 111 010 000,short-circuit,0,Short Circuit,none,0,""
#0185,1,0,0,1,1,1,0,1,0,0,0,0,100 111 010 000,short-circuit,0,Short Circuit,none,0,""
#0186,0,1,0,1,1,1,0,1,0,0,0,0,010 111 010 000,short-circuit,0,Short Circuit,none,0,""
#0187,1,1,0,1,1,1,0,1,0,0,0,0,110 111 010 000,short-circuit,0,Short Circuit,none,0,""
#0188,0,0,1,1,1,1,0,1,0,0,0,0,001 111 010 000,short-circuit,0,Short Circuit,none,0,""
#0189,1,0,1,1,1,1,0,1,0,0,0,0,101 111 010 000,short-circuit,0,Short Circuit,none,0,""
#0190,0,1,1,1,1,1,0,1,0,0,0,0,011 111 010 000,short-circuit,0,Short Circuit,none,0,""
#0191,1,1,1,1,1,1,0,1,0,0,0,0,111 111 010 000,short-circuit,0,Short Circuit,none,0,""
#0192,0,0,0,0,0,0,1,1,0,0,0,0,000 000 110 000,valid,0,0 V (no output),none,0,""
#0193,1,0,0,0,0,0,1,1,0,0,0,0,100 000 110 000,valid,0,0 V (no output),none,0,""
#0194,0,1,0,0,0,0,1,1,0,0,0,0,010 000 110 000,valid,0,0 V (no output),none,0,""
#0195,1,1,0,0,0,0,1,1,0,0,0,0,110 000 110 000,valid,0,0 V (no output),none,0,""
#0196,0,0,1,0,0,0,1,1,0,0,0,0,001 000 110 000,valid,0,0 V (no output),none,0,""
#0197,1,0,1,0,0,0,1,1,0,0,0,0,101 000 110 000,valid,0,0 V (no output),none,0,""
#0198,0,1,1,0,0,0,1,1,0,0,0,0,011 000 110 000,valid,0,0 V (no output),none,0,""
#0199,1,1,1,0,0,0,1,1,0,0,0,0,111 000 110 000,valid,0,0 V (no output),none,0,""
#0200,0,0,0,1,0,0,1,1,0,0,0,0,000 100 110 000,valid,0,0 V (no output),none,0,""
#0201,1,0,0,1,0,0,1,1,0,0,0,0,100 100 110 000,valid,0,0 V (no output),none,0,""
#0202,0,1,0,1,0,0,1,1,0,0,0,0,010 100 110 000,valid,0,0 V (no output),none,0,""
#0203,1,1,0,1,0,0,1,1,0,0,0,0,110 100 110 000,valid,0,0 V (no output),none,0,""
#0204,0,0,1,1,0,0,1,1,0,0,0,0,001 100 110 000,valid,0,0 V (no output),none,0,""
#0205,1,0,1,1,0,0,1,1,0,0,0,0,101 100 110 000,short-circuit,0,Short Circuit,none,0,""
#0206,0,1,1,1,0,0,1,1,0,0,0,0,011 100 110 000,short-circuit,0,Short Circuit,none,0,""
#0207,1,1,1,1,0,0,1,1,0,0,0,0,111 100 110 000,short-circuit,0,Short Circuit,none,0,""
#0208,0,0,0,0,1,0,1,1,0,0,0,0,000 010 110 000,valid,0,0 V (no output),none,0,""
#0209,1,0,0,0,1,0,1,1,0,0,0,0,100 010 110 000,valid,0,0 V (no output),none,0,""
#0210,0,1,0,0,1,0,1,1,0,0,0,0,010 010 110 000,valid,0,0 V (no output),none,0,""
#0211,1,1,0,0,1,0,1,1,0,0,0,0,110 010 110 000,valid,0,0 V (no output),none,0,""
#0212,0,0,1,0,1,0,1,1,0,0,0,0,001 010 110 000,valid,0,0 V (no output),none,0,""
#0213,1,0,1,0,1,0,1,1,0,0,0,0,101 010 110 000,short-circuit,0,Short Circuit,none,0,""
#0214,0,1,1,0,1,0,1,1,0,0,0,0,011 010 110 000,short-circuit,0,Short Circuit,none,0,""
#0215,1,1,1,0,1,0,1,1,0,0,0,0,111 010 110 000,short-circuit,0,Short Circuit,none,0,""
#0216,0,0,0,1,1,0,1,1,0,0,0,0,000 110 110 000,valid,0,0 V (no output),none,0,""
#0217,1,0,0,1,1,0,1,1,0,0,0,0,100 110 110 000,valid,0,0 V (no output),none,0,""
#0218,0,1,0,1,1,0,1,1,0,0,0,0,010 110 110 000,valid,0,0 V (no output),none,0,""
#0219,1,1,0,1,1,0,1,1,0,0,0,0,110 110 110 000,valid,0,0 V (no output),none,0,""
#0220,0,0,1,1,1,0,1,1,0,0,0,0,001 110 110 000,valid,0,0 V (no output),none,0,""
#0221,1,0,1,1,1,0,1,1,0,0,0,0,101 110 110 000,short-circuit,0,Short Circuit,none,0,""
#0222,0,1,1,1,1,0,1,1,0,0,0,0,011 110 110 000,short-circuit,0,Short Circuit,none,0,""
#0223,1,1,1,1,1,0,1,1,0,0,0,0,111 110 110 000,short-circuit,0,Short Circuit,none,0,""
#0224,0,0,0,0,0,1,1,1,0,0,0,0,000 001 110 000,valid,0,0 V (no output),none,0,""
#0225,1,0,0,0,0,1,1,1,0,0,0,0,100 001 110 000,valid,0,0 V (no output),none,0,""
#0226,0,1,0,0,0,1,1,1,0,0,0,0,010 001 110 000,valid,0,0 V (no output),none,0,""
#0227,1,1,0,0,0,1,1,1,0,0,0,0,110 001 110 000,valid,0,0 V (no output),none,0,""
#0228,0,0,1,0,0,1,1,1,0,0,0,0,001 001 110 000,valid,0,0 V (no output),none,0,""
#0229,1,0,1,0,0,1,1,1,0,0,0,0,101 001 110 000,short-circuit,0,Short Circuit,none,0,""
#0230,0,1,1,0,0,1,1,1,0,0,0,0,011 001 110 000,short-circuit,0,Short Circuit,none,0,""
#0231,1,1,1,0,0,1,1,1,0,0,0,0,111 001 110 000,short-circuit,0,Short Circuit,none,0,""
#0232,0,0,0,1,0,1,1,1,0,0,0,0,000 101 110 000,short-circuit,0,Short Circuit,none,0,""
#0233,1,0,0,1,0,1,1,1,0,0,0,0,100 101 110 000,short-circuit,0,Short Circuit,none,0,""
#0234,0,1,0,1,0,1,1,1,0,0,0,0,010 101 110 000,short-circuit,0,Short Circuit,none,0,""
#0235,1,1,0,1,0,1,1,1,0,0,0,0,110 101 110 000,short-circuit,0,Short Circuit,none,0,""
#0236,0,0,1,1,0,1,1,1,0,0,0,0,001 101 110 000,short-circuit,0,Short Circuit,none,0,""
#0237,1,0,1,1,0,1,1,1,0,0,0,0,101 101 110 000,short-circuit,0,Short Circuit,none,0,""
#0238,0,1,1,1,0,1,1,1,0,0,0,0,011 101 110 000,short-circuit,0,Short Circuit,none,0,""
#0239,1,1,1,1,0,1,1,1,0,0,0,0,111 101 110 000,short-circuit,0,Short Circuit,none,0,""
#0240,0,0,0,0,1,1,1,1,0,0,0,0,000 011 110 000,short-circuit,0,Short Circuit,none,0,""
#0241,1,0,0,0,1,1,1,1,0,0,0,0,100 011 110 000,short-circuit,0,Short Circuit,none,0,""
#0242,0,1,0,0,1,1,1,1,0,0,0,0,010 011 110 000,short-circuit,0,Short Circuit,none,0,""
#0243,1,1,0,0,1,1,1,1,0,0,0,0,110 011 110 000,short-circuit,0,Short Circuit,none,0,""
#0244,0,0,1,0,1,1,1,1,0,0,0,0,001 011 110 000,short-circuit,0,Short Circuit,none,0,""
#0245,1,0,1,0,1,1,1,1,0,0,0,0,101 011 110 000,short-circuit,0,Short Circuit,none,0,""
#0246,0,1,1,0,1,1,1,1,0,0,0,0,011 011 110 000,short-circuit,0,Short Circuit,none,0,""
#0247,1,1,1,0,1,1,1,1,0,0,0,0,111 011 110 000,short-circuit,0,Short Circuit,none,0,""
#0248,0,0,0,1,1,1,1,1,0,0,0,0,000 111 110 000,short-circuit,0,Short Circuit,none,0,""
#0249,1,0,0,1,1,1,1,1,0,0,0,0,100 111 110 000,short-circuit,0,Short Circuit,none,0,""
#0250,0,1,0,1,1,1,1,1,0,0,0,0,010 111 110 000,short-circuit,0,Short Circuit,none,0,""
#0251,1,1,0,1,1,1,1,1,0,0,0,0,110 111 110 000,short-circuit,0,Short Circuit,none,0,""
#0252,0,0,1,1,1,1,1,1,0,0,0,0,001 111 110 000,short-circuit,0,Short Circuit,none,0,""
#0253,1,0,1,1,1,1,1,1,0,0,0,0,101 111 110 000,short-circuit,0,Short Circuit,none,0,""
#0254,0,1,1,1,1,1,1,1,0,0,0,0,011 111 110 000,short-circuit,0,Short Circuit,none,0,""
#0255,1,1,1,1,1,1,1,1,0,0,0,0,111 111 110 000,short-circuit,0,Short Circuit,none,0,""
#0256,0,0,0,0,0,0,0,0,1,0,0,0,000 000 001 000,valid,0,0 V (no output),none,0,""
#0257,1,0,0,0,0,0,0,0,1,0,0,0,100 000 001 000,valid,0,0 V (no output),none,0,""
#0258,0,1,0,0,0,0,0,0,1,0,0,0,010 000 001 000,valid,0,0 V (no output),none,0,""
#0259,1,1,0,0,0,0,0,0,1,0,0,0,110 000 001 000,valid,0,0 V (no output),none,0,""
#0260,0,0,1,0,0,0,0,0,1,0,0,0,001 000 001 000,valid,0,0 V (no output),none,0,""
#0261,1,0,1,0,0,0,0,0,1,0,0,0,101 000 001 000,valid,0,0 V (no output),none,0,""
#0262,0,1,1,0,0,0,0,0,1,0,0,0,011 000 001 000,valid,0,0 V (no output),none,0,""
#0263,1,1,1,0,0,0,0,0,1,0,0,0,111 000 001 000,valid,0,0 V (no output),none,0,""
#0264,0,0,0,1,0,0,0,0,1,0,0,0,000 100 001 000,valid,0,0 V (no output),none,0,""
#0265,1,0,0,1,0,0,0,0,1,0,0,0,100 100 001 000,valid,0,0 V (no output),none,0,""
#0266,0,1,0,1,0,0,0,0,1,0,0,0,010 100 001 000,valid,0,0 V (no output),none,0,""
#0267,1,1,0,1,0,0,0,0,1,0,0,0,110 100 001 000,valid,0,0 V (no output),none,0,""
#0268,0,0,1,1,0,0,0,0,1,0,0,0,001 100 001 000,valid,0,0 V (no output),none,0,""
#0269,1,0,1,1,0,0,0,0,1,0,0,0,101 100 001 000,short-circuit,0,Short Circuit,none,0,""
#0270,0,1,1,1,0,0,0,0,1,0,0,0,011 100 001 000,valid,0,0 V (no output),none,0,""
#0271,1,1,1,1,0,0,0,0,1,0,0,0,111 100 001 000,short-circuit,0,Short Circuit,none,0,""
#0272,0,0,0,0,1,0,0,0,1,0,0,0,000 010 001 000,valid,0,0 V (no output),none,0,""
#0273,1,0,0,0,1,0,0,0,1,0,0,0,100 010 001 000,valid,0,0 V (no output),none,0,""
#0274,0,1,0,0,1,0,0,0,1,0,0,0,010 010 001 000,valid,0,0 V (no output),none,0,""
#0275,1,1,0,0,1,0,0,0,1,0,0,0,110 010 001 000,valid,0,0 V (no output),none,0,""
#0276,0,0,1,0,1,0,0,0,1,0,0,0,001 010 001 000,valid,0,0 V (no output),none,0,""
#0277,1,0,1,0,1,0,0,0,1,0,0,0,101 010 001 000,valid,0,0 V (no output),none,0,""
#0278,0,1,1,0,1,0,0,0,1,0,0,0,011 010 001 000,short-circuit,0,Short Circuit,none,0,""
#0279,1,1,1,0,1,0,0,0,1,0,0,0,111 010 001 000,short-circuit,0,Short Circuit,none,0,""
#0280,0,0,0,1,1,0,0,0,1,0,0,0,000 110 001 000,valid,0,0 V (no output),none,0,""
#0281,1,0,0,1,1,0,0,0,1,0,0,0,100 110 001 000,valid,0,0 V (no output),none,0,""
#0282,0,1,0,1,1,0,0,0,1,0,0,0,010 110 001 000,valid,0,0 V (no output),none,0,""
#0283,1,1,0,1,1,0,0,0,1,0,0,0,110 110 001 000,valid,0,0 V (no output),none,0,""
#0284,0,0,1,1,1,0,0,0,1,0,0,0,001 110 001 000,valid,0,0 V (no output),none,0,""
#0285,1,0,1,1,1,0,0,0,1,0,0,0,101 110 001 000,short-circuit,0,Short Circuit,none,0,""
#0286,0,1,1,1,1,0,0,0,1,0,0,0,011 110 001 000,short-circuit,0,Short Circuit,none,0,""
#0287,1,1,1,1,1,0,0,0,1,0,0,0,111 110 001 000,short-circuit,0,Short Circuit,none,0,""
#0288,0,0,0,0,0,1,0,0,1,0,0,0,000 001 001 000,valid,0,0 V (no output),none,0,""
#0289,1,0,0,0,0,1,0,0,1,0,0,0,100 001 001 000,valid,0,0 V (no output),none,0,""
#0290,0,1,0,0,0,1,0,0,1,0,0,0,010 001 001 000,valid,0,0 V (no output),none,0,""
#0291,1,1,0,0,0,1,0,0,1,0,0,0,110 001 001 000,valid,0,0 V (no output),none,0,""
#0292,0,0,1,0,0,1,0,0,1,0,0,0,001 001 001 000,valid,0,0 V (no output),none,0,""
#0293,1,0,1,0,0,1,0,0,1,0,0,0,101 001 001 000,valid,0,0 V (no output),none,0,""
#0294,0,1,1,0,0,1,0,0,1,0,0,0,011 001 001 000,valid,0,0 V (no output),none,0,""
#0295,1,1,1,0,0,1,0,0,1,0,0,0,111 001 001 000,valid,0,0 V (no output),none,0,""
#0296,0,0,0,1,0,1,0,0,1,0,0,0,000 101 001 000,valid,0,0 V (no output),none,0,""
#0297,1,0,0,1,0,1,0,0,1,0,0,0,100 101 001 000,valid,0,0 V (no output),none,0,""
#0298,0,1,0,1,0,1,0,0,1,0,0,0,010 101 001 000,valid,0,0 V (no output),none,0,""
#0299,1,1,0,1,0,1,0,0,1,0,0,0,110 101 001 000,valid,0,0 V (no output),none,0,""
#0300,0,0,1,1,0,1,0,0,1,0,0,0,001 101 001 000,valid,0,0 V (no output),none,0,""
#0301,1,0,1,1,0,1,0,0,1,0,0,0,101 101 001 000,short-circuit,0,Short Circuit,none,0,""
#0302,0,1,1,1,0,1,0,0,1,0,0,0,011 101 001 000,valid,0,0 V (no output),none,0,""
#0303,1,1,1,1,0,1,0,0,1,0,0,0,111 101 001 000,short-circuit,0,Short Circuit,none,0,""
#0304,0,0,0,0,1,1,0,0,1,0,0,0,000 011 001 000,valid,0,0 V (no output),none,0,""
#0305,1,0,0,0,1,1,0,0,1,0,0,0,100 011 001 000,valid,0,0 V (no output),none,0,""
#0306,0,1,0,0,1,1,0,0,1,0,0,0,010 011 001 000,valid,0,0 V (no output),none,0,""
#0307,1,1,0,0,1,1,0,0,1,0,0,0,110 011 001 000,valid,0,0 V (no output),none,0,""
#0308,0,0,1,0,1,1,0,0,1,0,0,0,001 011 001 000,valid,0,0 V (no output),none,0,""
#0309,1,0,1,0,1,1,0,0,1,0,0,0,101 011 001 000,valid,0,0 V (no output),none,0,""
#0310,0,1,1,0,1,1,0,0,1,0,0,0,011 011 001 000,short-circuit,0,Short Circuit,none,0,""
#0311,1,1,1,0,1,1,0,0,1,0,0,0,111 011 001 000,short-circuit,0,Short Circuit,none,0,""
#0312,0,0,0,1,1,1,0,0,1,0,0,0,000 111 001 000,valid,0,0 V (no output),none,0,""
#0313,1,0,0,1,1,1,0,0,1,0,0,0,100 111 001 000,valid,0,0 V (no output),none,0,""
#0314,0,1,0,1,1,1,0,0,1,0,0,0,010 111 001 000,valid,0,0 V (no output),none,0,""
#0315,1,1,0,1,1,1,0,0,1,0,0,0,110 111 001 000,valid,0,0 V (no output),none,0,""
#0316,0,0,1,1,1,1,0,0,1,0,0,0,001 111 001 000,valid,0,0 V (no output),none,0,""
#0317,1,0,1,1,1,1,0,0,1,0,0,0,101 111 001 000,short-circuit,0,Short Circuit,none,0,""
#0318,0,1,1,1,1,1,0,0,1,0,0,0,011 111 001 000,short-circuit,0,Short Circuit,none,0,""
#0319,1,1,1,1,1,1,0,0,1,0,0,0,111 111 001 000,short-circuit,0,Short Circuit,none,0,""
#0320,0,0,0,0,0,0,1,0,1,0,0,0,000 000 101 000,valid,0,0 V (no output),none,0,""
#0321,1,0,0,0,0,0,1,0,1,0,0,0,100 000 101 000,valid,0,0 V (no output),none,0,""
#0322,0,1,0,0,0,0,1,0,1,0,0,0,010 000 101 000,valid,0,0 V (no output),none,0,""
#0323,1,1,0,0,0,0,1,0,1,0,0,0,110 000 101 000,valid,0,0 V (no output),none,0,""
#0324,0,0,1,0,0,0,1,0,1,0,0,0,001 000 101 000,valid,0,0 V (no output),none,0,""
#0325,1,0,1,0,0,0,1,0,1,0,0,0,101 000 101 000,valid,0,0 V (no output),none,0,""
#0326,0,1,1,0,0,0,1,0,1,0,0,0,011 000 101 000,valid,0,0 V (no output),none,0,""
#0327,1,1,1,0,0,0,1,0,1,0,0,0,111 000 101 000,valid,0,0 V (no output),none,0,""
#0328,0,0,0,1,0,0,1,0,1,0,0,0,000 100 101 000,valid,0,0 V (no output),none,0,""
#0329,1,0,0,1,0,0,1,0,1,0,0,0,100 100 101 000,valid,0,0 V (no output),none,0,""
#0330,0,1,0,1,0,0,1,0,1,0,0,0,010 100 101 000,valid,0,0 V (no output),none,0,""
#0331,1,1,0,1,0,0,1,0,1,0,0,0,110 100 101 000,valid,0,0 V (no output),none,0,""
#0332,0,0,1,1,0,0,1,0,1,0,0,0,001 100 101 000,valid,0,0 V (no output),none,0,""
#0333,1,0,1,1,0,0,1,0,1,0,0,0,101 100 101 000,short-circuit,0,Short Circuit,none,0,""
#0334,0,1,1,1,0,0,1,0,1,0,0,0,011 100 101 000,valid,0,0 V (no output),none,0,""
#0335,1,1,1,1,0,0,1,0,1,0,0,0,111 100 101 000,short-circuit,0,Short Circuit,none,0,""
#0336,0,0,0,0,1,0,1,0,1,0,0,0,000 010 101 000,valid,0,0 V (no output),none,0,""
#0337,1,0,0,0,1,0,1,0,1,0,0,0,100 010 101 000,valid,0,0 V (no output),none,0,""
#0338,0,1,0,0,1,0,1,0,1,0,0,0,010 010 101 000,valid,0,0 V (no output),none,0,""
#0339,1,1,0,0,1,0,1,0,1,0,0,0,110 010 101 000,valid,0,0 V (no output),none,0,""
#0340,0,0,1,0,1,0,1,0,1,0,0,0,001 010 101 000,valid,0,0 V (no output),none,0,""
#0341,1,0,1,0,1,0,1,0,1,0,0,0,101 010 101 000,valid,0,0 V (no output),none,0,""
#0342,0,1,1,0,1,0,1,0,1,0,0,0,011 010 101 000,short-circuit,0,Short Circuit,none,0,""
#0343,1,1,1,0,1,0,1,0,1,0,0,0,111 010 101 000,short-circuit,0,Short Circuit,none,0,""
#0344,0,0,0,1,1,0,1,0,1,0,0,0,000 110 101 000,valid,0,0 V (no output),none,0,""
#0345,1,0,0,1,1,0,1,0,1,0,0,0,100 110 101 000,valid,0,0 V (no output),none,0,""
#0346,0,1,0,1,1,0,1,0,1,0,0,0,010 110 101 000,valid,0,0 V (no output),none,0,""
#0347,1,1,0,1,1,0,1,0,1,0,0,0,110 110 101 000,valid,0,0 V (no output),none,0,""
#0348,0,0,1,1,1,0,1,0,1,0,0,0,001 110 101 000,valid,0,0 V (no output),none,0,""
#0349,1,0,1,1,1,0,1,0,1,0,0,0,101 110 101 000,short-circuit,0,Short Circuit,none,0,""
#0350,0,1,1,1,1,0,1,0,1,0,0,0,011 110 101 000,short-circuit,0,Short Circuit,none,0,""
#0351,1,1,1,1,1,0,1,0,1,0,0,0,111 110 101 000,short-circuit,0,Short Circuit,none,0,""
#0352,0,0,0,0,0,1,1,0,1,0,0,0,000 001 101 000,valid,0,0 V (no output),none,0,""
#0353,1,0,0,0,0,1,1,0,1,0,0,0,100 001 101 000,valid,0,0 V (no output),none,0,""
#0354,0,1,0,0,0,1,1,0,1,0,0,0,010 001 101 000,valid,0,0 V (no output),none,0,""
#0355,1,1,0,0,0,1,1,0,1,0,0,0,110 001 101 000,valid,0,0 V (no output),none,0,""
#0356,0,0,1,0,0,1,1,0,1,0,0,0,001 001 101 000,valid,0,0 V (no output),none,0,""
#0357,1,0,1,0,0,1,1,0,1,0,0,0,101 001 101 000,short-circuit,0,Short Circuit,none,0,""
#0358,0,1,1,0,0,1,1,0,1,0,0,0,011 001 101 000,valid,0,0 V (no output),none,0,""
#0359,1,1,1,0,0,1,1,0,1,0,0,0,111 001 101 000,short-circuit,0,Short Circuit,none,0,""
#0360,0,0,0,1,0,1,1,0,1,0,0,0,000 101 101 000,short-circuit,0,Short Circuit,none,0,""
#0361,1,0,0,1,0,1,1,0,1,0,0,0,100 101 101 000,short-circuit,0,Short Circuit,none,0,""
#0362,0,1,0,1,0,1,1,0,1,0,0,0,010 101 101 000,short-circuit,0,Short Circuit,none,0,""
#0363,1,1,0,1,0,1,1,0,1,0,0,0,110 101 101 000,short-circuit,0,Short Circuit,none,0,""
#0364,0,0,1,1,0,1,1,0,1,0,0,0,001 101 101 000,short-circuit,0,Short Circuit,none,0,""
#0365,1,0,1,1,0,1,1,0,1,0,0,0,101 101 101 000,short-circuit,0,Short Circuit,none,0,""
#0366,0,1,1,1,0,1,1,0,1,0,0,0,011 101 101 000,short-circuit,0,Short Circuit,none,0,""
#0367,1,1,1,1,0,1,1,0,1,0,0,0,111 101 101 000,short-circuit,0,Short Circuit,none,0,""
#0368,0,0,0,0,1,1,1,0,1,0,0,0,000 011 101 000,valid,0,0 V (no output),none,0,""
#0369,1,0,0,0,1,1,1,0,1,0,0,0,100 011 101 000,valid,0,0 V (no output),none,0,""
#0370,0,1,0,0,1,1,1,0,1,0,0,0,010 011 101 000,valid,0,0 V (no output),none,0,""
#0371,1,1,0,0,1,1,1,0,1,0,0,0,110 011 101 000,short-circuit,0,Short Circuit,none,0,""
#0372,0,0,1,0,1,1,1,0,1,0,0,0,001 011 101 000,valid,0,0 V (no output),none,0,""
#0373,1,0,1,0,1,1,1,0,1,0,0,0,101 011 101 000,short-circuit,0,Short Circuit,none,0,""
#0374,0,1,1,0,1,1,1,0,1,0,0,0,011 011 101 000,short-circuit,0,Short Circuit,none,0,""
#0375,1,1,1,0,1,1,1,0,1,0,0,0,111 011 101 000,short-circuit,0,Short Circuit,none,0,""
#0376,0,0,0,1,1,1,1,0,1,0,0,0,000 111 101 000,short-circuit,0,Short Circuit,none,0,""
#0377,1,0,0,1,1,1,1,0,1,0,0,0,100 111 101 000,short-circuit,0,Short Circuit,none,0,""
#0378,0,1,0,1,1,1,1,0,1,0,0,0,010 111 101 000,short-circuit,0,Short Circuit,none,0,""
#0379,1,1,0,1,1,1,1,0,1,0,0,0,110 111 101 000,short-circuit,0,Short Circuit,none,0,""
#0380,0,0,1,1,1,1,1,0,1,0,0,0,001 111 101 000,short-circuit,0,Short Circuit,none,0,""
#0381,1,0,1,1,1,1,1,0,1,0,0,0,101 111 101 000,short-circuit,0,Short Circuit,none,0,""
#0382,0,1,1,1,1,1,1,0,1,0,0,0,011 111 101 000,short-circuit,0,Short Circuit,none,0,""
#0383,1,1,1,1,1,1,1,0,1,0,0,0,111 111 101 000,short-circuit,0,Short Circuit,none,0,""
#0384,0,0,0,0,0,0,0,1,1,0,0,0,000 000 011 000,valid,0,0 V (no output),none,0,""
#0385,1,0,0,0,0,0,0,1,1,0,0,0,100 000 011 000,valid,0,0 V (no output),none,0,""
#0386,0,1,0,0,0,0,0,1,1,0,0,0,010 000 011 000,valid,0,0 V (no output),none,0,""
#0387,1,1,0,0,0,0,0,1,1,0,0,0,110 000 011 000,valid,0,0 V (no output),none,0,""
#0388,0,0,1,0,0,0,0,1,1,0,0,0,001 000 011 000,valid,0,0 V (no output),none,0,""
#0389,1,0,1,0,0,0,0,1,1,0,0,0,101 000 011 000,valid,0,0 V (no output),none,0,""
#0390,0,1,1,0,0,0,0,1,1,0,0,0,011 000 011 000,valid,0,0 V (no output),none,0,""
#0391,1,1,1,0,0,0,0,1,1,0,0,0,111 000 011 000,valid,0,0 V (no output),none,0,""
#0392,0,0,0,1,0,0,0,1,1,0,0,0,000 100 011 000,valid,0,0 V (no output),none,0,""
#0393,1,0,0,1,0,0,0,1,1,0,0,0,100 100 011 000,valid,0,0 V (no output),none,0,""
#0394,0,1,0,1,0,0,0,1,1,0,0,0,010 100 011 000,valid,0,0 V (no output),none,0,""
#0395,1,1,0,1,0,0,0,1,1,0,0,0,110 100 011 000,valid,0,0 V (no output),none,0,""
#0396,0,0,1,1,0,0,0,1,1,0,0,0,001 100 011 000,valid,0,0 V (no output),none,0,""
#0397,1,0,1,1,0,0,0,1,1,0,0,0,101 100 011 000,short-circuit,0,Short Circuit,none,0,""
#0398,0,1,1,1,0,0,0,1,1,0,0,0,011 100 011 000,valid,0,0 V (no output),none,0,""
#0399,1,1,1,1,0,0,0,1,1,0,0,0,111 100 011 000,short-circuit,0,Short Circuit,none,0,""
#0400,0,0,0,0,1,0,0,1,1,0,0,0,000 010 011 000,valid,0,0 V (no output),none,0,""
#0401,1,0,0,0,1,0,0,1,1,0,0,0,100 010 011 000,valid,0,0 V (no output),none,0,""
#0402,0,1,0,0,1,0,0,1,1,0,0,0,010 010 011 000,valid,0,0 V (no output),none,0,""
#0403,1,1,0,0,1,0,0,1,1,0,0,0,110 010 011 000,valid,0,0 V (no output),none,0,""
#0404,0,0,1,0,1,0,0,1,1,0,0,0,001 010 011 000,valid,0,0 V (no output),none,0,""
#0405,1,0,1,0,1,0,0,1,1,0,0,0,101 010 011 000,valid,0,0 V (no output),none,0,""
#0406,0,1,1,0,1,0,0,1,1,0,0,0,011 010 011 000,short-circuit,0,Short Circuit,none,0,""
#0407,1,1,1,0,1,0,0,1,1,0,0,0,111 010 011 000,short-circuit,0,Short Circuit,none,0,""
#0408,0,0,0,1,1,0,0,1,1,0,0,0,000 110 011 000,valid,0,0 V (no output),none,0,""
#0409,1,0,0,1,1,0,0,1,1,0,0,0,100 110 011 000,valid,0,0 V (no output),none,0,""
#0410,0,1,0,1,1,0,0,1,1,0,0,0,010 110 011 000,valid,0,0 V (no output),none,0,""
#0411,1,1,0,1,1,0,0,1,1,0,0,0,110 110 011 000,valid,0,0 V (no output),none,0,""
#0412,0,0,1,1,1,0,0,1,1,0,0,0,001 110 011 000,valid,0,0 V (no output),none,0,""
#0413,1,0,1,1,1,0,0,1,1,0,0,0,101 110 011 000,short-circuit,0,Short Circuit,none,0,""
#0414,0,1,1,1,1,0,0,1,1,0,0,0,011 110 011 000,short-circuit,0,Short Circuit,none,0,""
#0415,1,1,1,1,1,0,0,1,1,0,0,0,111 110 011 000,short-circuit,0,Short Circuit,none,0,""
#0416,0,0,0,0,0,1,0,1,1,0,0,0,000 001 011 000,valid,0,0 V (no output),none,0,""
#0417,1,0,0,0,0,1,0,1,1,0,0,0,100 001 011 000,valid,0,0 V (no output),none,0,""
#0418,0,1,0,0,0,1,0,1,1,0,0,0,010 001 011 000,valid,0,0 V (no output),none,0,""
#0419,1,1,0,0,0,1,0,1,1,0,0,0,110 001 011 000,valid,0,0 V (no output),none,0,""
#0420,0,0,1,0,0,1,0,1,1,0,0,0,001 001 011 000,valid,0,0 V (no output),none,0,""
#0421,1,0,1,0,0,1,0,1,1,0,0,0,101 001 011 000,valid,0,0 V (no output),none,0,""
#0422,0,1,1,0,0,1,0,1,1,0,0,0,011 001 011 000,short-circuit,0,Short Circuit,none,0,""
#0423,1,1,1,0,0,1,0,1,1,0,0,0,111 001 011 000,short-circuit,0,Short Circuit,none,0,""
#0424,0,0,0,1,0,1,0,1,1,0,0,0,000 101 011 000,valid,0,0 V (no output),none,0,""
#0425,1,0,0,1,0,1,0,1,1,0,0,0,100 101 011 000,valid,0,0 V (no output),none,0,""
#0426,0,1,0,1,0,1,0,1,1,0,0,0,010 101 011 000,valid,0,0 V (no output),none,0,""
#0427,1,1,0,1,0,1,0,1,1,0,0,0,110 101 011 000,short-circuit,0,Short Circuit,none,0,""
#0428,0,0,1,1,0,1,0,1,1,0,0,0,001 101 011 000,valid,0,0 V (no output),none,0,""
#0429,1,0,1,1,0,1,0,1,1,0,0,0,101 101 011 000,short-circuit,0,Short Circuit,none,0,""
#0430,0,1,1,1,0,1,0,1,1,0,0,0,011 101 011 000,short-circuit,0,Short Circuit,none,0,""
#0431,1,1,1,1,0,1,0,1,1,0,0,0,111 101 011 000,short-circuit,0,Short Circuit,none,0,""
#0432,0,0,0,0,1,1,0,1,1,0,0,0,000 011 011 000,short-circuit,0,Short Circuit,none,0,""
#0433,1,0,0,0,1,1,0,1,1,0,0,0,100 011 011 000,short-circuit,0,Short Circuit,none,0,""
#0434,0,1,0,0,1,1,0,1,1,0,0,0,010 011 011 000,short-circuit,0,Short Circuit,none,0,""
#0435,1,1,0,0,1,1,0,1,1,0,0,0,110 011 011 000,short-circuit,0,Short Circuit,none,0,""
#0436,0,0,1,0,1,1,0,1,1,0,0,0,001 011 011 000,short-circuit,0,Short Circuit,none,0,""
#0437,1,0,1,0,1,1,0,1,1,0,0,0,101 011 011 000,short-circuit,0,Short Circuit,none,0,""
#0438,0,1,1,0,1,1,0,1,1,0,0,0,011 011 011 000,short-circuit,0,Short Circuit,none,0,""
#0439,1,1,1,0,1,1,0,1,1,0,0,0,111 011 011 000,short-circuit,0,Short Circuit,none,0,""
#0440,0,0,0,1,1,1,0,1,1,0,0,0,000 111 011 000,short-circuit,0,Short Circuit,none,0,""
#0441,1,0,0,1,1,1,0,1,1,0,0,0,100 111 011 000,short-circuit,0,Short Circuit,none,0,""
#0442,0,1,0,1,1,1,0,1,1,0,0,0,010 111 011 000,short-circuit,0,Short Circuit,none,0,""
#0443,1,1,0,1,1,1,0,1,1,0,0,0,110 111 011 000,short-circuit,0,Short Circuit,none,0,""
#0444,0,0,1,1,1,1,0,1,1,0,0,0,001 111 011 000,short-circuit,0,Short Circuit,none,0,""
#0445,1,0,1,1,1,1,0,1,1,0,0,0,101 111 011 000,short-circuit,0,Short Circuit,none,0,""
#0446,0,1,1,1,1,1,0,1,1,0,0,0,011 111 011 000,short-circuit,0,Short Circuit,none,0,""
#0447,1,1,1,1,1,1,0,1,1,0,0,0,111 111 011 000,short-circuit,0,Short Circuit,none,0,""
#0448,0,0,0,0,0,0,1,1,1,0,0,0,000 000 111 000,valid,0,0 V (no output),none,0,""
#0449,1,0,0,0,0,0,1,1,1,0,0,0,100 000 111 000,valid,0,0 V (no output),none,0,""
#0450,0,1,0,0,0,0,1,1,1,0,0,0,010 000 111 000,valid,0,0 V (no output),none,0,""
#0451,1,1,0,0,0,0,1,1,1,0,0,0,110 000 111 000,valid,0,0 V (no output),none,0,""
#0452,0,0,1,0,0,0,1,1,1,0,0,0,001 000 111 000,valid,0,0 V (no output),none,0,""
#0453,1,0,1,0,0,0,1,1,1,0,0,0,101 000 111 000,valid,0,0 V (no output),none,0,""
#0454,0,1,1,0,0,0,1,1,1,0,0,0,011 000 111 000,valid,0,0 V (no output),none,0,""
#0455,1,1,1,0,0,0,1,1,1,0,0,0,111 000 111 000,valid,0,0 V (no output),none,0,""
#0456,0,0,0,1,0,0,1,1,1,0,0,0,000 100 111 000,valid,0,0 V (no output),none,0,""
#0457,1,0,0,1,0,0,1,1,1,0,0,0,100 100 111 000,valid,0,0 V (no output),none,0,""
#0458,0,1,0,1,0,0,1,1,1,0,0,0,010 100 111 000,valid,0,0 V (no output),none,0,""
#0459,1,1,0,1,0,0,1,1,1,0,0,0,110 100 111 000,valid,0,0 V (no output),none,0,""
#0460,0,0,1,1,0,0,1,1,1,0,0,0,001 100 111 000,valid,0,0 V (no output),none,0,""
#0461,1,0,1,1,0,0,1,1,1,0,0,0,101 100 111 000,short-circuit,0,Short Circuit,none,0,""
#0462,0,1,1,1,0,0,1,1,1,0,0,0,011 100 111 000,short-circuit,0,Short Circuit,none,0,""
#0463,1,1,1,1,0,0,1,1,1,0,0,0,111 100 111 000,short-circuit,0,Short Circuit,none,0,""
#0464,0,0,0,0,1,0,1,1,1,0,0,0,000 010 111 000,valid,0,0 V (no output),none,0,""
#0465,1,0,0,0,1,0,1,1,1,0,0,0,100 010 111 000,valid,0,0 V (no output),none,0,""
#0466,0,1,0,0,1,0,1,1,1,0,0,0,010 010 111 000,valid,0,0 V (no output),none,0,""
#0467,1,1,0,0,1,0,1,1,1,0,0,0,110 010 111 000,valid,0,0 V (no output),none,0,""
#0468,0,0,1,0,1,0,1,1,1,0,0,0,001 010 111 000,valid,0,0 V (no output),none,0,""
#0469,1,0,1,0,1,0,1,1,1,0,0,0,101 010 111 000,short-circuit,0,Short Circuit,none,0,""
#0470,0,1,1,0,1,0,1,1,1,0,0,0,011 010 111 000,short-circuit,0,Short Circuit,none,0,""
#0471,1,1,1,0,1,0,1,1,1,0,0,0,111 010 111 000,short-circuit,0,Short Circuit,none,0,""
#0472,0,0,0,1,1,0,1,1,1,0,0,0,000 110 111 000,valid,0,0 V (no output),none,0,""
#0473,1,0,0,1,1,0,1,1,1,0,0,0,100 110 111 000,valid,0,0 V (no output),none,0,""
#0474,0,1,0,1,1,0,1,1,1,0,0,0,010 110 111 000,valid,0,0 V (no output),none,0,""
#0475,1,1,0,1,1,0,1,1,1,0,0,0,110 110 111 000,valid,0,0 V (no output),none,0,""
#0476,0,0,1,1,1,0,1,1,1,0,0,0,001 110 111 000,valid,0,0 V (no output),none,0,""
#0477,1,0,1,1,1,0,1,1,1,0,0,0,101 110 111 000,short-circuit,0,Short Circuit,none,0,""
#0478,0,1,1,1,1,0,1,1,1,0,0,0,011 110 111 000,short-circuit,0,Short Circuit,none,0,""
#0479,1,1,1,1,1,0,1,1,1,0,0,0,111 110 111 000,short-circuit,0,Short Circuit,none,0,""
#0480,0,0,0,0,0,1,1,1,1,0,0,0,000 001 111 000,valid,0,0 V (no output),none,0,""
#0481,1,0,0,0,0,1,1,1,1,0,0,0,100 001 111 000,valid,0,0 V (no output),none,0,""
#0482,0,1,0,0,0,1,1,1,1,0,0,0,010 001 111 000,valid,0,0 V (no output),none,0,""
#0483,1,1,0,0,0,1,1,1,1,0,0,0,110 001 111 000,valid,0,0 V (no output),none,0,""
#0484,0,0,1,0,0,1,1,1,1,0,0,0,001 001 111 000,valid,0,0 V (no output),none,0,""
#0485,1,0,1,0,0,1,1,1,1,0,0,0,101 001 111 000,short-circuit,0,Short Circuit,none,0,""
#0486,0,1,1,0,0,1,1,1,1,0,0,0,011 001 111 000,short-circuit,0,Short Circuit,none,0,""
#0487,1,1,1,0,0,1,1,1,1,0,0,0,111 001 111 000,short-circuit,0,Short Circuit,none,0,""
#0488,0,0,0,1,0,1,1,1,1,0,0,0,000 101 111 000,short-circuit,0,Short Circuit,none,0,""
#0489,1,0,0,1,0,1,1,1,1,0,0,0,100 101 111 000,short-circuit,0,Short Circuit,none,0,""
#0490,0,1,0,1,0,1,1,1,1,0,0,0,010 101 111 000,short-circuit,0,Short Circuit,none,0,""
#0491,1,1,0,1,0,1,1,1,1,0,0,0,110 101 111 000,short-circuit,0,Short Circuit,none,0,""
#0492,0,0,1,1,0,1,1,1,1,0,0,0,001 101 111 000,short-circuit,0,Short Circuit,none,0,""
#0493,1,0,1,1,0,1,1,1,1,0,0,0,101 101 111 000,short-circuit,0,Short Circuit,none,0,""
#0494,0,1,1,1,0,1,1,1,1,0,0,0,011 101 111 000,short-circuit,0,Short Circuit,none,0,""
#0495,1,1,1,1,0,1,1,1,1,0,0,0,111 101 111 000,short-circuit,0,Short Circuit,none,0,""
#0496,0,0,0,0,1,1,1,1,1,0,0,0,000 011 111 000,short-circuit,0,Short Circuit,none,0,""
#0497,1,0,0,0,1,1,1,1,1,0,0,0,100 011 111 000,short-circuit,0,Short Circuit,none,0,""
#0498,0,1,0,0,1,1,1,1,1,0,0,0,010 011 111 000,short-circuit,0,Short Circuit,none,0,""
#0499,1,1,0,0,1,1,1,1,1,0,0,0,110 011 111 000,short-circuit,0,Short Circuit,none,0,""
#0500,0,0,1,0,1,1,1,1,1,0,0,0,001 011 111 000,short-circuit,0,Short Circuit,none,0,""
#0501,1,0,1,0,1,1,1,1,1,0,0,0,101 011 111 000,short-circuit,0,Short Circuit,none,0,""
#0502,0,1,1,0,1,1,1,1,1,0,0,0,011 011 111 000,short-circuit,0,Short Circuit,none,0,""
#0503,1,1,1,0,1,1,1,1,1,0,0,0,111 011 111 000,short-circuit,0,Short Circuit,none,0,""
#0504,0,0,0,1,1,1,1,1,1,0,0,0,000 111 111 000,short-circuit,0,Short Circuit,none,0,""
#0505,1,0,0,1,1,1,1,1,1,0,0,0,100 111 111 000,short-circuit,0,Short Circuit,none,0,""
#0506,0,1,0,1,1,1,1,1,1,0,0,0,010 111 111 000,short-circuit,0,Short Circuit,none,0,""
#0507,1,1,0,1,1,1,1,1,1,0,0,0,110 111 111 000,short-circuit,0,Short Circuit,none,0,""
#0508,0,0,1,1,1,1,1,1,1,0,0,0,001 111 111 000,short-circuit,0,Short Circuit,none,0,""
#0509,1,0,1,1,1,1,1,1,1,0,0,0,101 111 111 000,short-circuit,0,Short Circuit,none,0,""
#0510,0,1,1,1,1,1,1,1,1,0,0,0,011 111 111 000,short-circuit,0,Short Circuit,none,0,""
#0511,1,1,1,1,1,1,1,1,1,0,0,0,111 111 111 000,short-circuit,0,Short Circuit,none,0,""
#0512,0,0,0,0,0,0,0,0,0,1,0,0,000 000 000 100,valid,0,0 V (no output),none,0,""
#0513,1,0,0,0,0,0,0,0,0,1,0,0,100 000 000 100,valid,0,0 V (no output),none,0,""
#0514,0,1,0,0,0,0,0,0,0,1,0,0,010 000 000 100,valid,0,0 V (no output),none,0,""
#0515,1,1,0,0,0,0,0,0,0,1,0,0,110 000 000 100,valid,0,0 V (no output),none,0,""
#0516,0,0,1,0,0,0,0,0,0,1,0,0,001 000 000 100,valid,0,0 V (no output),none,0,""
#0517,1,0,1,0,0,0,0,0,0,1,0,0,101 000 000 100,valid,0,0 V (no output),none,0,""
#0518,0,1,1,0,0,0,0,0,0,1,0,0,011 000 000 100,valid,0,0 V (no output),none,0,""
#0519,1,1,1,0,0,0,0,0,0,1,0,0,111 000 000 100,valid,0,0 V (no output),none,0,""
#0520,0,0,0,1,0,0,0,0,0,1,0,0,000 100 000 100,valid,0,0 V (no output),none,0,""
#0521,1,0,0,1,0,0,0,0,0,1,0,0,100 100 000 100,valid,0,0 V (no output),none,0,""
#0522,0,1,0,1,0,0,0,0,0,1,0,0,010 100 000 100,valid,0,0 V (no output),none,0,""
#0523,1,1,0,1,0,0,0,0,0,1,0,0,110 100 000 100,valid,0,0 V (no output),none,0,""
#0524,0,0,1,1,0,0,0,0,0,1,0,0,001 100 000 100,valid,0,0 V (no output),none,0,""
#0525,1,0,1,1,0,0,0,0,0,1,0,0,101 100 000 100,short-circuit,0,Short Circuit,none,0,""
#0526,0,1,1,1,0,0,0,0,0,1,0,0,011 100 000 100,valid,0,0 V (no output),none,0,""
#0527,1,1,1,1,0,0,0,0,0,1,0,0,111 100 000 100,short-circuit,0,Short Circuit,none,0,""
#0528,0,0,0,0,1,0,0,0,0,1,0,0,000 010 000 100,valid,0,0 V (no output),none,0,""
#0529,1,0,0,0,1,0,0,0,0,1,0,0,100 010 000 100,valid,0,0 V (no output),none,0,""
#0530,0,1,0,0,1,0,0,0,0,1,0,0,010 010 000 100,valid,0,0 V (no output),none,0,""
#0531,1,1,0,0,1,0,0,0,0,1,0,0,110 010 000 100,valid,0,0 V (no output),none,0,""
#0532,0,0,1,0,1,0,0,0,0,1,0,0,001 010 000 100,valid,0,0 V (no output),none,0,""
#0533,1,0,1,0,1,0,0,0,0,1,0,0,101 010 000 100,valid,0,0 V (no output),none,0,""
#0534,0,1,1,0,1,0,0,0,0,1,0,0,011 010 000 100,short-circuit,0,Short Circuit,none,0,""
#0535,1,1,1,0,1,0,0,0,0,1,0,0,111 010 000 100,short-circuit,0,Short Circuit,none,0,""
#0536,0,0,0,1,1,0,0,0,0,1,0,0,000 110 000 100,valid,0,0 V (no output),none,0,""
#0537,1,0,0,1,1,0,0,0,0,1,0,0,100 110 000 100,valid,0,0 V (no output),none,0,""
#0538,0,1,0,1,1,0,0,0,0,1,0,0,010 110 000 100,valid,0,0 V (no output),none,0,""
#0539,1,1,0,1,1,0,0,0,0,1,0,0,110 110 000 100,valid,0,0 V (no output),none,0,""
#0540,0,0,1,1,1,0,0,0,0,1,0,0,001 110 000 100,valid,0,0 V (no output),none,0,""
#0541,1,0,1,1,1,0,0,0,0,1,0,0,101 110 000 100,short-circuit,0,Short Circuit,none,0,""
#0542,0,1,1,1,1,0,0,0,0,1,0,0,011 110 000 100,short-circuit,0,Short Circuit,none,0,""
#0543,1,1,1,1,1,0,0,0,0,1,0,0,111 110 000 100,short-circuit,0,Short Circuit,none,0,""
#0544,0,0,0,0,0,1,0,0,0,1,0,0,000 001 000 100,valid,0,0 V (no output),none,0,""
#0545,1,0,0,0,0,1,0,0,0,1,0,0,100 001 000 100,valid,0,0 V (no output),none,0,""
#0546,0,1,0,0,0,1,0,0,0,1,0,0,010 001 000 100,valid,0,0 V (no output),none,0,""
#0547,1,1,0,0,0,1,0,0,0,1,0,0,110 001 000 100,valid,0,0 V (no output),none,0,""
#0548,0,0,1,0,0,1,0,0,0,1,0,0,001 001 000 100,valid,0,0 V (no output),none,0,""
#0549,1,0,1,0,0,1,0,0,0,1,0,0,101 001 000 100,valid,0,0 V (no output),none,0,""
#0550,0,1,1,0,0,1,0,0,0,1,0,0,011 001 000 100,valid,0,0 V (no output),none,0,""
#0551,1,1,1,0,0,1,0,0,0,1,0,0,111 001 000 100,valid,0,0 V (no output),none,0,""
#0552,0,0,0,1,0,1,0,0,0,1,0,0,000 101 000 100,valid,0,0 V (no output),none,0,""
#0553,1,0,0,1,0,1,0,0,0,1,0,0,100 101 000 100,valid,0,0 V (no output),none,0,""
#0554,0,1,0,1,0,1,0,0,0,1,0,0,010 101 000 100,valid,0,0 V (no output),none,0,""
#0555,1,1,0,1,0,1,0,0,0,1,0,0,110 101 000 100,valid,0,0 V (no output),none,0,""
#0556,0,0,1,1,0,1,0,0,0,1,0,0,001 101 000 100,valid,0,0 V (no output),none,0,""
#0557,1,0,1,1,0,1,0,0,0,1,0,0,101 101 000 100,short-circuit,0,Short Circuit,none,0,""
#0558,0,1,1,1,0,1,0,0,0,1,0,0,011 101 000 100,valid,0,0 V (no output),none,0,""
#0559,1,1,1,1,0,1,0,0,0,1,0,0,111 101 000 100,short-circuit,0,Short Circuit,none,0,""
#0560,0,0,0,0,1,1,0,0,0,1,0,0,000 011 000 100,valid,0,0 V (no output),none,0,""
#0561,1,0,0,0,1,1,0,0,0,1,0,0,100 011 000 100,valid,0,0 V (no output),none,0,""
#0562,0,1,0,0,1,1,0,0,0,1,0,0,010 011 000 100,valid,0,0 V (no output),none,0,""
#0563,1,1,0,0,1,1,0,0,0,1,0,0,110 011 000 100,valid,0,0 V (no output),none,0,""
#0564,0,0,1,0,1,1,0,0,0,1,0,0,001 011 000 100,valid,0,0 V (no output),none,0,""
#0565,1,0,1,0,1,1,0,0,0,1,0,0,101 011 000 100,valid,0,0 V (no output),none,0,""
#0566,0,1,1,0,1,1,0,0,0,1,0,0,011 011 000 100,short-circuit,0,Short Circuit,none,0,""
#0567,1,1,1,0,1,1,0,0,0,1,0,0,111 011 000 100,short-circuit,0,Short Circuit,none,0,""
#0568,0,0,0,1,1,1,0,0,0,1,0,0,000 111 000 100,valid,0,0 V (no output),none,0,""
#0569,1,0,0,1,1,1,0,0,0,1,0,0,100 111 000 100,valid,0,0 V (no output),none,0,""
#0570,0,1,0,1,1,1,0,0,0,1,0,0,010 111 000 100,valid,0,0 V (no output),none,0,""
#0571,1,1,0,1,1,1,0,0,0,1,0,0,110 111 000 100,valid,0,0 V (no output),none,0,""
#0572,0,0,1,1,1,1,0,0,0,1,0,0,001 111 000 100,valid,0,0 V (no output),none,0,""
#0573,1,0,1,1,1,1,0,0,0,1,0,0,101 111 000 100,short-circuit,0,Short Circuit,none,0,""
#0574,0,1,1,1,1,1,0,0,0,1,0,0,011 111 000 100,short-circuit,0,Short Circuit,none,0,""
#0575,1,1,1,1,1,1,0,0,0,1,0,0,111 111 000 100,short-circuit,0,Short Circuit,none,0,""
#0576,0,0,0,0,0,0,1,0,0,1,0,0,000 000 100 100,valid,0,0 V (no output),none,0,""
#0577,1,0,0,0,0,0,1,0,0,1,0,0,100 000 100 100,valid,0,0 V (no output),none,0,""
#0578,0,1,0,0,0,0,1,0,0,1,0,0,010 000 100 100,valid,0,0 V (no output),none,0,""
#0579,1,1,0,0,0,0,1,0,0,1,0,0,110 000 100 100,valid,0,0 V (no output),none,0,""
#0580,0,0,1,0,0,0,1,0,0,1,0,0,001 000 100 100,valid,0,0 V (no output),none,0,""
#0581,1,0,1,0,0,0,1,0,0,1,0,0,101 000 100 100,valid,0,0 V (no output),none,0,""
#0582,0,1,1,0,0,0,1,0,0,1,0,0,011 000 100 100,valid,0,0 V (no output),none,0,""
#0583,1,1,1,0,0,0,1,0,0,1,0,0,111 000 100 100,valid,0,0 V (no output),none,0,""
#0584,0,0,0,1,0,0,1,0,0,1,0,0,000 100 100 100,valid,0,0 V (no output),none,0,""
#0585,1,0,0,1,0,0,1,0,0,1,0,0,100 100 100 100,valid,0,0 V (no output),none,0,""
#0586,0,1,0,1,0,0,1,0,0,1,0,0,010 100 100 100,valid,0,0 V (no output),none,0,""
#0587,1,1,0,1,0,0,1,0,0,1,0,0,110 100 100 100,valid,0,0 V (no output),none,0,""
#0588,0,0,1,1,0,0,1,0,0,1,0,0,001 100 100 100,valid,0,0 V (no output),none,0,""
#0589,1,0,1,1,0,0,1,0,0,1,0,0,101 100 100 100,short-circuit,0,Short Circuit,none,0,""
#0590,0,1,1,1,0,0,1,0,0,1,0,0,011 100 100 100,valid,0,0 V (no output),none,0,""
#0591,1,1,1,1,0,0,1,0,0,1,0,0,111 100 100 100,short-circuit,0,Short Circuit,none,0,""
#0592,0,0,0,0,1,0,1,0,0,1,0,0,000 010 100 100,valid,0,0 V (no output),none,0,""
#0593,1,0,0,0,1,0,1,0,0,1,0,0,100 010 100 100,valid,0,0 V (no output),none,0,""
#0594,0,1,0,0,1,0,1,0,0,1,0,0,010 010 100 100,valid,0,0 V (no output),none,0,""
#0595,1,1,0,0,1,0,1,0,0,1,0,0,110 010 100 100,valid,0,0 V (no output),none,0,""
#0596,0,0,1,0,1,0,1,0,0,1,0,0,001 010 100 100,valid,0,0 V (no output),none,0,""
#0597,1,0,1,0,1,0,1,0,0,1,0,0,101 010 100 100,valid,0,0 V (no output),none,0,""
#0598,0,1,1,0,1,0,1,0,0,1,0,0,011 010 100 100,short-circuit,0,Short Circuit,none,0,""
#0599,1,1,1,0,1,0,1,0,0,1,0,0,111 010 100 100,short-circuit,0,Short Circuit,none,0,""
#0600,0,0,0,1,1,0,1,0,0,1,0,0,000 110 100 100,valid,0,0 V (no output),none,0,""
#0601,1,0,0,1,1,0,1,0,0,1,0,0,100 110 100 100,valid,0,0 V (no output),none,0,""
#0602,0,1,0,1,1,0,1,0,0,1,0,0,010 110 100 100,valid,0,0 V (no output),none,0,""
#0603,1,1,0,1,1,0,1,0,0,1,0,0,110 110 100 100,valid,0,0 V (no output),none,0,""
#0604,0,0,1,1,1,0,1,0,0,1,0,0,001 110 100 100,valid,0,0 V (no output),none,0,""
#0605,1,0,1,1,1,0,1,0,0,1,0,0,101 110 100 100,short-circuit,0,Short Circuit,none,0,""
#0606,0,1,1,1,1,0,1,0,0,1,0,0,011 110 100 100,short-circuit,0,Short Circuit,none,0,""
#0607,1,1,1,1,1,0,1,0,0,1,0,0,111 110 100 100,short-circuit,0,Short Circuit,none,0,""
#0608,0,0,0,0,0,1,1,0,0,1,0,0,000 001 100 100,valid,0,0 V (no output),none,0,""
#0609,1,0,0,0,0,1,1,0,0,1,0,0,100 001 100 100,valid,0,0 V (no output),none,0,""
#0610,0,1,0,0,0,1,1,0,0,1,0,0,010 001 100 100,valid,0,0 V (no output),none,0,""
#0611,1,1,0,0,0,1,1,0,0,1,0,0,110 001 100 100,valid,0,0 V (no output),none,0,""
#0612,0,0,1,0,0,1,1,0,0,1,0,0,001 001 100 100,valid,0,0 V (no output),none,0,""
#0613,1,0,1,0,0,1,1,0,0,1,0,0,101 001 100 100,short-circuit,0,Short Circuit,none,0,""
#0614,0,1,1,0,0,1,1,0,0,1,0,0,011 001 100 100,valid,0,0 V (no output),none,0,""
#0615,1,1,1,0,0,1,1,0,0,1,0,0,111 001 100 100,short-circuit,0,Short Circuit,none,0,""
#0616,0,0,0,1,0,1,1,0,0,1,0,0,000 101 100 100,short-circuit,0,Short Circuit,none,0,""
#0617,1,0,0,1,0,1,1,0,0,1,0,0,100 101 100 100,short-circuit,0,Short Circuit,none,0,""
#0618,0,1,0,1,0,1,1,0,0,1,0,0,010 101 100 100,short-circuit,0,Short Circuit,none,0,""
#0619,1,1,0,1,0,1,1,0,0,1,0,0,110 101 100 100,short-circuit,0,Short Circuit,none,0,""
#0620,0,0,1,1,0,1,1,0,0,1,0,0,001 101 100 100,short-circuit,0,Short Circuit,none,0,""
#0621,1,0,1,1,0,1,1,0,0,1,0,0,101 101 100 100,short-circuit,0,Short Circuit,none,0,""
#0622,0,1,1,1,0,1,1,0,0,1,0,0,011 101 100 100,short-circuit,0,Short Circuit,none,0,""
#0623,1,1,1,1,0,1,1,0,0,1,0,0,111 101 100 100,short-circuit,0,Short Circuit,none,0,""
#0624,0,0,0,0,1,1,1,0,0,1,0,0,000 011 100 100,valid,0,0 V (no output),none,0,""
#0625,1,0,0,0,1,1,1,0,0,1,0,0,100 011 100 100,valid,0,0 V (no output),none,0,""
#0626,0,1,0,0,1,1,1,0,0,1,0,0,010 011 100 100,valid,0,0 V (no output),none,0,""
#0627,1,1,0,0,1,1,1,0,0,1,0,0,110 011 100 100,short-circuit,0,Short Circuit,none,0,""
#0628,0,0,1,0,1,1,1,0,0,1,0,0,001 011 100 100,valid,0,0 V (no output),none,0,""
#0629,1,0,1,0,1,1,1,0,0,1,0,0,101 011 100 100,short-circuit,0,Short Circuit,none,0,""
#0630,0,1,1,0,1,1,1,0,0,1,0,0,011 011 100 100,short-circuit,0,Short Circuit,none,0,""
#0631,1,1,1,0,1,1,1,0,0,1,0,0,111 011 100 100,short-circuit,0,Short Circuit,none,0,""
#0632,0,0,0,1,1,1,1,0,0,1,0,0,000 111 100 100,short-circuit,0,Short Circuit,none,0,""
#0633,1,0,0,1,1,1,1,0,0,1,0,0,100 111 100 100,short-circuit,0,Short Circuit,none,0,""
#0634,0,1,0,1,1,1,1,0,0,1,0,0,010 111 100 100,short-circuit,0,Short Circuit,none,0,""
#0635,1,1,0,1,1,1,1,0,0,1,0,0,110 111 100 100,short-circuit,0,Short Circuit,none,0,""
#0636,0,0,1,1,1,1,1,0,0,1,0,0,001 111 100 100,short-circuit,0,Short Circuit,none,0,""
#0637,1,0,1,1,1,1,1,0,0,1,0,0,101 111 100 100,short-circuit,0,Short Circuit,none,0,""
#0638,0,1,1,1,1,1,1,0,0,1,0,0,011 111 100 100,short-circuit,0,Short Circuit,none,0,""
#0639,1,1,1,1,1,1,1,0,0,1,0,0,111 111 100 100,short-circuit,0,Short Circuit,none,0,""
#0640,0,0,0,0,0,0,0,1,0,1,0,0,000 000 010 100,valid,0,0 V (no output),none,0,""
#0641,1,0,0,0,0,0,0,1,0,1,0,0,100 000 010 100,valid,0,0 V (no output),none,0,""
#0642,0,1,0,0,0,0,0,1,0,1,0,0,010 000 010 100,valid,0,0 V (no output),none,0,""
#0643,1,1,0,0,0,0,0,1,0,1,0,0,110 000 010 100,valid,0,0 V (no output),none,0,""
#0644,0,0,1,0,0,0,0,1,0,1,0,0,001 000 010 100,valid,0,0 V (no output),none,0,""
#0645,1,0,1,0,0,0,0,1,0,1,0,0,101 000 010 100,valid,0,0 V (no output),none,0,""
#0646,0,1,1,0,0,0,0,1,0,1,0,0,011 000 010 100,valid,0,0 V (no output),none,0,""
#0647,1,1,1,0,0,0,0,1,0,1,0,0,111 000 010 100,valid,0,0 V (no output),none,0,""
#0648,0,0,0,1,0,0,0,1,0,1,0,0,000 100 010 100,valid,0,0 V (no output),none,0,""
#0649,1,0,0,1,0,0,0,1,0,1,0,0,100 100 010 100,valid,0,0 V (no output),none,0,""
#0650,0,1,0,1,0,0,0,1,0,1,0,0,010 100 010 100,valid,0,0 V (no output),none,0,""
#0651,1,1,0,1,0,0,0,1,0,1,0,0,110 100 010 100,valid,0,0 V (no output),none,0,""
#0652,0,0,1,1,0,0,0,1,0,1,0,0,001 100 010 100,valid,0,0 V (no output),none,0,""
#0653,1,0,1,1,0,0,0,1,0,1,0,0,101 100 010 100,short-circuit,0,Short Circuit,none,0,""
#0654,0,1,1,1,0,0,0,1,0,1,0,0,011 100 010 100,valid,0,0 V (no output),none,0,""
#0655,1,1,1,1,0,0,0,1,0,1,0,0,111 100 010 100,short-circuit,0,Short Circuit,none,0,""
#0656,0,0,0,0,1,0,0,1,0,1,0,0,000 010 010 100,valid,0,0 V (no output),none,0,""
#0657,1,0,0,0,1,0,0,1,0,1,0,0,100 010 010 100,valid,0,0 V (no output),none,0,""
#0658,0,1,0,0,1,0,0,1,0,1,0,0,010 010 010 100,valid,0,0 V (no output),none,0,""
#0659,1,1,0,0,1,0,0,1,0,1,0,0,110 010 010 100,valid,0,0 V (no output),none,0,""
#0660,0,0,1,0,1,0,0,1,0,1,0,0,001 010 010 100,valid,0,0 V (no output),none,0,""
#0661,1,0,1,0,1,0,0,1,0,1,0,0,101 010 010 100,valid,0,0 V (no output),none,0,""
#0662,0,1,1,0,1,0,0,1,0,1,0,0,011 010 010 100,short-circuit,0,Short Circuit,none,0,""
#0663,1,1,1,0,1,0,0,1,0,1,0,0,111 010 010 100,short-circuit,0,Short Circuit,none,0,""
#0664,0,0,0,1,1,0,0,1,0,1,0,0,000 110 010 100,valid,0,0 V (no output),none,0,""
#0665,1,0,0,1,1,0,0,1,0,1,0,0,100 110 010 100,valid,0,0 V (no output),none,0,""
#0666,0,1,0,1,1,0,0,1,0,1,0,0,010 110 010 100,valid,0,0 V (no output),none,0,""
#0667,1,1,0,1,1,0,0,1,0,1,0,0,110 110 010 100,valid,0,0 V (no output),none,0,""
#0668,0,0,1,1,1,0,0,1,0,1,0,0,001 110 010 100,valid,0,0 V (no output),none,0,""
#0669,1,0,1,1,1,0,0,1,0,1,0,0,101 110 010 100,short-circuit,0,Short Circuit,none,0,""
#0670,0,1,1,1,1,0,0,1,0,1,0,0,011 110 010 100,short-circuit,0,Short Circuit,none,0,""
#0671,1,1,1,1,1,0,0,1,0,1,0,0,111 110 010 100,short-circuit,0,Short Circuit,none,0,""
#0672,0,0,0,0,0,1,0,1,0,1,0,0,000 001 010 100,valid,0,0 V (no output),none,0,""
#0673,1,0,0,0,0,1,0,1,0,1,0,0,100 001 010 100,valid,0,0 V (no output),none,0,""
#0674,0,1,0,0,0,1,0,1,0,1,0,0,010 001 010 100,valid,0,0 V (no output),none,0,""
#0675,1,1,0,0,0,1,0,1,0,1,0,0,110 001 010 100,valid,0,0 V (no output),none,0,""
#0676,0,0,1,0,0,1,0,1,0,1,0,0,001 001 010 100,valid,0,0 V (no output),none,0,""
#0677,1,0,1,0,0,1,0,1,0,1,0,0,101 001 010 100,valid,0,0 V (no output),none,0,""
#0678,0,1,1,0,0,1,0,1,0,1,0,0,011 001 010 100,short-circuit,0,Short Circuit,none,0,""
#0679,1,1,1,0,0,1,0,1,0,1,0,0,111 001 010 100,short-circuit,0,Short Circuit,none,0,""
#0680,0,0,0,1,0,1,0,1,0,1,0,0,000 101 010 100,valid,0,0 V (no output),none,0,""
#0681,1,0,0,1,0,1,0,1,0,1,0,0,100 101 010 100,valid,0,0 V (no output),none,0,""
#0682,0,1,0,1,0,1,0,1,0,1,0,0,010 101 010 100,valid,0,0 V (no output),none,0,""
#0683,1,1,0,1,0,1,0,1,0,1,0,0,110 101 010 100,short-circuit,0,Short Circuit,none,0,""
#0684,0,0,1,1,0,1,0,1,0,1,0,0,001 101 010 100,valid,0,0 V (no output),none,0,""
#0685,1,0,1,1,0,1,0,1,0,1,0,0,101 101 010 100,short-circuit,0,Short Circuit,none,0,""
#0686,0,1,1,1,0,1,0,1,0,1,0,0,011 101 010 100,short-circuit,0,Short Circuit,none,0,""
#0687,1,1,1,1,0,1,0,1,0,1,0,0,111 101 010 100,short-circuit,0,Short Circuit,none,0,""
#0688,0,0,0,0,1,1,0,1,0,1,0,0,000 011 010 100,short-circuit,0,Short Circuit,none,0,""
#0689,1,0,0,0,1,1,0,1,0,1,0,0,100 011 010 100,short-circuit,0,Short Circuit,none,0,""
#0690,0,1,0,0,1,1,0,1,0,1,0,0,010 011 010 100,short-circuit,0,Short Circuit,none,0,""
#0691,1,1,0,0,1,1,0,1,0,1,0,0,110 011 010 100,short-circuit,0,Short Circuit,none,0,""
#0692,0,0,1,0,1,1,0,1,0,1,0,0,001 011 010 100,short-circuit,0,Short Circuit,none,0,""
#0693,1,0,1,0,1,1,0,1,0,1,0,0,101 011 010 100,short-circuit,0,Short Circuit,none,0,""
#0694,0,1,1,0,1,1,0,1,0,1,0,0,011 011 010 100,short-circuit,0,Short Circuit,none,0,""
#0695,1,1,1,0,1,1,0,1,0,1,0,0,111 011 010 100,short-circuit,0,Short Circuit,none,0,""
#0696,0,0,0,1,1,1,0,1,0,1,0,0,000 111 010 100,short-circuit,0,Short Circuit,none,0,""
#0697,1,0,0,1,1,1,0,1,0,1,0,0,100 111 010 100,short-circuit,0,Short Circuit,none,0,""
#0698,0,1,0,1,1,1,0,1,0,1,0,0,010 111 010 100,short-circuit,0,Short Circuit,none,0,""
#0699,1,1,0,1,1,1,0,1,0,1,0,0,110 111 010 100,short-circuit,0,Short Circuit,none,0,""
#0700,0,0,1,1,1,1,0,1,0,1,0,0,001 111 010 100,short-circuit,0,Short Circuit,none,0,""
#0701,1,0,1,1,1,1,0,1,0,1,0,0,101 111 010 100,short-circuit,0,Short Circuit,none,0,""
#0702,0,1,1,1,1,1,0,1,0,1,0,0,011 111 010 100,short-circuit,0,Short Circuit,none,0,""
#0703,1,1,1,1,1,1,0,1,0,1,0,0,111 111 010 100,short-circuit,0,Short Circuit,none,0,""
#0704,0,0,0,0,0,0,1,1,0,1,0,0,000 000 110 100,valid,0,0 V (no output),none,0,""
#0705,1,0,0,0,0,0,1,1,0,1,0,0,100 000 110 100,valid,0,0 V (no output),none,0,""
#0706,0,1,0,0,0,0,1,1,0,1,0,0,010 000 110 100,valid,0,0 V (no output),none,0,""
#0707,1,1,0,0,0,0,1,1,0,1,0,0,110 000 110 100,valid,0,0 V (no output),none,0,""
#0708,0,0,1,0,0,0,1,1,0,1,0,0,001 000 110 100,valid,0,0 V (no output),none,0,""
#0709,1,0,1,0,0,0,1,1,0,1,0,0,101 000 110 100,valid,0,0 V (no output),none,0,""
#0710,0,1,1,0,0,0,1,1,0,1,0,0,011 000 110 100,valid,0,0 V (no output),none,0,""
#0711,1,1,1,0,0,0,1,1,0,1,0,0,111 000 110 100,valid,0,0 V (no output),none,0,""
#0712,0,0,0,1,0,0,1,1,0,1,0,0,000 100 110 100,valid,0,0 V (no output),none,0,""
#0713,1,0,0,1,0,0,1,1,0,1,0,0,100 100 110 100,valid,0,0 V (no output),none,0,""
#0714,0,1,0,1,0,0,1,1,0,1,0,0,010 100 110 100,valid,0,0 V (no output),none,0,""
#0715,1,1,0,1,0,0,1,1,0,1,0,0,110 100 110 100,valid,0,0 V (no output),none,0,""
#0716,0,0,1,1,0,0,1,1,0,1,0,0,001 100 110 100,valid,0,0 V (no output),none,0,""
#0717,1,0,1,1,0,0,1,1,0,1,0,0,101 100 110 100,short-circuit,0,Short Circuit,none,0,""
#0718,0,1,1,1,0,0,1,1,0,1,0,0,011 100 110 100,short-circuit,0,Short Circuit,none,0,""
#0719,1,1,1,1,0,0,1,1,0,1,0,0,111 100 110 100,short-circuit,0,Short Circuit,none,0,""
#0720,0,0,0,0,1,0,1,1,0,1,0,0,000 010 110 100,valid,0,0 V (no output),none,0,""
#0721,1,0,0,0,1,0,1,1,0,1,0,0,100 010 110 100,valid,0,0 V (no output),none,0,""
#0722,0,1,0,0,1,0,1,1,0,1,0,0,010 010 110 100,valid,0,0 V (no output),none,0,""
#0723,1,1,0,0,1,0,1,1,0,1,0,0,110 010 110 100,valid,0,0 V (no output),none,0,""
#0724,0,0,1,0,1,0,1,1,0,1,0,0,001 010 110 100,valid,0,0 V (no output),none,0,""
#0725,1,0,1,0,1,0,1,1,0,1,0,0,101 010 110 100,short-circuit,0,Short Circuit,none,0,""
#0726,0,1,1,0,1,0,1,1,0,1,0,0,011 010 110 100,short-circuit,0,Short Circuit,none,0,""
#0727,1,1,1,0,1,0,1,1,0,1,0,0,111 010 110 100,short-circuit,0,Short Circuit,none,0,""
#0728,0,0,0,1,1,0,1,1,0,1,0,0,000 110 110 100,valid,0,0 V (no output),none,0,""
#0729,1,0,0,1,1,0,1,1,0,1,0,0,100 110 110 100,valid,0,0 V (no output),none,0,""
#0730,0,1,0,1,1,0,1,1,0,1,0,0,010 110 110 100,valid,0,0 V (no output),none,0,""
#0731,1,1,0,1,1,0,1,1,0,1,0,0,110 110 110 100,valid,0,0 V (no output),none,0,""
#0732,0,0,1,1,1,0,1,1,0,1,0,0,001 110 110 100,valid,0,0 V (no output),none,0,""
#0733,1,0,1,1,1,0,1,1,0,1,0,0,101 110 110 100,short-circuit,0,Short Circuit,none,0,""
#0734,0,1,1,1,1,0,1,1,0,1,0,0,011 110 110 100,short-circuit,0,Short Circuit,none,0,""
#0735,1,1,1,1,1,0,1,1,0,1,0,0,111 110 110 100,short-circuit,0,Short Circuit,none,0,""
#0736,0,0,0,0,0,1,1,1,0,1,0,0,000 001 110 100,valid,0,0 V (no output),none,0,""
#0737,1,0,0,0,0,1,1,1,0,1,0,0,100 001 110 100,valid,0,0 V (no output),none,0,""
#0738,0,1,0,0,0,1,1,1,0,1,0,0,010 001 110 100,valid,0,0 V (no output),none,0,""
#0739,1,1,0,0,0,1,1,1,0,1,0,0,110 001 110 100,valid,0,0 V (no output),none,0,""
#0740,0,0,1,0,0,1,1,1,0,1,0,0,001 001 110 100,valid,0,0 V (no output),none,0,""
#0741,1,0,1,0,0,1,1,1,0,1,0,0,101 001 110 100,short-circuit,0,Short Circuit,none,0,""
#0742,0,1,1,0,0,1,1,1,0,1,0,0,011 001 110 100,short-circuit,0,Short Circuit,none,0,""
#0743,1,1,1,0,0,1,1,1,0,1,0,0,111 001 110 100,short-circuit,0,Short Circuit,none,0,""
#0744,0,0,0,1,0,1,1,1,0,1,0,0,000 101 110 100,short-circuit,0,Short Circuit,none,0,""
#0745,1,0,0,1,0,1,1,1,0,1,0,0,100 101 110 100,short-circuit,0,Short Circuit,none,0,""
#0746,0,1,0,1,0,1,1,1,0,1,0,0,010 101 110 100,short-circuit,0,Short Circuit,none,0,""
#0747,1,1,0,1,0,1,1,1,0,1,0,0,110 101 110 100,short-circuit,0,Short Circuit,none,0,""
#0748,0,0,1,1,0,1,1,1,0,1,0,0,001 101 110 100,short-circuit,0,Short Circuit,none,0,""
#0749,1,0,1,1,0,1,1,1,0,1,0,0,101 101 110 100,short-circuit,0,Short Circuit,none,0,""
#0750,0,1,1,1,0,1,1,1,0,1,0,0,011 101 110 100,short-circuit,0,Short Circuit,none,0,""
#0751,1,1,1,1,0,1,1,1,0,1,0,0,111 101 110 100,short-circuit,0,Short Circuit,none,0,""
#0752,0,0,0,0,1,1,1,1,0,1,0,0,000 011 110 100,short-circuit,0,Short Circuit,none,0,""
#0753,1,0,0,0,1,1,1,1,0,1,0,0,100 011 110 100,short-circuit,0,Short Circuit,none,0,""
#0754,0,1,0,0,1,1,1,1,0,1,0,0,010 011 110 100,short-circuit,0,Short Circuit,none,0,""
#0755,1,1,0,0,1,1,1,1,0,1,0,0,110 011 110 100,short-circuit,0,Short Circuit,none,0,""
#0756,0,0,1,0,1,1,1,1,0,1,0,0,001 011 110 100,short-circuit,0,Short Circuit,none,0,""
#0757,1,0,1,0,1,1,1,1,0,1,0,0,101 011 110 100,short-circuit,0,Short Circuit,none,0,""
#0758,0,1,1,0,1,1,1,1,0,1,0,0,011 011 110 100,short-circuit,0,Short Circuit,none,0,""
#0759,1,1,1,0,1,1,1,1,0,1,0,0,111 011 110 100,short-circuit,0,Short Circuit,none,0,""
#0760,0,0,0,1,1,1,1,1,0,1,0,0,000 111 110 100,short-circuit,0,Short Circuit,none,0,""
#0761,1,0,0,1,1,1,1,1,0,1,0,0,100 111 110 100,short-circuit,0,Short Circuit,none,0,""
#0762,0,1,0,1,1,1,1,1,0,1,0,0,010 111 110 100,short-circuit,0,Short Circuit,none,0,""
#0763,1,1,0,1,1,1,1,1,0,1,0,0,110 111 110 100,short-circuit,0,Short Circuit,none,0,""
#0764,0,0,1,1,1,1,1,1,0,1,0,0,001 111 110 100,short-circuit,0,Short Circuit,none,0,""
#0765,1,0,1,1,1,1,1,1,0,1,0,0,101 111 110 100,short-circuit,0,Short Circuit,none,0,""
#0766,0,1,1,1,1,1,1,1,0,1,0,0,011 111 110 100,short-circuit,0,Short Circuit,none,0,""
#0767,1,1,1,1,1,1,1,1,0,1,0,0,111 111 110 100,short-circuit,0,Short Circuit,none,0,""
#0768,0,0,0,0,0,0,0,0,1,1,0,0,000 000 001 100,valid,0,0 V (no output),none,0,""
#0769,1,0,0,0,0,0,0,0,1,1,0,0,100 000 001 100,valid,0,0 V (no output),none,0,""
#0770,0,1,0,0,0,0,0,0,1,1,0,0,010 000 001 100,valid,0,0 V (no output),none,0,""
#0771,1,1,0,0,0,0,0,0,1,1,0,0,110 000 001 100,valid,0,0 V (no output),none,0,""
#0772,0,0,1,0,0,0,0,0,1,1,0,0,001 000 001 100,valid,0,0 V (no output),none,0,""
#0773,1,0,1,0,0,0,0,0,1,1,0,0,101 000 001 100,valid,0,0 V (no output),none,0,""
#0774,0,1,1,0,0,0,0,0,1,1,0,0,011 000 001 100,valid,0,0 V (no output),none,0,""
#0775,1,1,1,0,0,0,0,0,1,1,0,0,111 000 001 100,valid,0,0 V (no output),none,0,""
#0776,0,0,0,1,0,0,0,0,1,1,0,0,000 100 001 100,valid,0,0 V (no output),none,0,""
#0777,1,0,0,1,0,0,0,0,1,1,0,0,100 100 001 100,valid,0,0 V (no output),none,0,""
#0778,0,1,0,1,0,0,0,0,1,1,0,0,010 100 001 100,valid,0,0 V (no output),none,0,""
#0779,1,1,0,1,0,0,0,0,1,1,0,0,110 100 001 100,valid,0,0 V (no output),none,0,""
#0780,0,0,1,1,0,0,0,0,1,1,0,0,001 100 001 100,valid,0,0 V (no output),none,0,""
#0781,1,0,1,1,0,0,0,0,1,1,0,0,101 100 001 100,short-circuit,0,Short Circuit,none,0,""
#0782,0,1,1,1,0,0,0,0,1,1,0,0,011 100 001 100,valid,0,0 V (no output),none,0,""
#0783,1,1,1,1,0,0,0,0,1,1,0,0,111 100 001 100,short-circuit,0,Short Circuit,none,0,""
#0784,0,0,0,0,1,0,0,0,1,1,0,0,000 010 001 100,valid,0,0 V (no output),none,0,""
#0785,1,0,0,0,1,0,0,0,1,1,0,0,100 010 001 100,valid,0,0 V (no output),none,0,""
#0786,0,1,0,0,1,0,0,0,1,1,0,0,010 010 001 100,valid,0,0 V (no output),none,0,""
#0787,1,1,0,0,1,0,0,0,1,1,0,0,110 010 001 100,valid,0,0 V (no output),none,0,""
#0788,0,0,1,0,1,0,0,0,1,1,0,0,001 010 001 100,valid,0,0 V (no output),none,0,""
#0789,1,0,1,0,1,0,0,0,1,1,0,0,101 010 001 100,valid,0,0 V (no output),none,0,""
#0790,0,1,1,0,1,0,0,0,1,1,0,0,011 010 001 100,short-circuit,0,Short Circuit,none,0,""
#0791,1,1,1,0,1,0,0,0,1,1,0,0,111 010 001 100,short-circuit,0,Short Circuit,none,0,""
#0792,0,0,0,1,1,0,0,0,1,1,0,0,000 110 001 100,valid,0,0 V (no output),none,0,""
#0793,1,0,0,1,1,0,0,0,1,1,0,0,100 110 001 100,valid,0,0 V (no output),none,0,""
#0794,0,1,0,1,1,0,0,0,1,1,0,0,010 110 001 100,valid,0,0 V (no output),none,0,""
#0795,1,1,0,1,1,0,0,0,1,1,0,0,110 110 001 100,valid,0,0 V (no output),none,0,""
#0796,0,0,1,1,1,0,0,0,1,1,0,0,001 110 001 100,valid,0,0 V (no output),none,0,""
#0797,1,0,1,1,1,0,0,0,1,1,0,0,101 110 001 100,short-circuit,0,Short Circuit,none,0,""
#0798,0,1,1,1,1,0,0,0,1,1,0,0,011 110 001 100,short-circuit,0,Short Circuit,none,0,""
#0799,1,1,1,1,1,0,0,0,1,1,0,0,111 110 001 100,short-circuit,0,Short Circuit,none,0,""
#0800,0,0,0,0,0,1,0,0,1,1,0,0,000 001 001 100,valid,0,0 V (no output),none,0,""
#0801,1,0,0,0,0,1,0,0,1,1,0,0,100 001 001 100,valid,0,0 V (no output),none,0,""
#0802,0,1,0,0,0,1,0,0,1,1,0,0,010 001 001 100,valid,0,0 V (no output),none,0,""
#0803,1,1,0,0,0,1,0,0,1,1,0,0,110 001 001 100,valid,0,0 V (no output),none,0,""
#0804,0,0,1,0,0,1,0,0,1,1,0,0,001 001 001 100,valid,0,0 V (no output),none,0,""
#0805,1,0,1,0,0,1,0,0,1,1,0,0,101 001 001 100,short-circuit,0,Short Circuit,none,0,""
#0806,0,1,1,0,0,1,0,0,1,1,0,0,011 001 001 100,valid,0,0 V (no output),none,0,""
#0807,1,1,1,0,0,1,0,0,1,1,0,0,111 001 001 100,short-circuit,0,Short Circuit,none,0,""
#0808,0,0,0,1,0,1,0,0,1,1,0,0,000 101 001 100,short-circuit,0,Short Circuit,none,0,""
#0809,1,0,0,1,0,1,0,0,1,1,0,0,100 101 001 100,short-circuit,0,Short Circuit,none,0,""
#0810,0,1,0,1,0,1,0,0,1,1,0,0,010 101 001 100,short-circuit,0,Short Circuit,none,0,""
#0811,1,1,0,1,0,1,0,0,1,1,0,0,110 101 001 100,short-circuit,0,Short Circuit,none,0,""
#0812,0,0,1,1,0,1,0,0,1,1,0,0,001 101 001 100,short-circuit,0,Short Circuit,none,0,""
#0813,1,0,1,1,0,1,0,0,1,1,0,0,101 101 001 100,short-circuit,0,Short Circuit,none,0,""
#0814,0,1,1,1,0,1,0,0,1,1,0,0,011 101 001 100,short-circuit,0,Short Circuit,none,0,""
#0815,1,1,1,1,0,1,0,0,1,1,0,0,111 101 001 100,short-circuit,0,Short Circuit,none,0,""
#0816,0,0,0,0,1,1,0,0,1,1,0,0,000 011 001 100,valid,0,0 V (no output),none,0,""
#0817,1,0,0,0,1,1,0,0,1,1,0,0,100 011 001 100,valid,0,0 V (no output),none,0,""
#0818,0,1,0,0,1,1,0,0,1,1,0,0,010 011 001 100,valid,0,0 V (no output),none,0,""
#0819,1,1,0,0,1,1,0,0,1,1,0,0,110 011 001 100,short-circuit,0,Short Circuit,none,0,""
#0820,0,0,1,0,1,1,0,0,1,1,0,0,001 011 001 100,valid,0,0 V (no output),none,0,""
#0821,1,0,1,0,1,1,0,0,1,1,0,0,101 011 001 100,short-circuit,0,Short Circuit,none,0,""
#0822,0,1,1,0,1,1,0,0,1,1,0,0,011 011 001 100,short-circuit,0,Short Circuit,none,0,""
#0823,1,1,1,0,1,1,0,0,1,1,0,0,111 011 001 100,short-circuit,0,Short Circuit,none,0,""
#0824,0,0,0,1,1,1,0,0,1,1,0,0,000 111 001 100,short-circuit,0,Short Circuit,none,0,""
#0825,1,0,0,1,1,1,0,0,1,1,0,0,100 111 001 100,short-circuit,0,Short Circuit,none,0,""
#0826,0,1,0,1,1,1,0,0,1,1,0,0,010 111 001 100,short-circuit,0,Short Circuit,none,0,""
#0827,1,1,0,1,1,1,0,0,1,1,0,0,110 111 001 100,short-circuit,0,Short Circuit,none,0,""
#0828,0,0,1,1,1,1,0,0,1,1,0,0,001 111 001 100,short-circuit,0,Short Circuit,none,0,""
#0829,1,0,1,1,1,1,0,0,1,1,0,0,101 111 001 100,short-circuit,0,Short Circuit,none,0,""
#0830,0,1,1,1,1,1,0,0,1,1,0,0,011 111 001 100,short-circuit,0,Short Circuit,none,0,""
#0831,1,1,1,1,1,1,0,0,1,1,0,0,111 111 001 100,short-circuit,0,Short Circuit,none,0,""
#0832,0,0,0,0,0,0,1,0,1,1,0,0,000 000 101 100,short-circuit,0,Short Circuit,none,0,""
#0833,1,0,0,0,0,0,1,0,1,1,0,0,100 000 101 100,short-circuit,0,Short Circuit,none,0,""
#0834,0,1,0,0,0,0,1,0,1,1,0,0,010 000 101 100,short-circuit,0,Short Circuit,none,0,""
#0835,1,1,0,0,0,0,1,0,1,1,0,0,110 000 101 100,short-circuit,0,Short Circuit,none,0,""
#0836,0,0,1,0,0,0,1,0,1,1,0,0,001 000 101 100,short-circuit,0,Short Circuit,none,0,""
#0837,1,0,1,0,0,0,1,0,1,1,0,0,101 000 101 100,short-circuit,0,Short Circuit,none,0,""
#0838,0,1,1,0,0,0,1,0,1,1,0,0,011 000 101 100,short-circuit,0,Short Circuit,none,0,""
#0839,1,1,1,0,0,0,1,0,1,1,0,0,111 000 101 100,short-circuit,0,Short Circuit,none,0,""
#0840,0,0,0,1,0,0,1,0,1,1,0,0,000 100 101 100,short-circuit,0,Short Circuit,none,0,""
#0841,1,0,0,1,0,0,1,0,1,1,0,0,100 100 101 100,short-circuit,0,Short Circuit,none,0,""
#0842,0,1,0,1,0,0,1,0,1,1,0,0,010 100 101 100,short-circuit,0,Short Circuit,none,0,""
#0843,1,1,0,1,0,0,1,0,1,1,0,0,110 100 101 100,short-circuit,0,Short Circuit,none,0,""
#0844,0,0,1,1,0,0,1,0,1,1,0,0,001 100 101 100,short-circuit,0,Short Circuit,none,0,""
#0845,1,0,1,1,0,0,1,0,1,1,0,0,101 100 101 100,short-circuit,0,Short Circuit,none,0,""
#0846,0,1,1,1,0,0,1,0,1,1,0,0,011 100 101 100,short-circuit,0,Short Circuit,none,0,""
#0847,1,1,1,1,0,0,1,0,1,1,0,0,111 100 101 100,short-circuit,0,Short Circuit,none,0,""
#0848,0,0,0,0,1,0,1,0,1,1,0,0,000 010 101 100,short-circuit,0,Short Circuit,none,0,""
#0849,1,0,0,0,1,0,1,0,1,1,0,0,100 010 101 100,short-circuit,0,Short Circuit,none,0,""
#0850,0,1,0,0,1,0,1,0,1,1,0,0,010 010 101 100,short-circuit,0,Short Circuit,none,0,""
#0851,1,1,0,0,1,0,1,0,1,1,0,0,110 010 101 100,short-circuit,0,Short Circuit,none,0,""
#0852,0,0,1,0,1,0,1,0,1,1,0,0,001 010 101 100,short-circuit,0,Short Circuit,none,0,""
#0853,1,0,1,0,1,0,1,0,1,1,0,0,101 010 101 100,short-circuit,0,Short Circuit,none,0,""
#0854,0,1,1,0,1,0,1,0,1,1,0,0,011 010 101 100,short-circuit,0,Short Circuit,none,0,""
#0855,1,1,1,0,1,0,1,0,1,1,0,0,111 010 101 100,short-circuit,0,Short Circuit,none,0,""
#0856,0,0,0,1,1,0,1,0,1,1,0,0,000 110 101 100,short-circuit,0,Short Circuit,none,0,""
#0857,1,0,0,1,1,0,1,0,1,1,0,0,100 110 101 100,short-circuit,0,Short Circuit,none,0,""
#0858,0,1,0,1,1,0,1,0,1,1,0,0,010 110 101 100,short-circuit,0,Short Circuit,none,0,""
#0859,1,1,0,1,1,0,1,0,1,1,0,0,110 110 101 100,short-circuit,0,Short Circuit,none,0,""
#0860,0,0,1,1,1,0,1,0,1,1,0,0,001 110 101 100,short-circuit,0,Short Circuit,none,0,""
#0861,1,0,1,1,1,0,1,0,1,1,0,0,101 110 101 100,short-circuit,0,Short Circuit,none,0,""
#0862,0,1,1,1,1,0,1,0,1,1,0,0,011 110 101 100,short-circuit,0,Short Circuit,none,0,""
#0863,1,1,1,1,1,0,1,0,1,1,0,0,111 110 101 100,short-circuit,0,Short Circuit,none,0,""
#0864,0,0,0,0,0,1,1,0,1,1,0,0,000 001 101 100,short-circuit,0,Short Circuit,none,0,""
#0865,1,0,0,0,0,1,1,0,1,1,0,0,100 001 101 100,short-circuit,0,Short Circuit,none,0,""
#0866,0,1,0,0,0,1,1,0,1,1,0,0,010 001 101 100,short-circuit,0,Short Circuit,none,0,""
#0867,1,1,0,0,0,1,1,0,1,1,0,0,110 001 101 100,short-circuit,0,Short Circuit,none,0,""
#0868,0,0,1,0,0,1,1,0,1,1,0,0,001 001 101 100,short-circuit,0,Short Circuit,none,0,""
#0869,1,0,1,0,0,1,1,0,1,1,0,0,101 001 101 100,short-circuit,0,Short Circuit,none,0,""
#0870,0,1,1,0,0,1,1,0,1,1,0,0,011 001 101 100,short-circuit,0,Short Circuit,none,0,""
#0871,1,1,1,0,0,1,1,0,1,1,0,0,111 001 101 100,short-circuit,0,Short Circuit,none,0,""
#0872,0,0,0,1,0,1,1,0,1,1,0,0,000 101 101 100,short-circuit,0,Short Circuit,none,0,""
#0873,1,0,0,1,0,1,1,0,1,1,0,0,100 101 101 100,short-circuit,0,Short Circuit,none,0,""
#0874,0,1,0,1,0,1,1,0,1,1,0,0,010 101 101 100,short-circuit,0,Short Circuit,none,0,""
#0875,1,1,0,1,0,1,1,0,1,1,0,0,110 101 101 100,short-circuit,0,Short Circuit,none,0,""
#0876,0,0,1,1,0,1,1,0,1,1,0,0,001 101 101 100,short-circuit,0,Short Circuit,none,0,""
#0877,1,0,1,1,0,1,1,0,1,1,0,0,101 101 101 100,short-circuit,0,Short Circuit,none,0,""
#0878,0,1,1,1,0,1,1,0,1,1,0,0,011 101 101 100,short-circuit,0,Short Circuit,none,0,""
#0879,1,1,1,1,0,1,1,0,1,1,0,0,111 101 101 100,short-circuit,0,Short Circuit,none,0,""
#0880,0,0,0,0,1,1,1,0,1,1,0,0,000 011 101 100,short-circuit,0,Short Circuit,none,0,""
#0881,1,0,0,0,1,1,1,0,1,1,0,0,100 011 101 100,short-circuit,0,Short Circuit,none,0,""
#0882,0,1,0,0,1,1,1,0,1,1,0,0,010 011 101 100,short-circuit,0,Short Circuit,none,0,""
#0883,1,1,0,0,1,1,1,0,1,1,0,0,110 011 101 100,short-circuit,0,Short Circuit,none,0,""
#0884,0,0,1,0,1,1,1,0,1,1,0,0,001 011 101 100,short-circuit,0,Short Circuit,none,0,""
#0885,1,0,1,0,1,1,1,0,1,1,0,0,101 011 101 100,short-circuit,0,Short Circuit,none,0,""
#0886,0,1,1,0,1,1,1,0,1,1,0,0,011 011 101 100,short-circuit,0,Short Circuit,none,0,""
#0887,1,1,1,0,1,1,1,0,1,1,0,0,111 011 101 100,short-circuit,0,Short Circuit,none,0,""
#0888,0,0,0,1,1,1,1,0,1,1,0,0,000 111 101 100,short-circuit,0,Short Circuit,none,0,""
#0889,1,0,0,1,1,1,1,0,1,1,0,0,100 111 101 100,short-circuit,0,Short Circuit,none,0,""
#0890,0,1,0,1,1,1,1,0,1,1,0,0,010 111 101 100,short-circuit,0,Short Circuit,none,0,""
#0891,1,1,0,1,1,1,1,0,1,1,0,0,110 111 101 100,short-circuit,0,Short Circuit,none,0,""
#0892,0,0,1,1,1,1,1,0,1,1,0,0,001 111 101 100,short-circuit,0,Short Circuit,none,0,""
#0893,1,0,1,1,1,1,1,0,1,1,0,0,101 111 101 100,short-circuit,0,Short Circuit,none,0,""
#0894,0,1,1,1,1,1,1,0,1,1,0,0,011 111 101 100,short-circuit,0,Short Circuit,none,0,""
#0895,1,1,1,1,1,1,1,0,1,1,0,0,111 111 101 100,short-circuit,0,Short Circuit,none,0,""
#0896,0,0,0,0,0,0,0,1,1,1,0,0,000 000 011 100,valid,0,0 V (no output),none,0,""
#0897,1,0,0,0,0,0,0,1,1,1,0,0,100 000 011 100,valid,0,0 V (no output),none,0,""
#0898,0,1,0,0,0,0,0,1,1,1,0,0,010 000 011 100,valid,0,0 V (no output),none,0,""
#0899,1,1,0,0,0,0,0,1,1,1,0,0,110 000 011 100,short-circuit,0,Short Circuit,none,0,""
#0900,0,0,1,0,0,0,0,1,1,1,0,0,001 000 011 100,valid,0,0 V (no output),none,0,""
#0901,1,0,1,0,0,0,0,1,1,1,0,0,101 000 011 100,valid,0,0 V (no output),none,0,""
#0902,0,1,1,0,0,0,0,1,1,1,0,0,011 000 011 100,valid,0,0 V (no output),none,0,""
#0903,1,1,1,0,0,0,0,1,1,1,0,0,111 000 011 100,short-circuit,0,Short Circuit,none,0,""
#0904,0,0,0,1,0,0,0,1,1,1,0,0,000 100 011 100,valid,0,0 V (no output),none,0,""
#0905,1,0,0,1,0,0,0,1,1,1,0,0,100 100 011 100,valid,0,0 V (no output),none,0,""
#0906,0,1,0,1,0,0,0,1,1,1,0,0,010 100 011 100,valid,0,0 V (no output),none,0,""
#0907,1,1,0,1,0,0,0,1,1,1,0,0,110 100 011 100,short-circuit,0,Short Circuit,none,0,""
#0908,0,0,1,1,0,0,0,1,1,1,0,0,001 100 011 100,valid,0,0 V (no output),none,0,""
#0909,1,0,1,1,0,0,0,1,1,1,0,0,101 100 011 100,short-circuit,0,Short Circuit,none,0,""
#0910,0,1,1,1,0,0,0,1,1,1,0,0,011 100 011 100,valid,0,0 V (no output),none,0,""
#0911,1,1,1,1,0,0,0,1,1,1,0,0,111 100 011 100,short-circuit,0,Short Circuit,none,0,""
#0912,0,0,0,0,1,0,0,1,1,1,0,0,000 010 011 100,valid,0,0 V (no output),none,0,""
#0913,1,0,0,0,1,0,0,1,1,1,0,0,100 010 011 100,valid,0,0 V (no output),none,0,""
#0914,0,1,0,0,1,0,0,1,1,1,0,0,010 010 011 100,valid,0,0 V (no output),none,0,""
#0915,1,1,0,0,1,0,0,1,1,1,0,0,110 010 011 100,short-circuit,0,Short Circuit,none,0,""
#0916,0,0,1,0,1,0,0,1,1,1,0,0,001 010 011 100,valid,0,0 V (no output),none,0,""
#0917,1,0,1,0,1,0,0,1,1,1,0,0,101 010 011 100,short-circuit,0,Short Circuit,none,0,""
#0918,0,1,1,0,1,0,0,1,1,1,0,0,011 010 011 100,short-circuit,0,Short Circuit,none,0,""
#0919,1,1,1,0,1,0,0,1,1,1,0,0,111 010 011 100,short-circuit,0,Short Circuit,none,0,""
#0920,0,0,0,1,1,0,0,1,1,1,0,0,000 110 011 100,short-circuit,0,Short Circuit,none,0,""
#0921,1,0,0,1,1,0,0,1,1,1,0,0,100 110 011 100,short-circuit,0,Short Circuit,none,0,""
#0922,0,1,0,1,1,0,0,1,1,1,0,0,010 110 011 100,short-circuit,0,Short Circuit,none,0,""
#0923,1,1,0,1,1,0,0,1,1,1,0,0,110 110 011 100,short-circuit,0,Short Circuit,none,0,""
#0924,0,0,1,1,1,0,0,1,1,1,0,0,001 110 011 100,short-circuit,0,Short Circuit,none,0,""
#0925,1,0,1,1,1,0,0,1,1,1,0,0,101 110 011 100,short-circuit,0,Short Circuit,none,0,""
#0926,0,1,1,1,1,0,0,1,1,1,0,0,011 110 011 100,short-circuit,0,Short Circuit,none,0,""
#0927,1,1,1,1,1,0,0,1,1,1,0,0,111 110 011 100,short-circuit,0,Short Circuit,none,0,""
#0928,0,0,0,0,0,1,0,1,1,1,0,0,000 001 011 100,valid,0,0 V (no output),none,0,""
#0929,1,0,0,0,0,1,0,1,1,1,0,0,100 001 011 100,valid,0,0 V (no output),none,0,""
#0930,0,1,0,0,0,1,0,1,1,1,0,0,010 001 011 100,valid,0,0 V (no output),none,0,""
#0931,1,1,0,0,0,1,0,1,1,1,0,0,110 001 011 100,short-circuit,0,Short Circuit,none,0,""
#0932,0,0,1,0,0,1,0,1,1,1,0,0,001 001 011 100,valid,0,0 V (no output),none,0,""
#0933,1,0,1,0,0,1,0,1,1,1,0,0,101 001 011 100,short-circuit,0,Short Circuit,none,0,""
#0934,0,1,1,0,0,1,0,1,1,1,0,0,011 001 011 100,short-circuit,0,Short Circuit,none,0,""
#0935,1,1,1,0,0,1,0,1,1,1,0,0,111 001 011 100,short-circuit,0,Short Circuit,none,0,""
#0936,0,0,0,1,0,1,0,1,1,1,0,0,000 101 011 100,short-circuit,0,Short Circuit,none,0,""
#0937,1,0,0,1,0,1,0,1,1,1,0,0,100 101 011 100,short-circuit,0,Short Circuit,none,0,""
#0938,0,1,0,1,0,1,0,1,1,1,0,0,010 101 011 100,short-circuit,0,Short Circuit,none,0,""
#0939,1,1,0,1,0,1,0,1,1,1,0,0,110 101 011 100,short-circuit,0,Short Circuit,none,0,""
#0940,0,0,1,1,0,1,0,1,1,1,0,0,001 101 011 100,short-circuit,0,Short Circuit,none,0,""
#0941,1,0,1,1,0,1,0,1,1,1,0,0,101 101 011 100,short-circuit,0,Short Circuit,none,0,""
#0942,0,1,1,1,0,1,0,1,1,1,0,0,011 101 011 100,short-circuit,0,Short Circuit,none,0,""
#0943,1,1,1,1,0,1,0,1,1,1,0,0,111 101 011 100,short-circuit,0,Short Circuit,none,0,""
#0944,0,0,0,0,1,1,0,1,1,1,0,0,000 011 011 100,short-circuit,0,Short Circuit,none,0,""
#0945,1,0,0,0,1,1,0,1,1,1,0,0,100 011 011 100,short-circuit,0,Short Circuit,none,0,""
#0946,0,1,0,0,1,1,0,1,1,1,0,0,010 011 011 100,short-circuit,0,Short Circuit,none,0,""
#0947,1,1,0,0,1,1,0,1,1,1,0,0,110 011 011 100,short-circuit,0,Short Circuit,none,0,""
#0948,0,0,1,0,1,1,0,1,1,1,0,0,001 011 011 100,short-circuit,0,Short Circuit,none,0,""
#0949,1,0,1,0,1,1,0,1,1,1,0,0,101 011 011 100,short-circuit,0,Short Circuit,none,0,""
#0950,0,1,1,0,1,1,0,1,1,1,0,0,011 011 011 100,short-circuit,0,Short Circuit,none,0,""
#0951,1,1,1,0,1,1,0,1,1,1,0,0,111 011 011 100,short-circuit,0,Short Circuit,none,0,""
#0952,0,0,0,1,1,1,0,1,1,1,0,0,000 111 011 100,short-circuit,0,Short Circuit,none,0,""
#0953,1,0,0,1,1,1,0,1,1,1,0,0,100 111 011 100,short-circuit,0,Short Circuit,none,0,""
#0954,0,1,0,1,1,1,0,1,1,1,0,0,010 111 011 100,short-circuit,0,Short Circuit,none,0,""
#0955,1,1,0,1,1,1,0,1,1,1,0,0,110 111 011 100,short-circuit,0,Short Circuit,none,0,""
#0956,0,0,1,1,1,1,0,1,1,1,0,0,001 111 011 100,short-circuit,0,Short Circuit,none,0,""
#0957,1,0,1,1,1,1,0,1,1,1,0,0,101 111 011 100,short-circuit,0,Short Circuit,none,0,""
#0958,0,1,1,1,1,1,0,1,1,1,0,0,011 111 011 100,short-circuit,0,Short Circuit,none,0,""
#0959,1,1,1,1,1,1,0,1,1,1,0,0,111 111 011 100,short-circuit,0,Short Circuit,none,0,""
#0960,0,0,0,0,0,0,1,1,1,1,0,0,000 000 111 100,short-circuit,0,Short Circuit,none,0,""
#0961,1,0,0,0,0,0,1,1,1,1,0,0,100 000 111 100,short-circuit,0,Short Circuit,none,0,""
#0962,0,1,0,0,0,0,1,1,1,1,0,0,010 000 111 100,short-circuit,0,Short Circuit,none,0,""
#0963,1,1,0,0,0,0,1,1,1,1,0,0,110 000 111 100,short-circuit,0,Short Circuit,none,0,""
#0964,0,0,1,0,0,0,1,1,1,1,0,0,001 000 111 100,short-circuit,0,Short Circuit,none,0,""
#0965,1,0,1,0,0,0,1,1,1,1,0,0,101 000 111 100,short-circuit,0,Short Circuit,none,0,""
#0966,0,1,1,0,0,0,1,1,1,1,0,0,011 000 111 100,short-circuit,0,Short Circuit,none,0,""
#0967,1,1,1,0,0,0,1,1,1,1,0,0,111 000 111 100,short-circuit,0,Short Circuit,none,0,""
#0968,0,0,0,1,0,0,1,1,1,1,0,0,000 100 111 100,short-circuit,0,Short Circuit,none,0,""
#0969,1,0,0,1,0,0,1,1,1,1,0,0,100 100 111 100,short-circuit,0,Short Circuit,none,0,""
#0970,0,1,0,1,0,0,1,1,1,1,0,0,010 100 111 100,short-circuit,0,Short Circuit,none,0,""
#0971,1,1,0,1,0,0,1,1,1,1,0,0,110 100 111 100,short-circuit,0,Short Circuit,none,0,""
#0972,0,0,1,1,0,0,1,1,1,1,0,0,001 100 111 100,short-circuit,0,Short Circuit,none,0,""
#0973,1,0,1,1,0,0,1,1,1,1,0,0,101 100 111 100,short-circuit,0,Short Circuit,none,0,""
#0974,0,1,1,1,0,0,1,1,1,1,0,0,011 100 111 100,short-circuit,0,Short Circuit,none,0,""
#0975,1,1,1,1,0,0,1,1,1,1,0,0,111 100 111 100,short-circuit,0,Short Circuit,none,0,""
#0976,0,0,0,0,1,0,1,1,1,1,0,0,000 010 111 100,short-circuit,0,Short Circuit,none,0,""
#0977,1,0,0,0,1,0,1,1,1,1,0,0,100 010 111 100,short-circuit,0,Short Circuit,none,0,""
#0978,0,1,0,0,1,0,1,1,1,1,0,0,010 010 111 100,short-circuit,0,Short Circuit,none,0,""
#0979,1,1,0,0,1,0,1,1,1,1,0,0,110 010 111 100,short-circuit,0,Short Circuit,none,0,""
#0980,0,0,1,0,1,0,1,1,1,1,0,0,001 010 111 100,short-circuit,0,Short Circuit,none,0,""
#0981,1,0,1,0,1,0,1,1,1,1,0,0,101 010 111 100,short-circuit,0,Short Circuit,none,0,""
#0982,0,1,1,0,1,0,1,1,1,1,0,0,011 010 111 100,short-circuit,0,Short Circuit,none,0,""
#0983,1,1,1,0,1,0,1,1,1,1,0,0,111 010 111 100,short-circuit,0,Short Circuit,none,0,""
#0984,0,0,0,1,1,0,1,1,1,1,0,0,000 110 111 100,short-circuit,0,Short Circuit,none,0,""
#0985,1,0,0,1,1,0,1,1,1,1,0,0,100 110 111 100,short-circuit,0,Short Circuit,none,0,""
#0986,0,1,0,1,1,0,1,1,1,1,0,0,010 110 111 100,short-circuit,0,Short Circuit,none,0,""
#0987,1,1,0,1,1,0,1,1,1,1,0,0,110 110 111 100,short-circuit,0,Short Circuit,none,0,""
#0988,0,0,1,1,1,0,1,1,1,1,0,0,001 110 111 100,short-circuit,0,Short Circuit,none,0,""
#0989,1,0,1,1,1,0,1,1,1,1,0,0,101 110 111 100,short-circuit,0,Short Circuit,none,0,""
#0990,0,1,1,1,1,0,1,1,1,1,0,0,011 110 111 100,short-circuit,0,Short Circuit,none,0,""
#0991,1,1,1,1,1,0,1,1,1,1,0,0,111 110 111 100,short-circuit,0,Short Circuit,none,0,""
#0992,0,0,0,0,0,1,1,1,1,1,0,0,000 001 111 100,short-circuit,0,Short Circuit,none,0,""
#0993,1,0,0,0,0,1,1,1,1,1,0,0,100 001 111 100,short-circuit,0,Short Circuit,none,0,""
#0994,0,1,0,0,0,1,1,1,1,1,0,0,010 001 111 100,short-circuit,0,Short Circuit,none,0,""
#0995,1,1,0,0,0,1,1,1,1,1,0,0,110 001 111 100,short-circuit,0,Short Circuit,none,0,""
#0996,0,0,1,0,0,1,1,1,1,1,0,0,001 001 111 100,short-circuit,0,Short Circuit,none,0,""
#0997,1,0,1,0,0,1,1,1,1,1,0,0,101 001 111 100,short-circuit,0,Short Circuit,none,0,""
#0998,0,1,1,0,0,1,1,1,1,1,0,0,011 001 111 100,short-circuit,0,Short Circuit,none,0,""
#0999,1,1,1,0,0,1,1,1,1,1,0,0,111 001 111 100,short-circuit,0,Short Circuit,none,0,""
#1000,0,0,0,1,0,1,1,1,1,1,0,0,000 101 111 100,short-circuit,0,Short Circuit,none,0,""
#1001,1,0,0,1,0,1,1,1,1,1,0,0,100 101 111 100,short-circuit,0,Short Circuit,none,0,""
#1002,0,1,0,1,0,1,1,1,1,1,0,0,010 101 111 100,short-circuit,0,Short Circuit,none,0,""
#1003,1,1,0,1,0,1,1,1,1,1,0,0,110 101 111 100,short-circuit,0,Short Circuit,none,0,""
#1004,0,0,1,1,0,1,1,1,1,1,0,0,001 101 111 100,short-circuit,0,Short Circuit,none,0,""
#1005,1,0,1,1,0,1,1,1,1,1,0,0,101 101 111 100,short-circuit,0,Short Circuit,none,0,""
#1006,0,1,1,1,0,1,1,1,1,1,0,0,011 101 111 100,short-circuit,0,Short Circuit,none,0,""
#1007,1,1,1,1,0,1,1,1,1,1,0,0,111 101 111 100,short-circuit,0,Short Circuit,none,0,""
#1008,0,0,0,0,1,1,1,1,1,1,0,0,000 011 111 100,short-circuit,0,Short Circuit,none,0,""
#1009,1,0,0,0,1,1,1,1,1,1,0,0,100 011 111 100,short-circuit,0,Short Circuit,none,0,""
#1010,0,1,0,0,1,1,1,1,1,1,0,0,010 011 111 100,short-circuit,0,Short Circuit,none,0,""
#1011,1,1,0,0,1,1,1,1,1,1,0,0,110 011 111 100,short-circuit,0,Short Circuit,none,0,""
#1012,0,0,1,0,1,1,1,1,1,1,0,0,001 011 111 100,short-circuit,0,Short Circuit,none,0,""
#1013,1,0,1,0,1,1,1,1,1,1,0,0,101 011 111 100,short-circuit,0,Short Circuit,none,0,""
#1014,0,1,1,0,1,1,1,1,1,1,0,0,011 011 111 100,short-circuit,0,Short Circuit,none,0,""
#1015,1,1,1,0,1,1,1,1,1,1,0,0,111 011 111 100,short-circuit,0,Short Circuit,none,0,""
#1016,0,0,0,1,1,1,1,1,1,1,0,0,000 111 111 100,short-circuit,0,Short Circuit,none,0,""
#1017,1,0,0,1,1,1,1,1,1,1,0,0,100 111 111 100,short-circuit,0,Short Circuit,none,0,""
#1018,0,1,0,1,1,1,1,1,1,1,0,0,010 111 111 100,short-circuit,0,Short Circuit,none,0,""
#1019,1,1,0,1,1,1,1,1,1,1,0,0,110 111 111 100,short-circuit,0,Short Circuit,none,0,""
#1020,0,0,1,1,1,1,1,1,1,1,0,0,001 111 111 100,short-circuit,0,Short Circuit,none,0,""
#1021,1,0,1,1,1,1,1,1,1,1,0,0,101 111 111 100,short-circuit,0,Short Circuit,none,0,""
#1022,0,1,1,1,1,1,1,1,1,1,0,0,011 111 111 100,short-circuit,0,Short Circuit,none,0,""
#1023,1,1,1,1,1,1,1,1,1,1,0,0,111 111 111 100,short-circuit,0,Short Circuit,none,0,""
#1024,0,0,0,0,0,0,0,0,0,0,1,0,000 000 000 010,valid,0,0 V (no output),none,0,""
#1025,1,0,0,0,0,0,0,0,0,0,1,0,100 000 000 010,valid,0,0 V (no output),none,0,""
#1026,0,1,0,0,0,0,0,0,0,0,1,0,010 000 000 010,valid,0,0 V (no output),none,0,""
#1027,1,1,0,0,0,0,0,0,0,0,1,0,110 000 000 010,valid,0,0 V (no output),none,0,""
#1028,0,0,1,0,0,0,0,0,0,0,1,0,001 000 000 010,valid,0,0 V (no output),none,0,""
#1029,1,0,1,0,0,0,0,0,0,0,1,0,101 000 000 010,valid,0,0 V (no output),none,0,""
#1030,0,1,1,0,0,0,0,0,0,0,1,0,011 000 000 010,valid,0,0 V (no output),none,0,""
#1031,1,1,1,0,0,0,0,0,0,0,1,0,111 000 000 010,valid,0,0 V (no output),none,0,""
#1032,0,0,0,1,0,0,0,0,0,0,1,0,000 100 000 010,valid,0,0 V (no output),none,0,""
#1033,1,0,0,1,0,0,0,0,0,0,1,0,100 100 000 010,valid,0,0 V (no output),none,0,""
#1034,0,1,0,1,0,0,0,0,0,0,1,0,010 100 000 010,valid,0,0 V (no output),none,0,""
#1035,1,1,0,1,0,0,0,0,0,0,1,0,110 100 000 010,valid,0,0 V (no output),none,0,""
#1036,0,0,1,1,0,0,0,0,0,0,1,0,001 100 000 010,valid,0,0 V (no output),none,0,""
#1037,1,0,1,1,0,0,0,0,0,0,1,0,101 100 000 010,short-circuit,0,Short Circuit,none,0,""
#1038,0,1,1,1,0,0,0,0,0,0,1,0,011 100 000 010,valid,0,0 V (no output),none,0,""
#1039,1,1,1,1,0,0,0,0,0,0,1,0,111 100 000 010,short-circuit,0,Short Circuit,none,0,""
#1040,0,0,0,0,1,0,0,0,0,0,1,0,000 010 000 010,valid,0,0 V (no output),none,0,""
#1041,1,0,0,0,1,0,0,0,0,0,1,0,100 010 000 010,valid,0,0 V (no output),none,0,""
#1042,0,1,0,0,1,0,0,0,0,0,1,0,010 010 000 010,valid,0,0 V (no output),none,0,""
#1043,1,1,0,0,1,0,0,0,0,0,1,0,110 010 000 010,valid,0,0 V (no output),none,0,""
#1044,0,0,1,0,1,0,0,0,0,0,1,0,001 010 000 010,valid,0,0 V (no output),none,0,""
#1045,1,0,1,0,1,0,0,0,0,0,1,0,101 010 000 010,valid,0,0 V (no output),none,0,""
#1046,0,1,1,0,1,0,0,0,0,0,1,0,011 010 000 010,short-circuit,0,Short Circuit,none,0,""
#1047,1,1,1,0,1,0,0,0,0,0,1,0,111 010 000 010,short-circuit,0,Short Circuit,none,0,""
#1048,0,0,0,1,1,0,0,0,0,0,1,0,000 110 000 010,valid,0,0 V (no output),none,0,""
#1049,1,0,0,1,1,0,0,0,0,0,1,0,100 110 000 010,valid,0,0 V (no output),none,0,""
#1050,0,1,0,1,1,0,0,0,0,0,1,0,010 110 000 010,valid,0,0 V (no output),none,0,""
#1051,1,1,0,1,1,0,0,0,0,0,1,0,110 110 000 010,valid,0,0 V (no output),none,0,""
#1052,0,0,1,1,1,0,0,0,0,0,1,0,001 110 000 010,valid,0,0 V (no output),none,0,""
#1053,1,0,1,1,1,0,0,0,0,0,1,0,101 110 000 010,short-circuit,0,Short Circuit,none,0,""
#1054,0,1,1,1,1,0,0,0,0,0,1,0,011 110 000 010,short-circuit,0,Short Circuit,none,0,""
#1055,1,1,1,1,1,0,0,0,0,0,1,0,111 110 000 010,short-circuit,0,Short Circuit,none,0,""
#1056,0,0,0,0,0,1,0,0,0,0,1,0,000 001 000 010,valid,0,0 V (no output),none,0,""
#1057,1,0,0,0,0,1,0,0,0,0,1,0,100 001 000 010,valid,0,0 V (no output),none,0,""
#1058,0,1,0,0,0,1,0,0,0,0,1,0,010 001 000 010,valid,0,0 V (no output),none,0,""
#1059,1,1,0,0,0,1,0,0,0,0,1,0,110 001 000 010,valid,0,0 V (no output),none,0,""
#1060,0,0,1,0,0,1,0,0,0,0,1,0,001 001 000 010,valid,0,0 V (no output),none,0,""
#1061,1,0,1,0,0,1,0,0,0,0,1,0,101 001 000 010,valid,0,0 V (no output),none,0,""
#1062,0,1,1,0,0,1,0,0,0,0,1,0,011 001 000 010,valid,0,0 V (no output),none,0,""
#1063,1,1,1,0,0,1,0,0,0,0,1,0,111 001 000 010,valid,0,0 V (no output),none,0,""
#1064,0,0,0,1,0,1,0,0,0,0,1,0,000 101 000 010,valid,0,0 V (no output),none,0,""
#1065,1,0,0,1,0,1,0,0,0,0,1,0,100 101 000 010,valid,0,0 V (no output),none,0,""
#1066,0,1,0,1,0,1,0,0,0,0,1,0,010 101 000 010,valid,0,0 V (no output),none,0,""
#1067,1,1,0,1,0,1,0,0,0,0,1,0,110 101 000 010,valid,0,0 V (no output),none,0,""
#1068,0,0,1,1,0,1,0,0,0,0,1,0,001 101 000 010,valid,0,0 V (no output),none,0,""
#1069,1,0,1,1,0,1,0,0,0,0,1,0,101 101 000 010,short-circuit,0,Short Circuit,none,0,""
#1070,0,1,1,1,0,1,0,0,0,0,1,0,011 101 000 010,valid,0,0 V (no output),none,0,""
#1071,1,1,1,1,0,1,0,0,0,0,1,0,111 101 000 010,short-circuit,0,Short Circuit,none,0,""
#1072,0,0,0,0,1,1,0,0,0,0,1,0,000 011 000 010,valid,0,0 V (no output),none,0,""
#1073,1,0,0,0,1,1,0,0,0,0,1,0,100 011 000 010,valid,0,0 V (no output),none,0,""
#1074,0,1,0,0,1,1,0,0,0,0,1,0,010 011 000 010,valid,0,0 V (no output),none,0,""
#1075,1,1,0,0,1,1,0,0,0,0,1,0,110 011 000 010,valid,0,0 V (no output),none,0,""
#1076,0,0,1,0,1,1,0,0,0,0,1,0,001 011 000 010,valid,0,0 V (no output),none,0,""
#1077,1,0,1,0,1,1,0,0,0,0,1,0,101 011 000 010,valid,0,0 V (no output),none,0,""
#1078,0,1,1,0,1,1,0,0,0,0,1,0,011 011 000 010,short-circuit,0,Short Circuit,none,0,""
#1079,1,1,1,0,1,1,0,0,0,0,1,0,111 011 000 010,short-circuit,0,Short Circuit,none,0,""
#1080,0,0,0,1,1,1,0,0,0,0,1,0,000 111 000 010,valid,0,0 V (no output),none,0,""
#1081,1,0,0,1,1,1,0,0,0,0,1,0,100 111 000 010,valid,0,0 V (no output),none,0,""
#1082,0,1,0,1,1,1,0,0,0,0,1,0,010 111 000 010,valid,0,0 V (no output),none,0,""
#1083,1,1,0,1,1,1,0,0,0,0,1,0,110 111 000 010,valid,0,0 V (no output),none,0,""
#1084,0,0,1,1,1,1,0,0,0,0,1,0,001 111 000 010,valid,0,0 V (no output),none,0,""
#1085,1,0,1,1,1,1,0,0,0,0,1,0,101 111 000 010,short-circuit,0,Short Circuit,none,0,""
#1086,0,1,1,1,1,1,0,0,0,0,1,0,011 111 000 010,short-circuit,0,Short Circuit,none,0,""
#1087,1,1,1,1,1,1,0,0,0,0,1,0,111 111 000 010,short-circuit,0,Short Circuit,none,0,""
#1088,0,0,0,0,0,0,1,0,0,0,1,0,000 000 100 010,valid,0,0 V (no output),none,0,""
#1089,1,0,0,0,0,0,1,0,0,0,1,0,100 000 100 010,valid,0,0 V (no output),none,0,""
#1090,0,1,0,0,0,0,1,0,0,0,1,0,010 000 100 010,valid,0,0 V (no output),none,0,""
#1091,1,1,0,0,0,0,1,0,0,0,1,0,110 000 100 010,valid,0,0 V (no output),none,0,""
#1092,0,0,1,0,0,0,1,0,0,0,1,0,001 000 100 010,valid,0,0 V (no output),none,0,""
#1093,1,0,1,0,0,0,1,0,0,0,1,0,101 000 100 010,valid,0,0 V (no output),none,0,""
#1094,0,1,1,0,0,0,1,0,0,0,1,0,011 000 100 010,valid,0,0 V (no output),none,0,""
#1095,1,1,1,0,0,0,1,0,0,0,1,0,111 000 100 010,valid,0,0 V (no output),none,0,""
#1096,0,0,0,1,0,0,1,0,0,0,1,0,000 100 100 010,valid,0,0 V (no output),none,0,""
#1097,1,0,0,1,0,0,1,0,0,0,1,0,100 100 100 010,valid,0,0 V (no output),none,0,""
#1098,0,1,0,1,0,0,1,0,0,0,1,0,010 100 100 010,valid,0,0 V (no output),none,0,""
#1099,1,1,0,1,0,0,1,0,0,0,1,0,110 100 100 010,valid,0,0 V (no output),none,0,""
#1100,0,0,1,1,0,0,1,0,0,0,1,0,001 100 100 010,valid,0,0 V (no output),none,0,""
#1101,1,0,1,1,0,0,1,0,0,0,1,0,101 100 100 010,short-circuit,0,Short Circuit,none,0,""
#1102,0,1,1,1,0,0,1,0,0,0,1,0,011 100 100 010,valid,0,0 V (no output),none,0,""
#1103,1,1,1,1,0,0,1,0,0,0,1,0,111 100 100 010,short-circuit,0,Short Circuit,none,0,""
#1104,0,0,0,0,1,0,1,0,0,0,1,0,000 010 100 010,valid,0,0 V (no output),none,0,""
#1105,1,0,0,0,1,0,1,0,0,0,1,0,100 010 100 010,valid,0,0 V (no output),none,0,""
#1106,0,1,0,0,1,0,1,0,0,0,1,0,010 010 100 010,valid,0,0 V (no output),none,0,""
#1107,1,1,0,0,1,0,1,0,0,0,1,0,110 010 100 010,valid,0,0 V (no output),none,0,""
#1108,0,0,1,0,1,0,1,0,0,0,1,0,001 010 100 010,valid,0,0 V (no output),none,0,""
#1109,1,0,1,0,1,0,1,0,0,0,1,0,101 010 100 010,valid,0,0 V (no output),none,0,""
#1110,0,1,1,0,1,0,1,0,0,0,1,0,011 010 100 010,short-circuit,0,Short Circuit,none,0,""
#1111,1,1,1,0,1,0,1,0,0,0,1,0,111 010 100 010,short-circuit,0,Short Circuit,none,0,""
#1112,0,0,0,1,1,0,1,0,0,0,1,0,000 110 100 010,valid,0,0 V (no output),none,0,""
#1113,1,0,0,1,1,0,1,0,0,0,1,0,100 110 100 010,valid,0,0 V (no output),none,0,""
#1114,0,1,0,1,1,0,1,0,0,0,1,0,010 110 100 010,valid,0,0 V (no output),none,0,""
#1115,1,1,0,1,1,0,1,0,0,0,1,0,110 110 100 010,valid,0,0 V (no output),none,0,""
#1116,0,0,1,1,1,0,1,0,0,0,1,0,001 110 100 010,valid,0,0 V (no output),none,0,""
#1117,1,0,1,1,1,0,1,0,0,0,1,0,101 110 100 010,short-circuit,0,Short Circuit,none,0,""
#1118,0,1,1,1,1,0,1,0,0,0,1,0,011 110 100 010,short-circuit,0,Short Circuit,none,0,""
#1119,1,1,1,1,1,0,1,0,0,0,1,0,111 110 100 010,short-circuit,0,Short Circuit,none,0,""
#1120,0,0,0,0,0,1,1,0,0,0,1,0,000 001 100 010,valid,0,0 V (no output),none,0,""
#1121,1,0,0,0,0,1,1,0,0,0,1,0,100 001 100 010,valid,0,0 V (no output),none,0,""
#1122,0,1,0,0,0,1,1,0,0,0,1,0,010 001 100 010,valid,0,0 V (no output),none,0,""
#1123,1,1,0,0,0,1,1,0,0,0,1,0,110 001 100 010,valid,0,0 V (no output),none,0,""
#1124,0,0,1,0,0,1,1,0,0,0,1,0,001 001 100 010,valid,0,0 V (no output),none,0,""
#1125,1,0,1,0,0,1,1,0,0,0,1,0,101 001 100 010,short-circuit,0,Short Circuit,none,0,""
#1126,0,1,1,0,0,1,1,0,0,0,1,0,011 001 100 010,valid,0,0 V (no output),none,0,""
#1127,1,1,1,0,0,1,1,0,0,0,1,0,111 001 100 010,short-circuit,0,Short Circuit,none,0,""
#1128,0,0,0,1,0,1,1,0,0,0,1,0,000 101 100 010,short-circuit,0,Short Circuit,none,0,""
#1129,1,0,0,1,0,1,1,0,0,0,1,0,100 101 100 010,short-circuit,0,Short Circuit,none,0,""
#1130,0,1,0,1,0,1,1,0,0,0,1,0,010 101 100 010,short-circuit,0,Short Circuit,none,0,""
#1131,1,1,0,1,0,1,1,0,0,0,1,0,110 101 100 010,short-circuit,0,Short Circuit,none,0,""
#1132,0,0,1,1,0,1,1,0,0,0,1,0,001 101 100 010,short-circuit,0,Short Circuit,none,0,""
#1133,1,0,1,1,0,1,1,0,0,0,1,0,101 101 100 010,short-circuit,0,Short Circuit,none,0,""
#1134,0,1,1,1,0,1,1,0,0,0,1,0,011 101 100 010,short-circuit,0,Short Circuit,none,0,""
#1135,1,1,1,1,0,1,1,0,0,0,1,0,111 101 100 010,short-circuit,0,Short Circuit,none,0,""
#1136,0,0,0,0,1,1,1,0,0,0,1,0,000 011 100 010,valid,0,0 V (no output),none,0,""
#1137,1,0,0,0,1,1,1,0,0,0,1,0,100 011 100 010,valid,0,0 V (no output),none,0,""
#1138,0,1,0,0,1,1,1,0,0,0,1,0,010 011 100 010,valid,0,0 V (no output),none,0,""
#1139,1,1,0,0,1,1,1,0,0,0,1,0,110 011 100 010,short-circuit,0,Short Circuit,none,0,""
#1140,0,0,1,0,1,1,1,0,0,0,1,0,001 011 100 010,valid,0,0 V (no output),none,0,""
#1141,1,0,1,0,1,1,1,0,0,0,1,0,101 011 100 010,short-circuit,0,Short Circuit,none,0,""
#1142,0,1,1,0,1,1,1,0,0,0,1,0,011 011 100 010,short-circuit,0,Short Circuit,none,0,""
#1143,1,1,1,0,1,1,1,0,0,0,1,0,111 011 100 010,short-circuit,0,Short Circuit,none,0,""
#1144,0,0,0,1,1,1,1,0,0,0,1,0,000 111 100 010,short-circuit,0,Short Circuit,none,0,""
#1145,1,0,0,1,1,1,1,0,0,0,1,0,100 111 100 010,short-circuit,0,Short Circuit,none,0,""
#1146,0,1,0,1,1,1,1,0,0,0,1,0,010 111 100 010,short-circuit,0,Short Circuit,none,0,""
#1147,1,1,0,1,1,1,1,0,0,0,1,0,110 111 100 010,short-circuit,0,Short Circuit,none,0,""
#1148,0,0,1,1,1,1,1,0,0,0,1,0,001 111 100 010,short-circuit,0,Short Circuit,none,0,""
#1149,1,0,1,1,1,1,1,0,0,0,1,0,101 111 100 010,short-circuit,0,Short Circuit,none,0,""
#1150,0,1,1,1,1,1,1,0,0,0,1,0,011 111 100 010,short-circuit,0,Short Circuit,none,0,""
#1151,1,1,1,1,1,1,1,0,0,0,1,0,111 111 100 010,short-circuit,0,Short Circuit,none,0,""
#1152,0,0,0,0,0,0,0,1,0,0,1,0,000 000 010 010,valid,0,0 V (no output),none,0,""
#1153,1,0,0,0,0,0,0,1,0,0,1,0,100 000 010 010,valid,0,0 V (no output),none,0,""
#1154,0,1,0,0,0,0,0,1,0,0,1,0,010 000 010 010,valid,0,0 V (no output),none,0,""
#1155,1,1,0,0,0,0,0,1,0,0,1,0,110 000 010 010,valid,0,0 V (no output),none,0,""
#1156,0,0,1,0,0,0,0,1,0,0,1,0,001 000 010 010,valid,0,0 V (no output),none,0,""
#1157,1,0,1,0,0,0,0,1,0,0,1,0,101 000 010 010,valid,0,0 V (no output),none,0,""
#1158,0,1,1,0,0,0,0,1,0,0,1,0,011 000 010 010,valid,0,0 V (no output),none,0,""
#1159,1,1,1,0,0,0,0,1,0,0,1,0,111 000 010 010,valid,0,0 V (no output),none,0,""
#1160,0,0,0,1,0,0,0,1,0,0,1,0,000 100 010 010,valid,0,0 V (no output),none,0,""
#1161,1,0,0,1,0,0,0,1,0,0,1,0,100 100 010 010,valid,0,0 V (no output),none,0,""
#1162,0,1,0,1,0,0,0,1,0,0,1,0,010 100 010 010,valid,0,0 V (no output),none,0,""
#1163,1,1,0,1,0,0,0,1,0,0,1,0,110 100 010 010,valid,0,0 V (no output),none,0,""
#1164,0,0,1,1,0,0,0,1,0,0,1,0,001 100 010 010,valid,0,0 V (no output),none,0,""
#1165,1,0,1,1,0,0,0,1,0,0,1,0,101 100 010 010,short-circuit,0,Short Circuit,none,0,""
#1166,0,1,1,1,0,0,0,1,0,0,1,0,011 100 010 010,valid,0,0 V (no output),none,0,""
#1167,1,1,1,1,0,0,0,1,0,0,1,0,111 100 010 010,short-circuit,0,Short Circuit,none,0,""
#1168,0,0,0,0,1,0,0,1,0,0,1,0,000 010 010 010,valid,0,0 V (no output),none,0,""
#1169,1,0,0,0,1,0,0,1,0,0,1,0,100 010 010 010,valid,0,0 V (no output),none,0,""
#1170,0,1,0,0,1,0,0,1,0,0,1,0,010 010 010 010,valid,0,0 V (no output),none,0,""
#1171,1,1,0,0,1,0,0,1,0,0,1,0,110 010 010 010,valid,0,0 V (no output),none,0,""
#1172,0,0,1,0,1,0,0,1,0,0,1,0,001 010 010 010,valid,0,0 V (no output),none,0,""
#1173,1,0,1,0,1,0,0,1,0,0,1,0,101 010 010 010,valid,0,0 V (no output),none,0,""
#1174,0,1,1,0,1,0,0,1,0,0,1,0,011 010 010 010,short-circuit,0,Short Circuit,none,0,""
#1175,1,1,1,0,1,0,0,1,0,0,1,0,111 010 010 010,short-circuit,0,Short Circuit,none,0,""
#1176,0,0,0,1,1,0,0,1,0,0,1,0,000 110 010 010,valid,0,0 V (no output),none,0,""
#1177,1,0,0,1,1,0,0,1,0,0,1,0,100 110 010 010,valid,0,0 V (no output),none,0,""
#1178,0,1,0,1,1,0,0,1,0,0,1,0,010 110 010 010,valid,0,0 V (no output),none,0,""
#1179,1,1,0,1,1,0,0,1,0,0,1,0,110 110 010 010,valid,0,0 V (no output),none,0,""
#1180,0,0,1,1,1,0,0,1,0,0,1,0,001 110 010 010,valid,0,0 V (no output),none,0,""
#1181,1,0,1,1,1,0,0,1,0,0,1,0,101 110 010 010,short-circuit,0,Short Circuit,none,0,""
#1182,0,1,1,1,1,0,0,1,0,0,1,0,011 110 010 010,short-circuit,0,Short Circuit,none,0,""
#1183,1,1,1,1,1,0,0,1,0,0,1,0,111 110 010 010,short-circuit,0,Short Circuit,none,0,""
#1184,0,0,0,0,0,1,0,1,0,0,1,0,000 001 010 010,valid,0,0 V (no output),none,0,""
#1185,1,0,0,0,0,1,0,1,0,0,1,0,100 001 010 010,valid,0,0 V (no output),none,0,""
#1186,0,1,0,0,0,1,0,1,0,0,1,0,010 001 010 010,valid,0,0 V (no output),none,0,""
#1187,1,1,0,0,0,1,0,1,0,0,1,0,110 001 010 010,valid,0,0 V (no output),none,0,""
#1188,0,0,1,0,0,1,0,1,0,0,1,0,001 001 010 010,valid,0,0 V (no output),none,0,""
#1189,1,0,1,0,0,1,0,1,0,0,1,0,101 001 010 010,valid,0,0 V (no output),none,0,""
#1190,0,1,1,0,0,1,0,1,0,0,1,0,011 001 010 010,short-circuit,0,Short Circuit,none,0,""
#1191,1,1,1,0,0,1,0,1,0,0,1,0,111 001 010 010,short-circuit,0,Short Circuit,none,0,""
#1192,0,0,0,1,0,1,0,1,0,0,1,0,000 101 010 010,valid,0,0 V (no output),none,0,""
#1193,1,0,0,1,0,1,0,1,0,0,1,0,100 101 010 010,valid,0,0 V (no output),none,0,""
#1194,0,1,0,1,0,1,0,1,0,0,1,0,010 101 010 010,valid,0,0 V (no output),none,0,""
#1195,1,1,0,1,0,1,0,1,0,0,1,0,110 101 010 010,short-circuit,0,Short Circuit,none,0,""
#1196,0,0,1,1,0,1,0,1,0,0,1,0,001 101 010 010,valid,0,0 V (no output),none,0,""
#1197,1,0,1,1,0,1,0,1,0,0,1,0,101 101 010 010,short-circuit,0,Short Circuit,none,0,""
#1198,0,1,1,1,0,1,0,1,0,0,1,0,011 101 010 010,short-circuit,0,Short Circuit,none,0,""
#1199,1,1,1,1,0,1,0,1,0,0,1,0,111 101 010 010,short-circuit,0,Short Circuit,none,0,""
#1200,0,0,0,0,1,1,0,1,0,0,1,0,000 011 010 010,short-circuit,0,Short Circuit,none,0,""
#1201,1,0,0,0,1,1,0,1,0,0,1,0,100 011 010 010,short-circuit,0,Short Circuit,none,0,""
#1202,0,1,0,0,1,1,0,1,0,0,1,0,010 011 010 010,short-circuit,0,Short Circuit,none,0,""
#1203,1,1,0,0,1,1,0,1,0,0,1,0,110 011 010 010,short-circuit,0,Short Circuit,none,0,""
#1204,0,0,1,0,1,1,0,1,0,0,1,0,001 011 010 010,short-circuit,0,Short Circuit,none,0,""
#1205,1,0,1,0,1,1,0,1,0,0,1,0,101 011 010 010,short-circuit,0,Short Circuit,none,0,""
#1206,0,1,1,0,1,1,0,1,0,0,1,0,011 011 010 010,short-circuit,0,Short Circuit,none,0,""
#1207,1,1,1,0,1,1,0,1,0,0,1,0,111 011 010 010,short-circuit,0,Short Circuit,none,0,""
#1208,0,0,0,1,1,1,0,1,0,0,1,0,000 111 010 010,short-circuit,0,Short Circuit,none,0,""
#1209,1,0,0,1,1,1,0,1,0,0,1,0,100 111 010 010,short-circuit,0,Short Circuit,none,0,""
#1210,0,1,0,1,1,1,0,1,0,0,1,0,010 111 010 010,short-circuit,0,Short Circuit,none,0,""
#1211,1,1,0,1,1,1,0,1,0,0,1,0,110 111 010 010,short-circuit,0,Short Circuit,none,0,""
#1212,0,0,1,1,1,1,0,1,0,0,1,0,001 111 010 010,short-circuit,0,Short Circuit,none,0,""
#1213,1,0,1,1,1,1,0,1,0,0,1,0,101 111 010 010,short-circuit,0,Short Circuit,none,0,""
#1214,0,1,1,1,1,1,0,1,0,0,1,0,011 111 010 010,short-circuit,0,Short Circuit,none,0,""
#1215,1,1,1,1,1,1,0,1,0,0,1,0,111 111 010 010,short-circuit,0,Short Circuit,none,0,""
#1216,0,0,0,0,0,0,1,1,0,0,1,0,000 000 110 010,valid,0,0 V (no output),none,0,""
#1217,1,0,0,0,0,0,1,1,0,0,1,0,100 000 110 010,valid,0,0 V (no output),none,0,""
#1218,0,1,0,0,0,0,1,1,0,0,1,0,010 000 110 010,valid,0,0 V (no output),none,0,""
#1219,1,1,0,0,0,0,1,1,0,0,1,0,110 000 110 010,valid,0,0 V (no output),none,0,""
#1220,0,0,1,0,0,0,1,1,0,0,1,0,001 000 110 010,valid,0,0 V (no output),none,0,""
#1221,1,0,1,0,0,0,1,1,0,0,1,0,101 000 110 010,valid,0,0 V (no output),none,0,""
#1222,0,1,1,0,0,0,1,1,0,0,1,0,011 000 110 010,valid,0,0 V (no output),none,0,""
#1223,1,1,1,0,0,0,1,1,0,0,1,0,111 000 110 010,valid,0,0 V (no output),none,0,""
#1224,0,0,0,1,0,0,1,1,0,0,1,0,000 100 110 010,valid,0,0 V (no output),none,0,""
#1225,1,0,0,1,0,0,1,1,0,0,1,0,100 100 110 010,valid,0,0 V (no output),none,0,""
#1226,0,1,0,1,0,0,1,1,0,0,1,0,010 100 110 010,valid,0,0 V (no output),none,0,""
#1227,1,1,0,1,0,0,1,1,0,0,1,0,110 100 110 010,valid,0,0 V (no output),none,0,""
#1228,0,0,1,1,0,0,1,1,0,0,1,0,001 100 110 010,valid,0,0 V (no output),none,0,""
#1229,1,0,1,1,0,0,1,1,0,0,1,0,101 100 110 010,short-circuit,0,Short Circuit,none,0,""
#1230,0,1,1,1,0,0,1,1,0,0,1,0,011 100 110 010,short-circuit,0,Short Circuit,none,0,""
#1231,1,1,1,1,0,0,1,1,0,0,1,0,111 100 110 010,short-circuit,0,Short Circuit,none,0,""
#1232,0,0,0,0,1,0,1,1,0,0,1,0,000 010 110 010,valid,0,0 V (no output),none,0,""
#1233,1,0,0,0,1,0,1,1,0,0,1,0,100 010 110 010,valid,0,0 V (no output),none,0,""
#1234,0,1,0,0,1,0,1,1,0,0,1,0,010 010 110 010,valid,0,0 V (no output),none,0,""
#1235,1,1,0,0,1,0,1,1,0,0,1,0,110 010 110 010,valid,0,0 V (no output),none,0,""
#1236,0,0,1,0,1,0,1,1,0,0,1,0,001 010 110 010,valid,0,0 V (no output),none,0,""
#1237,1,0,1,0,1,0,1,1,0,0,1,0,101 010 110 010,short-circuit,0,Short Circuit,none,0,""
#1238,0,1,1,0,1,0,1,1,0,0,1,0,011 010 110 010,short-circuit,0,Short Circuit,none,0,""
#1239,1,1,1,0,1,0,1,1,0,0,1,0,111 010 110 010,short-circuit,0,Short Circuit,none,0,""
#1240,0,0,0,1,1,0,1,1,0,0,1,0,000 110 110 010,valid,0,0 V (no output),none,0,""
#1241,1,0,0,1,1,0,1,1,0,0,1,0,100 110 110 010,valid,0,0 V (no output),none,0,""
#1242,0,1,0,1,1,0,1,1,0,0,1,0,010 110 110 010,valid,0,0 V (no output),none,0,""
#1243,1,1,0,1,1,0,1,1,0,0,1,0,110 110 110 010,valid,0,0 V (no output),none,0,""
#1244,0,0,1,1,1,0,1,1,0,0,1,0,001 110 110 010,valid,0,0 V (no output),none,0,""
#1245,1,0,1,1,1,0,1,1,0,0,1,0,101 110 110 010,short-circuit,0,Short Circuit,none,0,""
#1246,0,1,1,1,1,0,1,1,0,0,1,0,011 110 110 010,short-circuit,0,Short Circuit,none,0,""
#1247,1,1,1,1,1,0,1,1,0,0,1,0,111 110 110 010,short-circuit,0,Short Circuit,none,0,""
#1248,0,0,0,0,0,1,1,1,0,0,1,0,000 001 110 010,valid,0,0 V (no output),none,0,""
#1249,1,0,0,0,0,1,1,1,0,0,1,0,100 001 110 010,valid,0,0 V (no output),none,0,""
#1250,0,1,0,0,0,1,1,1,0,0,1,0,010 001 110 010,valid,0,0 V (no output),none,0,""
#1251,1,1,0,0,0,1,1,1,0,0,1,0,110 001 110 010,valid,0,0 V (no output),none,0,""
#1252,0,0,1,0,0,1,1,1,0,0,1,0,001 001 110 010,valid,0,0 V (no output),none,0,""
#1253,1,0,1,0,0,1,1,1,0,0,1,0,101 001 110 010,short-circuit,0,Short Circuit,none,0,""
#1254,0,1,1,0,0,1,1,1,0,0,1,0,011 001 110 010,short-circuit,0,Short Circuit,none,0,""
#1255,1,1,1,0,0,1,1,1,0,0,1,0,111 001 110 010,short-circuit,0,Short Circuit,none,0,""
#1256,0,0,0,1,0,1,1,1,0,0,1,0,000 101 110 010,short-circuit,0,Short Circuit,none,0,""
#1257,1,0,0,1,0,1,1,1,0,0,1,0,100 101 110 010,short-circuit,0,Short Circuit,none,0,""
#1258,0,1,0,1,0,1,1,1,0,0,1,0,010 101 110 010,short-circuit,0,Short Circuit,none,0,""
#1259,1,1,0,1,0,1,1,1,0,0,1,0,110 101 110 010,short-circuit,0,Short Circuit,none,0,""
#1260,0,0,1,1,0,1,1,1,0,0,1,0,001 101 110 010,short-circuit,0,Short Circuit,none,0,""
#1261,1,0,1,1,0,1,1,1,0,0,1,0,101 101 110 010,short-circuit,0,Short Circuit,none,0,""
#1262,0,1,1,1,0,1,1,1,0,0,1,0,011 101 110 010,short-circuit,0,Short Circuit,none,0,""
#1263,1,1,1,1,0,1,1,1,0,0,1,0,111 101 110 010,short-circuit,0,Short Circuit,none,0,""
#1264,0,0,0,0,1,1,1,1,0,0,1,0,000 011 110 010,short-circuit,0,Short Circuit,none,0,""
#1265,1,0,0,0,1,1,1,1,0,0,1,0,100 011 110 010,short-circuit,0,Short Circuit,none,0,""
#1266,0,1,0,0,1,1,1,1,0,0,1,0,010 011 110 010,short-circuit,0,Short Circuit,none,0,""
#1267,1,1,0,0,1,1,1,1,0,0,1,0,110 011 110 010,short-circuit,0,Short Circuit,none,0,""
#1268,0,0,1,0,1,1,1,1,0,0,1,0,001 011 110 010,short-circuit,0,Short Circuit,none,0,""
#1269,1,0,1,0,1,1,1,1,0,0,1,0,101 011 110 010,short-circuit,0,Short Circuit,none,0,""
#1270,0,1,1,0,1,1,1,1,0,0,1,0,011 011 110 010,short-circuit,0,Short Circuit,none,0,""
#1271,1,1,1,0,1,1,1,1,0,0,1,0,111 011 110 010,short-circuit,0,Short Circuit,none,0,""
#1272,0,0,0,1,1,1,1,1,0,0,1,0,000 111 110 010,short-circuit,0,Short Circuit,none,0,""
#1273,1,0,0,1,1,1,1,1,0,0,1,0,100 111 110 010,short-circuit,0,Short Circuit,none,0,""
#1274,0,1,0,1,1,1,1,1,0,0,1,0,010 111 110 010,short-circuit,0,Short Circuit,none,0,""
#1275,1,1,0,1,1,1,1,1,0,0,1,0,110 111 110 010,short-circuit,0,Short Circuit,none,0,""
#1276,0,0,1,1,1,1,1,1,0,0,1,0,001 111 110 010,short-circuit,0,Short Circuit,none,0,""
#1277,1,0,1,1,1,1,1,1,0,0,1,0,101 111 110 010,short-circuit,0,Short Circuit,none,0,""
#1278,0,1,1,1,1,1,1,1,0,0,1,0,011 111 110 010,short-circuit,0,Short Circuit,none,0,""
#1279,1,1,1,1,1,1,1,1,0,0,1,0,111 111 110 010,short-circuit,0,Short Circuit,none,0,""
#1280,0,0,0,0,0,0,0,0,1,0,1,0,000 000 001 010,valid,0,0 V (no output),none,0,""
#1281,1,0,0,0,0,0,0,0,1,0,1,0,100 000 001 010,valid,0,0 V (no output),none,0,""
#1282,0,1,0,0,0,0,0,0,1,0,1,0,010 000 001 010,valid,0,0 V (no output),none,0,""
#1283,1,1,0,0,0,0,0,0,1,0,1,0,110 000 001 010,valid,0,0 V (no output),none,0,""
#1284,0,0,1,0,0,0,0,0,1,0,1,0,001 000 001 010,valid,0,0 V (no output),none,0,""
#1285,1,0,1,0,0,0,0,0,1,0,1,0,101 000 001 010,valid,0,0 V (no output),none,0,""
#1286,0,1,1,0,0,0,0,0,1,0,1,0,011 000 001 010,valid,0,0 V (no output),none,0,""
#1287,1,1,1,0,0,0,0,0,1,0,1,0,111 000 001 010,valid,0,0 V (no output),none,0,""
#1288,0,0,0,1,0,0,0,0,1,0,1,0,000 100 001 010,valid,0,0 V (no output),none,0,""
#1289,1,0,0,1,0,0,0,0,1,0,1,0,100 100 001 010,valid,0,0 V (no output),none,0,""
#1290,0,1,0,1,0,0,0,0,1,0,1,0,010 100 001 010,valid,0,0 V (no output),none,0,""
#1291,1,1,0,1,0,0,0,0,1,0,1,0,110 100 001 010,valid,0,0 V (no output),none,0,""
#1292,0,0,1,1,0,0,0,0,1,0,1,0,001 100 001 010,valid,0,0 V (no output),none,0,""
#1293,1,0,1,1,0,0,0,0,1,0,1,0,101 100 001 010,short-circuit,0,Short Circuit,none,0,""
#1294,0,1,1,1,0,0,0,0,1,0,1,0,011 100 001 010,valid,0,0 V (no output),none,0,""
#1295,1,1,1,1,0,0,0,0,1,0,1,0,111 100 001 010,short-circuit,0,Short Circuit,none,0,""
#1296,0,0,0,0,1,0,0,0,1,0,1,0,000 010 001 010,valid,0,0 V (no output),none,0,""
#1297,1,0,0,0,1,0,0,0,1,0,1,0,100 010 001 010,valid,0,0 V (no output),none,0,""
#1298,0,1,0,0,1,0,0,0,1,0,1,0,010 010 001 010,valid,0,0 V (no output),none,0,""
#1299,1,1,0,0,1,0,0,0,1,0,1,0,110 010 001 010,valid,0,0 V (no output),none,0,""
#1300,0,0,1,0,1,0,0,0,1,0,1,0,001 010 001 010,valid,0,0 V (no output),none,0,""
#1301,1,0,1,0,1,0,0,0,1,0,1,0,101 010 001 010,valid,0,0 V (no output),none,0,""
#1302,0,1,1,0,1,0,0,0,1,0,1,0,011 010 001 010,short-circuit,0,Short Circuit,none,0,""
#1303,1,1,1,0,1,0,0,0,1,0,1,0,111 010 001 010,short-circuit,0,Short Circuit,none,0,""
#1304,0,0,0,1,1,0,0,0,1,0,1,0,000 110 001 010,valid,0,0 V (no output),none,0,""
#1305,1,0,0,1,1,0,0,0,1,0,1,0,100 110 001 010,valid,0,0 V (no output),none,0,""
#1306,0,1,0,1,1,0,0,0,1,0,1,0,010 110 001 010,valid,0,0 V (no output),none,0,""
#1307,1,1,0,1,1,0,0,0,1,0,1,0,110 110 001 010,valid,0,0 V (no output),none,0,""
#1308,0,0,1,1,1,0,0,0,1,0,1,0,001 110 001 010,valid,0,0 V (no output),none,0,""
#1309,1,0,1,1,1,0,0,0,1,0,1,0,101 110 001 010,short-circuit,0,Short Circuit,none,0,""
#1310,0,1,1,1,1,0,0,0,1,0,1,0,011 110 001 010,short-circuit,0,Short Circuit,none,0,""
#1311,1,1,1,1,1,0,0,0,1,0,1,0,111 110 001 010,short-circuit,0,Short Circuit,none,0,""
#1312,0,0,0,0,0,1,0,0,1,0,1,0,000 001 001 010,valid,0,0 V (no output),none,0,""
#1313,1,0,0,0,0,1,0,0,1,0,1,0,100 001 001 010,valid,0,0 V (no output),none,0,""
#1314,0,1,0,0,0,1,0,0,1,0,1,0,010 001 001 010,valid,0,0 V (no output),none,0,""
#1315,1,1,0,0,0,1,0,0,1,0,1,0,110 001 001 010,valid,0,0 V (no output),none,0,""
#1316,0,0,1,0,0,1,0,0,1,0,1,0,001 001 001 010,valid,0,0 V (no output),none,0,""
#1317,1,0,1,0,0,1,0,0,1,0,1,0,101 001 001 010,valid,0,0 V (no output),none,0,""
#1318,0,1,1,0,0,1,0,0,1,0,1,0,011 001 001 010,short-circuit,0,Short Circuit,none,0,""
#1319,1,1,1,0,0,1,0,0,1,0,1,0,111 001 001 010,short-circuit,0,Short Circuit,none,0,""
#1320,0,0,0,1,0,1,0,0,1,0,1,0,000 101 001 010,valid,0,0 V (no output),none,0,""
#1321,1,0,0,1,0,1,0,0,1,0,1,0,100 101 001 010,valid,0,0 V (no output),none,0,""
#1322,0,1,0,1,0,1,0,0,1,0,1,0,010 101 001 010,valid,0,0 V (no output),none,0,""
#1323,1,1,0,1,0,1,0,0,1,0,1,0,110 101 001 010,short-circuit,0,Short Circuit,none,0,""
#1324,0,0,1,1,0,1,0,0,1,0,1,0,001 101 001 010,valid,0,0 V (no output),none,0,""
#1325,1,0,1,1,0,1,0,0,1,0,1,0,101 101 001 010,short-circuit,0,Short Circuit,none,0,""
#1326,0,1,1,1,0,1,0,0,1,0,1,0,011 101 001 010,short-circuit,0,Short Circuit,none,0,""
#1327,1,1,1,1,0,1,0,0,1,0,1,0,111 101 001 010,short-circuit,0,Short Circuit,none,0,""
#1328,0,0,0,0,1,1,0,0,1,0,1,0,000 011 001 010,short-circuit,0,Short Circuit,none,0,""
#1329,1,0,0,0,1,1,0,0,1,0,1,0,100 011 001 010,short-circuit,0,Short Circuit,none,0,""
#1330,0,1,0,0,1,1,0,0,1,0,1,0,010 011 001 010,short-circuit,0,Short Circuit,none,0,""
#1331,1,1,0,0,1,1,0,0,1,0,1,0,110 011 001 010,short-circuit,0,Short Circuit,none,0,""
#1332,0,0,1,0,1,1,0,0,1,0,1,0,001 011 001 010,short-circuit,0,Short Circuit,none,0,""
#1333,1,0,1,0,1,1,0,0,1,0,1,0,101 011 001 010,short-circuit,0,Short Circuit,none,0,""
#1334,0,1,1,0,1,1,0,0,1,0,1,0,011 011 001 010,short-circuit,0,Short Circuit,none,0,""
#1335,1,1,1,0,1,1,0,0,1,0,1,0,111 011 001 010,short-circuit,0,Short Circuit,none,0,""
#1336,0,0,0,1,1,1,0,0,1,0,1,0,000 111 001 010,short-circuit,0,Short Circuit,none,0,""
#1337,1,0,0,1,1,1,0,0,1,0,1,0,100 111 001 010,short-circuit,0,Short Circuit,none,0,""
#1338,0,1,0,1,1,1,0,0,1,0,1,0,010 111 001 010,short-circuit,0,Short Circuit,none,0,""
#1339,1,1,0,1,1,1,0,0,1,0,1,0,110 111 001 010,short-circuit,0,Short Circuit,none,0,""
#1340,0,0,1,1,1,1,0,0,1,0,1,0,001 111 001 010,short-circuit,0,Short Circuit,none,0,""
#1341,1,0,1,1,1,1,0,0,1,0,1,0,101 111 001 010,short-circuit,0,Short Circuit,none,0,""
#1342,0,1,1,1,1,1,0,0,1,0,1,0,011 111 001 010,short-circuit,0,Short Circuit,none,0,""
#1343,1,1,1,1,1,1,0,0,1,0,1,0,111 111 001 010,short-circuit,0,Short Circuit,none,0,""
#1344,0,0,0,0,0,0,1,0,1,0,1,0,000 000 101 010,valid,0,0 V (no output),none,0,""
#1345,1,0,0,0,0,0,1,0,1,0,1,0,100 000 101 010,valid,0,0 V (no output),none,0,""
#1346,0,1,0,0,0,0,1,0,1,0,1,0,010 000 101 010,valid,0,0 V (no output),none,0,""
#1347,1,1,0,0,0,0,1,0,1,0,1,0,110 000 101 010,short-circuit,0,Short Circuit,none,0,""
#1348,0,0,1,0,0,0,1,0,1,0,1,0,001 000 101 010,valid,0,0 V (no output),none,0,""
#1349,1,0,1,0,0,0,1,0,1,0,1,0,101 000 101 010,valid,0,0 V (no output),none,0,""
#1350,0,1,1,0,0,0,1,0,1,0,1,0,011 000 101 010,valid,0,0 V (no output),none,0,""
#1351,1,1,1,0,0,0,1,0,1,0,1,0,111 000 101 010,short-circuit,0,Short Circuit,none,0,""
#1352,0,0,0,1,0,0,1,0,1,0,1,0,000 100 101 010,valid,0,0 V (no output),none,0,""
#1353,1,0,0,1,0,0,1,0,1,0,1,0,100 100 101 010,valid,0,0 V (no output),none,0,""
#1354,0,1,0,1,0,0,1,0,1,0,1,0,010 100 101 010,valid,0,0 V (no output),none,0,""
#1355,1,1,0,1,0,0,1,0,1,0,1,0,110 100 101 010,short-circuit,0,Short Circuit,none,0,""
#1356,0,0,1,1,0,0,1,0,1,0,1,0,001 100 101 010,valid,0,0 V (no output),none,0,""
#1357,1,0,1,1,0,0,1,0,1,0,1,0,101 100 101 010,short-circuit,0,Short Circuit,none,0,""
#1358,0,1,1,1,0,0,1,0,1,0,1,0,011 100 101 010,short-circuit,0,Short Circuit,none,0,""
#1359,1,1,1,1,0,0,1,0,1,0,1,0,111 100 101 010,short-circuit,0,Short Circuit,none,0,""
#1360,0,0,0,0,1,0,1,0,1,0,1,0,000 010 101 010,valid,0,0 V (no output),none,0,""
#1361,1,0,0,0,1,0,1,0,1,0,1,0,100 010 101 010,valid,0,0 V (no output),none,0,""
#1362,0,1,0,0,1,0,1,0,1,0,1,0,010 010 101 010,valid,0,0 V (no output),none,0,""
#1363,1,1,0,0,1,0,1,0,1,0,1,0,110 010 101 010,short-circuit,0,Short Circuit,none,0,""
#1364,0,0,1,0,1,0,1,0,1,0,1,0,001 010 101 010,valid,0,0 V (no output),none,0,""
#1365,1,0,1,0,1,0,1,0,1,0,1,0,101 010 101 010,valid,0,0 V (no output),none,0,""
#1366,0,1,1,0,1,0,1,0,1,0,1,0,011 010 101 010,short-circuit,0,Short Circuit,none,0,""
#1367,1,1,1,0,1,0,1,0,1,0,1,0,111 010 101 010,short-circuit,0,Short Circuit,none,0,""
#1368,0,0,0,1,1,0,1,0,1,0,1,0,000 110 101 010,short-circuit,0,Short Circuit,none,0,""
#1369,1,0,0,1,1,0,1,0,1,0,1,0,100 110 101 010,short-circuit,0,Short Circuit,none,0,""
#1370,0,1,0,1,1,0,1,0,1,0,1,0,010 110 101 010,short-circuit,0,Short Circuit,none,0,""
#1371,1,1,0,1,1,0,1,0,1,0,1,0,110 110 101 010,short-circuit,0,Short Circuit,none,0,""
#1372,0,0,1,1,1,0,1,0,1,0,1,0,001 110 101 010,short-circuit,0,Short Circuit,none,0,""
#1373,1,0,1,1,1,0,1,0,1,0,1,0,101 110 101 010,short-circuit,0,Short Circuit,none,0,""
#1374,0,1,1,1,1,0,1,0,1,0,1,0,011 110 101 010,short-circuit,0,Short Circuit,none,0,""
#1375,1,1,1,1,1,0,1,0,1,0,1,0,111 110 101 010,short-circuit,0,Short Circuit,none,0,""
#1376,0,0,0,0,0,1,1,0,1,0,1,0,000 001 101 010,valid,0,0 V (no output),none,0,""
#1377,1,0,0,0,0,1,1,0,1,0,1,0,100 001 101 010,valid,0,0 V (no output),none,0,""
#1378,0,1,0,0,0,1,1,0,1,0,1,0,010 001 101 010,valid,0,0 V (no output),none,0,""
#1379,1,1,0,0,0,1,1,0,1,0,1,0,110 001 101 010,short-circuit,0,Short Circuit,none,0,""
#1380,0,0,1,0,0,1,1,0,1,0,1,0,001 001 101 010,valid,0,0 V (no output),none,0,""
#1381,1,0,1,0,0,1,1,0,1,0,1,0,101 001 101 010,short-circuit,0,Short Circuit,none,0,""
#1382,0,1,1,0,0,1,1,0,1,0,1,0,011 001 101 010,short-circuit,0,Short Circuit,none,0,""
#1383,1,1,1,0,0,1,1,0,1,0,1,0,111 001 101 010,short-circuit,0,Short Circuit,none,0,""
#1384,0,0,0,1,0,1,1,0,1,0,1,0,000 101 101 010,short-circuit,0,Short Circuit,none,0,""
#1385,1,0,0,1,0,1,1,0,1,0,1,0,100 101 101 010,short-circuit,0,Short Circuit,none,0,""
#1386,0,1,0,1,0,1,1,0,1,0,1,0,010 101 101 010,short-circuit,0,Short Circuit,none,0,""
#1387,1,1,0,1,0,1,1,0,1,0,1,0,110 101 101 010,short-circuit,0,Short Circuit,none,0,""
#1388,0,0,1,1,0,1,1,0,1,0,1,0,001 101 101 010,short-circuit,0,Short Circuit,none,0,""
#1389,1,0,1,1,0,1,1,0,1,0,1,0,101 101 101 010,short-circuit,0,Short Circuit,none,0,""
#1390,0,1,1,1,0,1,1,0,1,0,1,0,011 101 101 010,short-circuit,0,Short Circuit,none,0,""
#1391,1,1,1,1,0,1,1,0,1,0,1,0,111 101 101 010,short-circuit,0,Short Circuit,none,0,""
#1392,0,0,0,0,1,1,1,0,1,0,1,0,000 011 101 010,short-circuit,0,Short Circuit,none,0,""
#1393,1,0,0,0,1,1,1,0,1,0,1,0,100 011 101 010,short-circuit,0,Short Circuit,none,0,""
#1394,0,1,0,0,1,1,1,0,1,0,1,0,010 011 101 010,short-circuit,0,Short Circuit,none,0,""
#1395,1,1,0,0,1,1,1,0,1,0,1,0,110 011 101 010,short-circuit,0,Short Circuit,none,0,""
#1396,0,0,1,0,1,1,1,0,1,0,1,0,001 011 101 010,short-circuit,0,Short Circuit,none,0,""
#1397,1,0,1,0,1,1,1,0,1,0,1,0,101 011 101 010,short-circuit,0,Short Circuit,none,0,""
#1398,0,1,1,0,1,1,1,0,1,0,1,0,011 011 101 010,short-circuit,0,Short Circuit,none,0,""
#1399,1,1,1,0,1,1,1,0,1,0,1,0,111 011 101 010,short-circuit,0,Short Circuit,none,0,""
#1400,0,0,0,1,1,1,1,0,1,0,1,0,000 111 101 010,short-circuit,0,Short Circuit,none,0,""
#1401,1,0,0,1,1,1,1,0,1,0,1,0,100 111 101 010,short-circuit,0,Short Circuit,none,0,""
#1402,0,1,0,1,1,1,1,0,1,0,1,0,010 111 101 010,short-circuit,0,Short Circuit,none,0,""
#1403,1,1,0,1,1,1,1,0,1,0,1,0,110 111 101 010,short-circuit,0,Short Circuit,none,0,""
#1404,0,0,1,1,1,1,1,0,1,0,1,0,001 111 101 010,short-circuit,0,Short Circuit,none,0,""
#1405,1,0,1,1,1,1,1,0,1,0,1,0,101 111 101 010,short-circuit,0,Short Circuit,none,0,""
#1406,0,1,1,1,1,1,1,0,1,0,1,0,011 111 101 010,short-circuit,0,Short Circuit,none,0,""
#1407,1,1,1,1,1,1,1,0,1,0,1,0,111 111 101 010,short-circuit,0,Short Circuit,none,0,""
#1408,0,0,0,0,0,0,0,1,1,0,1,0,000 000 011 010,short-circuit,0,Short Circuit,none,0,""
#1409,1,0,0,0,0,0,0,1,1,0,1,0,100 000 011 010,short-circuit,0,Short Circuit,none,0,""
#1410,0,1,0,0,0,0,0,1,1,0,1,0,010 000 011 010,short-circuit,0,Short Circuit,none,0,""
#1411,1,1,0,0,0,0,0,1,1,0,1,0,110 000 011 010,short-circuit,0,Short Circuit,none,0,""
#1412,0,0,1,0,0,0,0,1,1,0,1,0,001 000 011 010,short-circuit,0,Short Circuit,none,0,""
#1413,1,0,1,0,0,0,0,1,1,0,1,0,101 000 011 010,short-circuit,0,Short Circuit,none,0,""
#1414,0,1,1,0,0,0,0,1,1,0,1,0,011 000 011 010,short-circuit,0,Short Circuit,none,0,""
#1415,1,1,1,0,0,0,0,1,1,0,1,0,111 000 011 010,short-circuit,0,Short Circuit,none,0,""
#1416,0,0,0,1,0,0,0,1,1,0,1,0,000 100 011 010,short-circuit,0,Short Circuit,none,0,""
#1417,1,0,0,1,0,0,0,1,1,0,1,0,100 100 011 010,short-circuit,0,Short Circuit,none,0,""
#1418,0,1,0,1,0,0,0,1,1,0,1,0,010 100 011 010,short-circuit,0,Short Circuit,none,0,""
#1419,1,1,0,1,0,0,0,1,1,0,1,0,110 100 011 010,short-circuit,0,Short Circuit,none,0,""
#1420,0,0,1,1,0,0,0,1,1,0,1,0,001 100 011 010,short-circuit,0,Short Circuit,none,0,""
#1421,1,0,1,1,0,0,0,1,1,0,1,0,101 100 011 010,short-circuit,0,Short Circuit,none,0,""
#1422,0,1,1,1,0,0,0,1,1,0,1,0,011 100 011 010,short-circuit,0,Short Circuit,none,0,""
#1423,1,1,1,1,0,0,0,1,1,0,1,0,111 100 011 010,short-circuit,0,Short Circuit,none,0,""
#1424,0,0,0,0,1,0,0,1,1,0,1,0,000 010 011 010,short-circuit,0,Short Circuit,none,0,""
#1425,1,0,0,0,1,0,0,1,1,0,1,0,100 010 011 010,short-circuit,0,Short Circuit,none,0,""
#1426,0,1,0,0,1,0,0,1,1,0,1,0,010 010 011 010,short-circuit,0,Short Circuit,none,0,""
#1427,1,1,0,0,1,0,0,1,1,0,1,0,110 010 011 010,short-circuit,0,Short Circuit,none,0,""
#1428,0,0,1,0,1,0,0,1,1,0,1,0,001 010 011 010,short-circuit,0,Short Circuit,none,0,""
#1429,1,0,1,0,1,0,0,1,1,0,1,0,101 010 011 010,short-circuit,0,Short Circuit,none,0,""
#1430,0,1,1,0,1,0,0,1,1,0,1,0,011 010 011 010,short-circuit,0,Short Circuit,none,0,""
#1431,1,1,1,0,1,0,0,1,1,0,1,0,111 010 011 010,short-circuit,0,Short Circuit,none,0,""
#1432,0,0,0,1,1,0,0,1,1,0,1,0,000 110 011 010,short-circuit,0,Short Circuit,none,0,""
#1433,1,0,0,1,1,0,0,1,1,0,1,0,100 110 011 010,short-circuit,0,Short Circuit,none,0,""
#1434,0,1,0,1,1,0,0,1,1,0,1,0,010 110 011 010,short-circuit,0,Short Circuit,none,0,""
#1435,1,1,0,1,1,0,0,1,1,0,1,0,110 110 011 010,short-circuit,0,Short Circuit,none,0,""
#1436,0,0,1,1,1,0,0,1,1,0,1,0,001 110 011 010,short-circuit,0,Short Circuit,none,0,""
#1437,1,0,1,1,1,0,0,1,1,0,1,0,101 110 011 010,short-circuit,0,Short Circuit,none,0,""
#1438,0,1,1,1,1,0,0,1,1,0,1,0,011 110 011 010,short-circuit,0,Short Circuit,none,0,""
#1439,1,1,1,1,1,0,0,1,1,0,1,0,111 110 011 010,short-circuit,0,Short Circuit,none,0,""
#1440,0,0,0,0,0,1,0,1,1,0,1,0,000 001 011 010,short-circuit,0,Short Circuit,none,0,""
#1441,1,0,0,0,0,1,0,1,1,0,1,0,100 001 011 010,short-circuit,0,Short Circuit,none,0,""
#1442,0,1,0,0,0,1,0,1,1,0,1,0,010 001 011 010,short-circuit,0,Short Circuit,none,0,""
#1443,1,1,0,0,0,1,0,1,1,0,1,0,110 001 011 010,short-circuit,0,Short Circuit,none,0,""
#1444,0,0,1,0,0,1,0,1,1,0,1,0,001 001 011 010,short-circuit,0,Short Circuit,none,0,""
#1445,1,0,1,0,0,1,0,1,1,0,1,0,101 001 011 010,short-circuit,0,Short Circuit,none,0,""
#1446,0,1,1,0,0,1,0,1,1,0,1,0,011 001 011 010,short-circuit,0,Short Circuit,none,0,""
#1447,1,1,1,0,0,1,0,1,1,0,1,0,111 001 011 010,short-circuit,0,Short Circuit,none,0,""
#1448,0,0,0,1,0,1,0,1,1,0,1,0,000 101 011 010,short-circuit,0,Short Circuit,none,0,""
#1449,1,0,0,1,0,1,0,1,1,0,1,0,100 101 011 010,short-circuit,0,Short Circuit,none,0,""
#1450,0,1,0,1,0,1,0,1,1,0,1,0,010 101 011 010,short-circuit,0,Short Circuit,none,0,""
#1451,1,1,0,1,0,1,0,1,1,0,1,0,110 101 011 010,short-circuit,0,Short Circuit,none,0,""
#1452,0,0,1,1,0,1,0,1,1,0,1,0,001 101 011 010,short-circuit,0,Short Circuit,none,0,""
#1453,1,0,1,1,0,1,0,1,1,0,1,0,101 101 011 010,short-circuit,0,Short Circuit,none,0,""
#1454,0,1,1,1,0,1,0,1,1,0,1,0,011 101 011 010,short-circuit,0,Short Circuit,none,0,""
#1455,1,1,1,1,0,1,0,1,1,0,1,0,111 101 011 010,short-circuit,0,Short Circuit,none,0,""
#1456,0,0,0,0,1,1,0,1,1,0,1,0,000 011 011 010,short-circuit,0,Short Circuit,none,0,""
#1457,1,0,0,0,1,1,0,1,1,0,1,0,100 011 011 010,short-circuit,0,Short Circuit,none,0,""
#1458,0,1,0,0,1,1,0,1,1,0,1,0,010 011 011 010,short-circuit,0,Short Circuit,none,0,""
#1459,1,1,0,0,1,1,0,1,1,0,1,0,110 011 011 010,short-circuit,0,Short Circuit,none,0,""
#1460,0,0,1,0,1,1,0,1,1,0,1,0,001 011 011 010,short-circuit,0,Short Circuit,none,0,""
#1461,1,0,1,0,1,1,0,1,1,0,1,0,101 011 011 010,short-circuit,0,Short Circuit,none,0,""
#1462,0,1,1,0,1,1,0,1,1,0,1,0,011 011 011 010,short-circuit,0,Short Circuit,none,0,""
#1463,1,1,1,0,1,1,0,1,1,0,1,0,111 011 011 010,short-circuit,0,Short Circuit,none,0,""
#1464,0,0,0,1,1,1,0,1,1,0,1,0,000 111 011 010,short-circuit,0,Short Circuit,none,0,""
#1465,1,0,0,1,1,1,0,1,1,0,1,0,100 111 011 010,short-circuit,0,Short Circuit,none,0,""
#1466,0,1,0,1,1,1,0,1,1,0,1,0,010 111 011 010,short-circuit,0,Short Circuit,none,0,""
#1467,1,1,0,1,1,1,0,1,1,0,1,0,110 111 011 010,short-circuit,0,Short Circuit,none,0,""
#1468,0,0,1,1,1,1,0,1,1,0,1,0,001 111 011 010,short-circuit,0,Short Circuit,none,0,""
#1469,1,0,1,1,1,1,0,1,1,0,1,0,101 111 011 010,short-circuit,0,Short Circuit,none,0,""
#1470,0,1,1,1,1,1,0,1,1,0,1,0,011 111 011 010,short-circuit,0,Short Circuit,none,0,""
#1471,1,1,1,1,1,1,0,1,1,0,1,0,111 111 011 010,short-circuit,0,Short Circuit,none,0,""
#1472,0,0,0,0,0,0,1,1,1,0,1,0,000 000 111 010,short-circuit,0,Short Circuit,none,0,""
#1473,1,0,0,0,0,0,1,1,1,0,1,0,100 000 111 010,short-circuit,0,Short Circuit,none,0,""
#1474,0,1,0,0,0,0,1,1,1,0,1,0,010 000 111 010,short-circuit,0,Short Circuit,none,0,""
#1475,1,1,0,0,0,0,1,1,1,0,1,0,110 000 111 010,short-circuit,0,Short Circuit,none,0,""
#1476,0,0,1,0,0,0,1,1,1,0,1,0,001 000 111 010,short-circuit,0,Short Circuit,none,0,""
#1477,1,0,1,0,0,0,1,1,1,0,1,0,101 000 111 010,short-circuit,0,Short Circuit,none,0,""
#1478,0,1,1,0,0,0,1,1,1,0,1,0,011 000 111 010,short-circuit,0,Short Circuit,none,0,""
#1479,1,1,1,0,0,0,1,1,1,0,1,0,111 000 111 010,short-circuit,0,Short Circuit,none,0,""
#1480,0,0,0,1,0,0,1,1,1,0,1,0,000 100 111 010,short-circuit,0,Short Circuit,none,0,""
#1481,1,0,0,1,0,0,1,1,1,0,1,0,100 100 111 010,short-circuit,0,Short Circuit,none,0,""
#1482,0,1,0,1,0,0,1,1,1,0,1,0,010 100 111 010,short-circuit,0,Short Circuit,none,0,""
#1483,1,1,0,1,0,0,1,1,1,0,1,0,110 100 111 010,short-circuit,0,Short Circuit,none,0,""
#1484,0,0,1,1,0,0,1,1,1,0,1,0,001 100 111 010,short-circuit,0,Short Circuit,none,0,""
#1485,1,0,1,1,0,0,1,1,1,0,1,0,101 100 111 010,short-circuit,0,Short Circuit,none,0,""
#1486,0,1,1,1,0,0,1,1,1,0,1,0,011 100 111 010,short-circuit,0,Short Circuit,none,0,""
#1487,1,1,1,1,0,0,1,1,1,0,1,0,111 100 111 010,short-circuit,0,Short Circuit,none,0,""
#1488,0,0,0,0,1,0,1,1,1,0,1,0,000 010 111 010,short-circuit,0,Short Circuit,none,0,""
#1489,1,0,0,0,1,0,1,1,1,0,1,0,100 010 111 010,short-circuit,0,Short Circuit,none,0,""
#1490,0,1,0,0,1,0,1,1,1,0,1,0,010 010 111 010,short-circuit,0,Short Circuit,none,0,""
#1491,1,1,0,0,1,0,1,1,1,0,1,0,110 010 111 010,short-circuit,0,Short Circuit,none,0,""
#1492,0,0,1,0,1,0,1,1,1,0,1,0,001 010 111 010,short-circuit,0,Short Circuit,none,0,""
#1493,1,0,1,0,1,0,1,1,1,0,1,0,101 010 111 010,short-circuit,0,Short Circuit,none,0,""
#1494,0,1,1,0,1,0,1,1,1,0,1,0,011 010 111 010,short-circuit,0,Short Circuit,none,0,""
#1495,1,1,1,0,1,0,1,1,1,0,1,0,111 010 111 010,short-circuit,0,Short Circuit,none,0,""
#1496,0,0,0,1,1,0,1,1,1,0,1,0,000 110 111 010,short-circuit,0,Short Circuit,none,0,""
#1497,1,0,0,1,1,0,1,1,1,0,1,0,100 110 111 010,short-circuit,0,Short Circuit,none,0,""
#1498,0,1,0,1,1,0,1,1,1,0,1,0,010 110 111 010,short-circuit,0,Short Circuit,none,0,""
#1499,1,1,0,1,1,0,1,1,1,0,1,0,110 110 111 010,short-circuit,0,Short Circuit,none,0,""
#1500,0,0,1,1,1,0,1,1,1,0,1,0,001 110 111 010,short-circuit,0,Short Circuit,none,0,""
#1501,1,0,1,1,1,0,1,1,1,0,1,0,101 110 111 010,short-circuit,0,Short Circuit,none,0,""
#1502,0,1,1,1,1,0,1,1,1,0,1,0,011 110 111 010,short-circuit,0,Short Circuit,none,0,""
#1503,1,1,1,1,1,0,1,1,1,0,1,0,111 110 111 010,short-circuit,0,Short Circuit,none,0,""
#1504,0,0,0,0,0,1,1,1,1,0,1,0,000 001 111 010,short-circuit,0,Short Circuit,none,0,""
#1505,1,0,0,0,0,1,1,1,1,0,1,0,100 001 111 010,short-circuit,0,Short Circuit,none,0,""
#1506,0,1,0,0,0,1,1,1,1,0,1,0,010 001 111 010,short-circuit,0,Short Circuit,none,0,""
#1507,1,1,0,0,0,1,1,1,1,0,1,0,110 001 111 010,short-circuit,0,Short Circuit,none,0,""
#1508,0,0,1,0,0,1,1,1,1,0,1,0,001 001 111 010,short-circuit,0,Short Circuit,none,0,""
#1509,1,0,1,0,0,1,1,1,1,0,1,0,101 001 111 010,short-circuit,0,Short Circuit,none,0,""
#1510,0,1,1,0,0,1,1,1,1,0,1,0,011 001 111 010,short-circuit,0,Short Circuit,none,0,""
#1511,1,1,1,0,0,1,1,1,1,0,1,0,111 001 111 010,short-circuit,0,Short Circuit,none,0,""
#1512,0,0,0,1,0,1,1,1,1,0,1,0,000 101 111 010,short-circuit,0,Short Circuit,none,0,""
#1513,1,0,0,1,0,1,1,1,1,0,1,0,100 101 111 010,short-circuit,0,Short Circuit,none,0,""
#1514,0,1,0,1,0,1,1,1,1,0,1,0,010 101 111 010,short-circuit,0,Short Circuit,none,0,""
#1515,1,1,0,1,0,1,1,1,1,0,1,0,110 101 111 010,short-circuit,0,Short Circuit,none,0,""
#1516,0,0,1,1,0,1,1,1,1,0,1,0,001 101 111 010,short-circuit,0,Short Circuit,none,0,""
#1517,1,0,1,1,0,1,1,1,1,0,1,0,101 101 111 010,short-circuit,0,Short Circuit,none,0,""
#1518,0,1,1,1,0,1,1,1,1,0,1,0,011 101 111 010,short-circuit,0,Short Circuit,none,0,""
#1519,1,1,1,1,0,1,1,1,1,0,1,0,111 101 111 010,short-circuit,0,Short Circuit,none,0,""
#1520,0,0,0,0,1,1,1,1,1,0,1,0,000 011 111 010,short-circuit,0,Short Circuit,none,0,""
#1521,1,0,0,0,1,1,1,1,1,0,1,0,100 011 111 010,short-circuit,0,Short Circuit,none,0,""
#1522,0,1,0,0,1,1,1,1,1,0,1,0,010 011 111 010,short-circuit,0,Short Circuit,none,0,""
#1523,1,1,0,0,1,1,1,1,1,0,1,0,110 011 111 010,short-circuit,0,Short Circuit,none,0,""
#1524,0,0,1,0,1,1,1,1,1,0,1,0,001 011 111 010,short-circuit,0,Short Circuit,none,0,""
#1525,1,0,1,0,1,1,1,1,1,0,1,0,101 011 111 010,short-circuit,0,Short Circuit,none,0,""
#1526,0,1,1,0,1,1,1,1,1,0,1,0,011 011 111 010,short-circuit,0,Short Circuit,none,0,""
#1527,1,1,1,0,1,1,1,1,1,0,1,0,111 011 111 010,short-circuit,0,Short Circuit,none,0,""
#1528,0,0,0,1,1,1,1,1,1,0,1,0,000 111 111 010,short-circuit,0,Short Circuit,none,0,""
#1529,1,0,0,1,1,1,1,1,1,0,1,0,100 111 111 010,short-circuit,0,Short Circuit,none,0,""
#1530,0,1,0,1,1,1,1,1,1,0,1,0,010 111 111 010,short-circuit,0,Short Circuit,none,0,""
#1531,1,1,0,1,1,1,1,1,1,0,1,0,110 111 111 010,short-circuit,0,Short Circuit,none,0,""
#1532,0,0,1,1,1,1,1,1,1,0,1,0,001 111 111 010,short-circuit,0,Short Circuit,none,0,""
#1533,1,0,1,1,1,1,1,1,1,0,1,0,101 111 111 010,short-circuit,0,Short Circuit,none,0,""
#1534,0,1,1,1,1,1,1,1,1,0,1,0,011 111 111 010,short-circuit,0,Short Circuit,none,0,""
#1535,1,1,1,1,1,1,1,1,1,0,1,0,111 111 111 010,short-circuit,0,Short Circuit,none,0,""
#1536,0,0,0,0,0,0,0,0,0,1,1,0,000 000 000 110,valid,0,0 V (no output),none,0,""
#1537,1,0,0,0,0,0,0,0,0,1,1,0,100 000 000 110,valid,0,0 V (no output),none,0,""
#1538,0,1,0,0,0,0,0,0,0,1,1,0,010 000 000 110,valid,0,0 V (no output),none,0,""
#1539,1,1,0,0,0,0,0,0,0,1,1,0,110 000 000 110,valid,0,0 V (no output),none,0,""
#1540,0,0,1,0,0,0,0,0,0,1,1,0,001 000 000 110,valid,0,0 V (no output),none,0,""
#1541,1,0,1,0,0,0,0,0,0,1,1,0,101 000 000 110,valid,0,0 V (no output),none,0,""
#1542,0,1,1,0,0,0,0,0,0,1,1,0,011 000 000 110,valid,0,0 V (no output),none,0,""
#1543,1,1,1,0,0,0,0,0,0,1,1,0,111 000 000 110,valid,0,0 V (no output),none,0,""
#1544,0,0,0,1,0,0,0,0,0,1,1,0,000 100 000 110,valid,0,0 V (no output),none,0,""
#1545,1,0,0,1,0,0,0,0,0,1,1,0,100 100 000 110,valid,0,0 V (no output),none,0,""
#1546,0,1,0,1,0,0,0,0,0,1,1,0,010 100 000 110,valid,0,0 V (no output),none,0,""
#1547,1,1,0,1,0,0,0,0,0,1,1,0,110 100 000 110,valid,0,0 V (no output),none,0,""
#1548,0,0,1,1,0,0,0,0,0,1,1,0,001 100 000 110,valid,0,0 V (no output),none,0,""
#1549,1,0,1,1,0,0,0,0,0,1,1,0,101 100 000 110,short-circuit,0,Short Circuit,none,0,""
#1550,0,1,1,1,0,0,0,0,0,1,1,0,011 100 000 110,short-circuit,0,Short Circuit,none,0,""
#1551,1,1,1,1,0,0,0,0,0,1,1,0,111 100 000 110,short-circuit,0,Short Circuit,none,0,""
#1552,0,0,0,0,1,0,0,0,0,1,1,0,000 010 000 110,valid,0,0 V (no output),none,0,""
#1553,1,0,0,0,1,0,0,0,0,1,1,0,100 010 000 110,valid,0,0 V (no output),none,0,""
#1554,0,1,0,0,1,0,0,0,0,1,1,0,010 010 000 110,valid,0,0 V (no output),none,0,""
#1555,1,1,0,0,1,0,0,0,0,1,1,0,110 010 000 110,valid,0,0 V (no output),none,0,""
#1556,0,0,1,0,1,0,0,0,0,1,1,0,001 010 000 110,valid,0,0 V (no output),none,0,""
#1557,1,0,1,0,1,0,0,0,0,1,1,0,101 010 000 110,short-circuit,0,Short Circuit,none,0,""
#1558,0,1,1,0,1,0,0,0,0,1,1,0,011 010 000 110,short-circuit,0,Short Circuit,none,0,""
#1559,1,1,1,0,1,0,0,0,0,1,1,0,111 010 000 110,short-circuit,0,Short Circuit,none,0,""
#1560,0,0,0,1,1,0,0,0,0,1,1,0,000 110 000 110,valid,0,0 V (no output),none,0,""
#1561,1,0,0,1,1,0,0,0,0,1,1,0,100 110 000 110,valid,0,0 V (no output),none,0,""
#1562,0,1,0,1,1,0,0,0,0,1,1,0,010 110 000 110,valid,0,0 V (no output),none,0,""
#1563,1,1,0,1,1,0,0,0,0,1,1,0,110 110 000 110,valid,0,0 V (no output),none,0,""
#1564,0,0,1,1,1,0,0,0,0,1,1,0,001 110 000 110,valid,0,0 V (no output),none,0,""
#1565,1,0,1,1,1,0,0,0,0,1,1,0,101 110 000 110,short-circuit,0,Short Circuit,none,0,""
#1566,0,1,1,1,1,0,0,0,0,1,1,0,011 110 000 110,short-circuit,0,Short Circuit,none,0,""
#1567,1,1,1,1,1,0,0,0,0,1,1,0,111 110 000 110,short-circuit,0,Short Circuit,none,0,""
#1568,0,0,0,0,0,1,0,0,0,1,1,0,000 001 000 110,valid,0,0 V (no output),none,0,""
#1569,1,0,0,0,0,1,0,0,0,1,1,0,100 001 000 110,valid,0,0 V (no output),none,0,""
#1570,0,1,0,0,0,1,0,0,0,1,1,0,010 001 000 110,valid,0,0 V (no output),none,0,""
#1571,1,1,0,0,0,1,0,0,0,1,1,0,110 001 000 110,valid,0,0 V (no output),none,0,""
#1572,0,0,1,0,0,1,0,0,0,1,1,0,001 001 000 110,valid,0,0 V (no output),none,0,""
#1573,1,0,1,0,0,1,0,0,0,1,1,0,101 001 000 110,valid,0,0 V (no output),none,0,""
#1574,0,1,1,0,0,1,0,0,0,1,1,0,011 001 000 110,valid,0,0 V (no output),none,0,""
#1575,1,1,1,0,0,1,0,0,0,1,1,0,111 001 000 110,valid,0,0 V (no output),none,0,""
#1576,0,0,0,1,0,1,0,0,0,1,1,0,000 101 000 110,valid,0,0 V (no output),none,0,""
#1577,1,0,0,1,0,1,0,0,0,1,1,0,100 101 000 110,valid,0,0 V (no output),none,0,""
#1578,0,1,0,1,0,1,0,0,0,1,1,0,010 101 000 110,valid,0,0 V (no output),none,0,""
#1579,1,1,0,1,0,1,0,0,0,1,1,0,110 101 000 110,valid,0,0 V (no output),none,0,""
#1580,0,0,1,1,0,1,0,0,0,1,1,0,001 101 000 110,valid,0,0 V (no output),none,0,""
#1581,1,0,1,1,0,1,0,0,0,1,1,0,101 101 000 110,short-circuit,0,Short Circuit,none,0,""
#1582,0,1,1,1,0,1,0,0,0,1,1,0,011 101 000 110,short-circuit,0,Short Circuit,none,0,""
#1583,1,1,1,1,0,1,0,0,0,1,1,0,111 101 000 110,short-circuit,0,Short Circuit,none,0,""
#1584,0,0,0,0,1,1,0,0,0,1,1,0,000 011 000 110,valid,0,0 V (no output),none,0,""
#1585,1,0,0,0,1,1,0,0,0,1,1,0,100 011 000 110,valid,0,0 V (no output),none,0,""
#1586,0,1,0,0,1,1,0,0,0,1,1,0,010 011 000 110,valid,0,0 V (no output),none,0,""
#1587,1,1,0,0,1,1,0,0,0,1,1,0,110 011 000 110,valid,0,0 V (no output),none,0,""
#1588,0,0,1,0,1,1,0,0,0,1,1,0,001 011 000 110,valid,0,0 V (no output),none,0,""
#1589,1,0,1,0,1,1,0,0,0,1,1,0,101 011 000 110,short-circuit,0,Short Circuit,none,0,""
#1590,0,1,1,0,1,1,0,0,0,1,1,0,011 011 000 110,short-circuit,0,Short Circuit,none,0,""
#1591,1,1,1,0,1,1,0,0,0,1,1,0,111 011 000 110,short-circuit,0,Short Circuit,none,0,""
#1592,0,0,0,1,1,1,0,0,0,1,1,0,000 111 000 110,valid,0,0 V (no output),none,0,""
#1593,1,0,0,1,1,1,0,0,0,1,1,0,100 111 000 110,valid,0,0 V (no output),none,0,""
#1594,0,1,0,1,1,1,0,0,0,1,1,0,010 111 000 110,valid,0,0 V (no output),none,0,""
#1595,1,1,0,1,1,1,0,0,0,1,1,0,110 111 000 110,valid,0,0 V (no output),none,0,""
#1596,0,0,1,1,1,1,0,0,0,1,1,0,001 111 000 110,valid,0,0 V (no output),none,0,""
#1597,1,0,1,1,1,1,0,0,0,1,1,0,101 111 000 110,short-circuit,0,Short Circuit,none,0,""
#1598,0,1,1,1,1,1,0,0,0,1,1,0,011 111 000 110,short-circuit,0,Short Circuit,none,0,""
#1599,1,1,1,1,1,1,0,0,0,1,1,0,111 111 000 110,short-circuit,0,Short Circuit,none,0,""
#1600,0,0,0,0,0,0,1,0,0,1,1,0,000 000 100 110,valid,0,0 V (no output),none,0,""
#1601,1,0,0,0,0,0,1,0,0,1,1,0,100 000 100 110,valid,0,0 V (no output),none,0,""
#1602,0,1,0,0,0,0,1,0,0,1,1,0,010 000 100 110,valid,0,0 V (no output),none,0,""
#1603,1,1,0,0,0,0,1,0,0,1,1,0,110 000 100 110,valid,0,0 V (no output),none,0,""
#1604,0,0,1,0,0,0,1,0,0,1,1,0,001 000 100 110,valid,0,0 V (no output),none,0,""
#1605,1,0,1,0,0,0,1,0,0,1,1,0,101 000 100 110,valid,0,0 V (no output),none,0,""
#1606,0,1,1,0,0,0,1,0,0,1,1,0,011 000 100 110,valid,0,0 V (no output),none,0,""
#1607,1,1,1,0,0,0,1,0,0,1,1,0,111 000 100 110,valid,0,0 V (no output),none,0,""
#1608,0,0,0,1,0,0,1,0,0,1,1,0,000 100 100 110,valid,0,0 V (no output),none,0,""
#1609,1,0,0,1,0,0,1,0,0,1,1,0,100 100 100 110,valid,0,0 V (no output),none,0,""
#1610,0,1,0,1,0,0,1,0,0,1,1,0,010 100 100 110,valid,0,0 V (no output),none,0,""
#1611,1,1,0,1,0,0,1,0,0,1,1,0,110 100 100 110,valid,0,0 V (no output),none,0,""
#1612,0,0,1,1,0,0,1,0,0,1,1,0,001 100 100 110,valid,0,0 V (no output),none,0,""
#1613,1,0,1,1,0,0,1,0,0,1,1,0,101 100 100 110,short-circuit,0,Short Circuit,none,0,""
#1614,0,1,1,1,0,0,1,0,0,1,1,0,011 100 100 110,short-circuit,0,Short Circuit,none,0,""
#1615,1,1,1,1,0,0,1,0,0,1,1,0,111 100 100 110,short-circuit,0,Short Circuit,none,0,""
#1616,0,0,0,0,1,0,1,0,0,1,1,0,000 010 100 110,valid,0,0 V (no output),none,0,""
#1617,1,0,0,0,1,0,1,0,0,1,1,0,100 010 100 110,valid,0,0 V (no output),none,0,""
#1618,0,1,0,0,1,0,1,0,0,1,1,0,010 010 100 110,valid,0,0 V (no output),none,0,""
#1619,1,1,0,0,1,0,1,0,0,1,1,0,110 010 100 110,valid,0,0 V (no output),none,0,""
#1620,0,0,1,0,1,0,1,0,0,1,1,0,001 010 100 110,valid,0,0 V (no output),none,0,""
#1621,1,0,1,0,1,0,1,0,0,1,1,0,101 010 100 110,short-circuit,0,Short Circuit,none,0,""
#1622,0,1,1,0,1,0,1,0,0,1,1,0,011 010 100 110,short-circuit,0,Short Circuit,none,0,""
#1623,1,1,1,0,1,0,1,0,0,1,1,0,111 010 100 110,short-circuit,0,Short Circuit,none,0,""
#1624,0,0,0,1,1,0,1,0,0,1,1,0,000 110 100 110,valid,0,0 V (no output),none,0,""
#1625,1,0,0,1,1,0,1,0,0,1,1,0,100 110 100 110,valid,0,0 V (no output),none,0,""
#1626,0,1,0,1,1,0,1,0,0,1,1,0,010 110 100 110,valid,0,0 V (no output),none,0,""
#1627,1,1,0,1,1,0,1,0,0,1,1,0,110 110 100 110,valid,0,0 V (no output),none,0,""
#1628,0,0,1,1,1,0,1,0,0,1,1,0,001 110 100 110,valid,0,0 V (no output),none,0,""
#1629,1,0,1,1,1,0,1,0,0,1,1,0,101 110 100 110,short-circuit,0,Short Circuit,none,0,""
#1630,0,1,1,1,1,0,1,0,0,1,1,0,011 110 100 110,short-circuit,0,Short Circuit,none,0,""
#1631,1,1,1,1,1,0,1,0,0,1,1,0,111 110 100 110,short-circuit,0,Short Circuit,none,0,""
#1632,0,0,0,0,0,1,1,0,0,1,1,0,000 001 100 110,valid,0,0 V (no output),none,0,""
#1633,1,0,0,0,0,1,1,0,0,1,1,0,100 001 100 110,valid,0,0 V (no output),none,0,""
#1634,0,1,0,0,0,1,1,0,0,1,1,0,010 001 100 110,valid,0,0 V (no output),none,0,""
#1635,1,1,0,0,0,1,1,0,0,1,1,0,110 001 100 110,valid,0,0 V (no output),none,0,""
#1636,0,0,1,0,0,1,1,0,0,1,1,0,001 001 100 110,valid,0,0 V (no output),none,0,""
#1637,1,0,1,0,0,1,1,0,0,1,1,0,101 001 100 110,short-circuit,0,Short Circuit,none,0,""
#1638,0,1,1,0,0,1,1,0,0,1,1,0,011 001 100 110,short-circuit,0,Short Circuit,none,0,""
#1639,1,1,1,0,0,1,1,0,0,1,1,0,111 001 100 110,short-circuit,0,Short Circuit,none,0,""
#1640,0,0,0,1,0,1,1,0,0,1,1,0,000 101 100 110,short-circuit,0,Short Circuit,none,0,""
#1641,1,0,0,1,0,1,1,0,0,1,1,0,100 101 100 110,short-circuit,0,Short Circuit,none,0,""
#1642,0,1,0,1,0,1,1,0,0,1,1,0,010 101 100 110,short-circuit,0,Short Circuit,none,0,""
#1643,1,1,0,1,0,1,1,0,0,1,1,0,110 101 100 110,short-circuit,0,Short Circuit,none,0,""
#1644,0,0,1,1,0,1,1,0,0,1,1,0,001 101 100 110,short-circuit,0,Short Circuit,none,0,""
#1645,1,0,1,1,0,1,1,0,0,1,1,0,101 101 100 110,short-circuit,0,Short Circuit,none,0,""
#1646,0,1,1,1,0,1,1,0,0,1,1,0,011 101 100 110,short-circuit,0,Short Circuit,none,0,""
#1647,1,1,1,1,0,1,1,0,0,1,1,0,111 101 100 110,short-circuit,0,Short Circuit,none,0,""
#1648,0,0,0,0,1,1,1,0,0,1,1,0,000 011 100 110,short-circuit,0,Short Circuit,none,0,""
#1649,1,0,0,0,1,1,1,0,0,1,1,0,100 011 100 110,short-circuit,0,Short Circuit,none,0,""
#1650,0,1,0,0,1,1,1,0,0,1,1,0,010 011 100 110,short-circuit,0,Short Circuit,none,0,""
#1651,1,1,0,0,1,1,1,0,0,1,1,0,110 011 100 110,short-circuit,0,Short Circuit,none,0,""
#1652,0,0,1,0,1,1,1,0,0,1,1,0,001 011 100 110,short-circuit,0,Short Circuit,none,0,""
#1653,1,0,1,0,1,1,1,0,0,1,1,0,101 011 100 110,short-circuit,0,Short Circuit,none,0,""
#1654,0,1,1,0,1,1,1,0,0,1,1,0,011 011 100 110,short-circuit,0,Short Circuit,none,0,""
#1655,1,1,1,0,1,1,1,0,0,1,1,0,111 011 100 110,short-circuit,0,Short Circuit,none,0,""
#1656,0,0,0,1,1,1,1,0,0,1,1,0,000 111 100 110,short-circuit,0,Short Circuit,none,0,""
#1657,1,0,0,1,1,1,1,0,0,1,1,0,100 111 100 110,short-circuit,0,Short Circuit,none,0,""
#1658,0,1,0,1,1,1,1,0,0,1,1,0,010 111 100 110,short-circuit,0,Short Circuit,none,0,""
#1659,1,1,0,1,1,1,1,0,0,1,1,0,110 111 100 110,short-circuit,0,Short Circuit,none,0,""
#1660,0,0,1,1,1,1,1,0,0,1,1,0,001 111 100 110,short-circuit,0,Short Circuit,none,0,""
#1661,1,0,1,1,1,1,1,0,0,1,1,0,101 111 100 110,short-circuit,0,Short Circuit,none,0,""
#1662,0,1,1,1,1,1,1,0,0,1,1,0,011 111 100 110,short-circuit,0,Short Circuit,none,0,""
#1663,1,1,1,1,1,1,1,0,0,1,1,0,111 111 100 110,short-circuit,0,Short Circuit,none,0,""
#1664,0,0,0,0,0,0,0,1,0,1,1,0,000 000 010 110,valid,0,0 V (no output),none,0,""
#1665,1,0,0,0,0,0,0,1,0,1,1,0,100 000 010 110,valid,0,0 V (no output),none,0,""
#1666,0,1,0,0,0,0,0,1,0,1,1,0,010 000 010 110,valid,0,0 V (no output),none,0,""
#1667,1,1,0,0,0,0,0,1,0,1,1,0,110 000 010 110,valid,0,0 V (no output),none,0,""
#1668,0,0,1,0,0,0,0,1,0,1,1,0,001 000 010 110,valid,0,0 V (no output),none,0,""
#1669,1,0,1,0,0,0,0,1,0,1,1,0,101 000 010 110,valid,0,0 V (no output),none,0,""
#1670,0,1,1,0,0,0,0,1,0,1,1,0,011 000 010 110,valid,0,0 V (no output),none,0,""
#1671,1,1,1,0,0,0,0,1,0,1,1,0,111 000 010 110,valid,0,0 V (no output),none,0,""
#1672,0,0,0,1,0,0,0,1,0,1,1,0,000 100 010 110,valid,0,0 V (no output),none,0,""
#1673,1,0,0,1,0,0,0,1,0,1,1,0,100 100 010 110,valid,0,0 V (no output),none,0,""
#1674,0,1,0,1,0,0,0,1,0,1,1,0,010 100 010 110,valid,0,0 V (no output),none,0,""
#1675,1,1,0,1,0,0,0,1,0,1,1,0,110 100 010 110,valid,0,0 V (no output),none,0,""
#1676,0,0,1,1,0,0,0,1,0,1,1,0,001 100 010 110,valid,0,0 V (no output),none,0,""
#1677,1,0,1,1,0,0,0,1,0,1,1,0,101 100 010 110,short-circuit,0,Short Circuit,none,0,""
#1678,0,1,1,1,0,0,0,1,0,1,1,0,011 100 010 110,short-circuit,0,Short Circuit,none,0,""
#1679,1,1,1,1,0,0,0,1,0,1,1,0,111 100 010 110,short-circuit,0,Short Circuit,none,0,""
#1680,0,0,0,0,1,0,0,1,0,1,1,0,000 010 010 110,valid,0,0 V (no output),none,0,""
#1681,1,0,0,0,1,0,0,1,0,1,1,0,100 010 010 110,valid,0,0 V (no output),none,0,""
#1682,0,1,0,0,1,0,0,1,0,1,1,0,010 010 010 110,valid,0,0 V (no output),none,0,""
#1683,1,1,0,0,1,0,0,1,0,1,1,0,110 010 010 110,valid,0,0 V (no output),none,0,""
#1684,0,0,1,0,1,0,0,1,0,1,1,0,001 010 010 110,valid,0,0 V (no output),none,0,""
#1685,1,0,1,0,1,0,0,1,0,1,1,0,101 010 010 110,short-circuit,0,Short Circuit,none,0,""
#1686,0,1,1,0,1,0,0,1,0,1,1,0,011 010 010 110,short-circuit,0,Short Circuit,none,0,""
#1687,1,1,1,0,1,0,0,1,0,1,1,0,111 010 010 110,short-circuit,0,Short Circuit,none,0,""
#1688,0,0,0,1,1,0,0,1,0,1,1,0,000 110 010 110,valid,0,0 V (no output),none,0,""
#1689,1,0,0,1,1,0,0,1,0,1,1,0,100 110 010 110,valid,0,0 V (no output),none,0,""
#1690,0,1,0,1,1,0,0,1,0,1,1,0,010 110 010 110,valid,0,0 V (no output),none,0,""
#1691,1,1,0,1,1,0,0,1,0,1,1,0,110 110 010 110,valid,0,0 V (no output),none,0,""
#1692,0,0,1,1,1,0,0,1,0,1,1,0,001 110 010 110,valid,0,0 V (no output),none,0,""
#1693,1,0,1,1,1,0,0,1,0,1,1,0,101 110 010 110,short-circuit,0,Short Circuit,none,0,""
#1694,0,1,1,1,1,0,0,1,0,1,1,0,011 110 010 110,short-circuit,0,Short Circuit,none,0,""
#1695,1,1,1,1,1,0,0,1,0,1,1,0,111 110 010 110,short-circuit,0,Short Circuit,none,0,""
#1696,0,0,0,0,0,1,0,1,0,1,1,0,000 001 010 110,valid,0,0 V (no output),none,0,""
#1697,1,0,0,0,0,1,0,1,0,1,1,0,100 001 010 110,valid,0,0 V (no output),none,0,""
#1698,0,1,0,0,0,1,0,1,0,1,1,0,010 001 010 110,valid,0,0 V (no output),none,0,""
#1699,1,1,0,0,0,1,0,1,0,1,1,0,110 001 010 110,valid,0,0 V (no output),none,0,""
#1700,0,0,1,0,0,1,0,1,0,1,1,0,001 001 010 110,valid,0,0 V (no output),none,0,""
#1701,1,0,1,0,0,1,0,1,0,1,1,0,101 001 010 110,short-circuit,0,Short Circuit,none,0,""
#1702,0,1,1,0,0,1,0,1,0,1,1,0,011 001 010 110,short-circuit,0,Short Circuit,none,0,""
#1703,1,1,1,0,0,1,0,1,0,1,1,0,111 001 010 110,short-circuit,0,Short Circuit,none,0,""
#1704,0,0,0,1,0,1,0,1,0,1,1,0,000 101 010 110,short-circuit,0,Short Circuit,none,0,""
#1705,1,0,0,1,0,1,0,1,0,1,1,0,100 101 010 110,short-circuit,0,Short Circuit,none,0,""
#1706,0,1,0,1,0,1,0,1,0,1,1,0,010 101 010 110,short-circuit,0,Short Circuit,none,0,""
#1707,1,1,0,1,0,1,0,1,0,1,1,0,110 101 010 110,short-circuit,0,Short Circuit,none,0,""
#1708,0,0,1,1,0,1,0,1,0,1,1,0,001 101 010 110,short-circuit,0,Short Circuit,none,0,""
#1709,1,0,1,1,0,1,0,1,0,1,1,0,101 101 010 110,short-circuit,0,Short Circuit,none,0,""
#1710,0,1,1,1,0,1,0,1,0,1,1,0,011 101 010 110,short-circuit,0,Short Circuit,none,0,""
#1711,1,1,1,1,0,1,0,1,0,1,1,0,111 101 010 110,short-circuit,0,Short Circuit,none,0,""
#1712,0,0,0,0,1,1,0,1,0,1,1,0,000 011 010 110,short-circuit,0,Short Circuit,none,0,""
#1713,1,0,0,0,1,1,0,1,0,1,1,0,100 011 010 110,short-circuit,0,Short Circuit,none,0,""
#1714,0,1,0,0,1,1,0,1,0,1,1,0,010 011 010 110,short-circuit,0,Short Circuit,none,0,""
#1715,1,1,0,0,1,1,0,1,0,1,1,0,110 011 010 110,short-circuit,0,Short Circuit,none,0,""
#1716,0,0,1,0,1,1,0,1,0,1,1,0,001 011 010 110,short-circuit,0,Short Circuit,none,0,""
#1717,1,0,1,0,1,1,0,1,0,1,1,0,101 011 010 110,short-circuit,0,Short Circuit,none,0,""
#1718,0,1,1,0,1,1,0,1,0,1,1,0,011 011 010 110,short-circuit,0,Short Circuit,none,0,""
#1719,1,1,1,0,1,1,0,1,0,1,1,0,111 011 010 110,short-circuit,0,Short Circuit,none,0,""
#1720,0,0,0,1,1,1,0,1,0,1,1,0,000 111 010 110,short-circuit,0,Short Circuit,none,0,""
#1721,1,0,0,1,1,1,0,1,0,1,1,0,100 111 010 110,short-circuit,0,Short Circuit,none,0,""
#1722,0,1,0,1,1,1,0,1,0,1,1,0,010 111 010 110,short-circuit,0,Short Circuit,none,0,""
#1723,1,1,0,1,1,1,0,1,0,1,1,0,110 111 010 110,short-circuit,0,Short Circuit,none,0,""
#1724,0,0,1,1,1,1,0,1,0,1,1,0,001 111 010 110,short-circuit,0,Short Circuit,none,0,""
#1725,1,0,1,1,1,1,0,1,0,1,1,0,101 111 010 110,short-circuit,0,Short Circuit,none,0,""
#1726,0,1,1,1,1,1,0,1,0,1,1,0,011 111 010 110,short-circuit,0,Short Circuit,none,0,""
#1727,1,1,1,1,1,1,0,1,0,1,1,0,111 111 010 110,short-circuit,0,Short Circuit,none,0,""
#1728,0,0,0,0,0,0,1,1,0,1,1,0,000 000 110 110,valid,0,0 V (no output),none,0,""
#1729,1,0,0,0,0,0,1,1,0,1,1,0,100 000 110 110,valid,0,0 V (no output),none,0,""
#1730,0,1,0,0,0,0,1,1,0,1,1,0,010 000 110 110,valid,0,0 V (no output),none,0,""
#1731,1,1,0,0,0,0,1,1,0,1,1,0,110 000 110 110,valid,0,0 V (no output),none,0,""
#1732,0,0,1,0,0,0,1,1,0,1,1,0,001 000 110 110,valid,0,0 V (no output),none,0,""
#1733,1,0,1,0,0,0,1,1,0,1,1,0,101 000 110 110,valid,0,0 V (no output),none,0,""
#1734,0,1,1,0,0,0,1,1,0,1,1,0,011 000 110 110,valid,0,0 V (no output),none,0,""
#1735,1,1,1,0,0,0,1,1,0,1,1,0,111 000 110 110,valid,0,0 V (no output),none,0,""
#1736,0,0,0,1,0,0,1,1,0,1,1,0,000 100 110 110,valid,0,0 V (no output),none,0,""
#1737,1,0,0,1,0,0,1,1,0,1,1,0,100 100 110 110,valid,0,0 V (no output),none,0,""
#1738,0,1,0,1,0,0,1,1,0,1,1,0,010 100 110 110,valid,0,0 V (no output),none,0,""
#1739,1,1,0,1,0,0,1,1,0,1,1,0,110 100 110 110,valid,0,0 V (no output),none,0,""
#1740,0,0,1,1,0,0,1,1,0,1,1,0,001 100 110 110,valid,0,0 V (no output),none,0,""
#1741,1,0,1,1,0,0,1,1,0,1,1,0,101 100 110 110,short-circuit,0,Short Circuit,none,0,""
#1742,0,1,1,1,0,0,1,1,0,1,1,0,011 100 110 110,short-circuit,0,Short Circuit,none,0,""
#1743,1,1,1,1,0,0,1,1,0,1,1,0,111 100 110 110,short-circuit,0,Short Circuit,none,0,""
#1744,0,0,0,0,1,0,1,1,0,1,1,0,000 010 110 110,valid,0,0 V (no output),none,0,""
#1745,1,0,0,0,1,0,1,1,0,1,1,0,100 010 110 110,valid,0,0 V (no output),none,0,""
#1746,0,1,0,0,1,0,1,1,0,1,1,0,010 010 110 110,valid,0,0 V (no output),none,0,""
#1747,1,1,0,0,1,0,1,1,0,1,1,0,110 010 110 110,valid,0,0 V (no output),none,0,""
#1748,0,0,1,0,1,0,1,1,0,1,1,0,001 010 110 110,valid,0,0 V (no output),none,0,""
#1749,1,0,1,0,1,0,1,1,0,1,1,0,101 010 110 110,short-circuit,0,Short Circuit,none,0,""
#1750,0,1,1,0,1,0,1,1,0,1,1,0,011 010 110 110,short-circuit,0,Short Circuit,none,0,""
#1751,1,1,1,0,1,0,1,1,0,1,1,0,111 010 110 110,short-circuit,0,Short Circuit,none,0,""
#1752,0,0,0,1,1,0,1,1,0,1,1,0,000 110 110 110,valid,0,0 V (no output),none,0,""
#1753,1,0,0,1,1,0,1,1,0,1,1,0,100 110 110 110,valid,0,0 V (no output),none,0,""
#1754,0,1,0,1,1,0,1,1,0,1,1,0,010 110 110 110,valid,0,0 V (no output),none,0,""
#1755,1,1,0,1,1,0,1,1,0,1,1,0,110 110 110 110,valid,0,0 V (no output),none,0,""
#1756,0,0,1,1,1,0,1,1,0,1,1,0,001 110 110 110,valid,0,0 V (no output),none,0,""
#1757,1,0,1,1,1,0,1,1,0,1,1,0,101 110 110 110,short-circuit,0,Short Circuit,none,0,""
#1758,0,1,1,1,1,0,1,1,0,1,1,0,011 110 110 110,short-circuit,0,Short Circuit,none,0,""
#1759,1,1,1,1,1,0,1,1,0,1,1,0,111 110 110 110,short-circuit,0,Short Circuit,none,0,""
#1760,0,0,0,0,0,1,1,1,0,1,1,0,000 001 110 110,valid,0,0 V (no output),none,0,""
#1761,1,0,0,0,0,1,1,1,0,1,1,0,100 001 110 110,valid,0,0 V (no output),none,0,""
#1762,0,1,0,0,0,1,1,1,0,1,1,0,010 001 110 110,valid,0,0 V (no output),none,0,""
#1763,1,1,0,0,0,1,1,1,0,1,1,0,110 001 110 110,valid,0,0 V (no output),none,0,""
#1764,0,0,1,0,0,1,1,1,0,1,1,0,001 001 110 110,valid,0,0 V (no output),none,0,""
#1765,1,0,1,0,0,1,1,1,0,1,1,0,101 001 110 110,short-circuit,0,Short Circuit,none,0,""
#1766,0,1,1,0,0,1,1,1,0,1,1,0,011 001 110 110,short-circuit,0,Short Circuit,none,0,""
#1767,1,1,1,0,0,1,1,1,0,1,1,0,111 001 110 110,short-circuit,0,Short Circuit,none,0,""
#1768,0,0,0,1,0,1,1,1,0,1,1,0,000 101 110 110,short-circuit,0,Short Circuit,none,0,""
#1769,1,0,0,1,0,1,1,1,0,1,1,0,100 101 110 110,short-circuit,0,Short Circuit,none,0,""
#1770,0,1,0,1,0,1,1,1,0,1,1,0,010 101 110 110,short-circuit,0,Short Circuit,none,0,""
#1771,1,1,0,1,0,1,1,1,0,1,1,0,110 101 110 110,short-circuit,0,Short Circuit,none,0,""
#1772,0,0,1,1,0,1,1,1,0,1,1,0,001 101 110 110,short-circuit,0,Short Circuit,none,0,""
#1773,1,0,1,1,0,1,1,1,0,1,1,0,101 101 110 110,short-circuit,0,Short Circuit,none,0,""
#1774,0,1,1,1,0,1,1,1,0,1,1,0,011 101 110 110,short-circuit,0,Short Circuit,none,0,""
#1775,1,1,1,1,0,1,1,1,0,1,1,0,111 101 110 110,short-circuit,0,Short Circuit,none,0,""
#1776,0,0,0,0,1,1,1,1,0,1,1,0,000 011 110 110,short-circuit,0,Short Circuit,none,0,""
#1777,1,0,0,0,1,1,1,1,0,1,1,0,100 011 110 110,short-circuit,0,Short Circuit,none,0,""
#1778,0,1,0,0,1,1,1,1,0,1,1,0,010 011 110 110,short-circuit,0,Short Circuit,none,0,""
#1779,1,1,0,0,1,1,1,1,0,1,1,0,110 011 110 110,short-circuit,0,Short Circuit,none,0,""
#1780,0,0,1,0,1,1,1,1,0,1,1,0,001 011 110 110,short-circuit,0,Short Circuit,none,0,""
#1781,1,0,1,0,1,1,1,1,0,1,1,0,101 011 110 110,short-circuit,0,Short Circuit,none,0,""
#1782,0,1,1,0,1,1,1,1,0,1,1,0,011 011 110 110,short-circuit,0,Short Circuit,none,0,""
#1783,1,1,1,0,1,1,1,1,0,1,1,0,111 011 110 110,short-circuit,0,Short Circuit,none,0,""
#1784,0,0,0,1,1,1,1,1,0,1,1,0,000 111 110 110,short-circuit,0,Short Circuit,none,0,""
#1785,1,0,0,1,1,1,1,1,0,1,1,0,100 111 110 110,short-circuit,0,Short Circuit,none,0,""
#1786,0,1,0,1,1,1,1,1,0,1,1,0,010 111 110 110,short-circuit,0,Short Circuit,none,0,""
#1787,1,1,0,1,1,1,1,1,0,1,1,0,110 111 110 110,short-circuit,0,Short Circuit,none,0,""
#1788,0,0,1,1,1,1,1,1,0,1,1,0,001 111 110 110,short-circuit,0,Short Circuit,none,0,""
#1789,1,0,1,1,1,1,1,1,0,1,1,0,101 111 110 110,short-circuit,0,Short Circuit,none,0,""
#1790,0,1,1,1,1,1,1,1,0,1,1,0,011 111 110 110,short-circuit,0,Short Circuit,none,0,""
#1791,1,1,1,1,1,1,1,1,0,1,1,0,111 111 110 110,short-circuit,0,Short Circuit,none,0,""
#1792,0,0,0,0,0,0,0,0,1,1,1,0,000 000 001 110,valid,0,0 V (no output),none,0,""
#1793,1,0,0,0,0,0,0,0,1,1,1,0,100 000 001 110,valid,0,0 V (no output),none,0,""
#1794,0,1,0,0,0,0,0,0,1,1,1,0,010 000 001 110,valid,0,0 V (no output),none,0,""
#1795,1,1,0,0,0,0,0,0,1,1,1,0,110 000 001 110,valid,0,0 V (no output),none,0,""
#1796,0,0,1,0,0,0,0,0,1,1,1,0,001 000 001 110,valid,0,0 V (no output),none,0,""
#1797,1,0,1,0,0,0,0,0,1,1,1,0,101 000 001 110,valid,0,0 V (no output),none,0,""
#1798,0,1,1,0,0,0,0,0,1,1,1,0,011 000 001 110,valid,0,0 V (no output),none,0,""
#1799,1,1,1,0,0,0,0,0,1,1,1,0,111 000 001 110,valid,0,0 V (no output),none,0,""
#1800,0,0,0,1,0,0,0,0,1,1,1,0,000 100 001 110,valid,0,0 V (no output),none,0,""
#1801,1,0,0,1,0,0,0,0,1,1,1,0,100 100 001 110,valid,0,0 V (no output),none,0,""
#1802,0,1,0,1,0,0,0,0,1,1,1,0,010 100 001 110,valid,0,0 V (no output),none,0,""
#1803,1,1,0,1,0,0,0,0,1,1,1,0,110 100 001 110,valid,0,0 V (no output),none,0,""
#1804,0,0,1,1,0,0,0,0,1,1,1,0,001 100 001 110,valid,0,0 V (no output),none,0,""
#1805,1,0,1,1,0,0,0,0,1,1,1,0,101 100 001 110,short-circuit,0,Short Circuit,none,0,""
#1806,0,1,1,1,0,0,0,0,1,1,1,0,011 100 001 110,short-circuit,0,Short Circuit,none,0,""
#1807,1,1,1,1,0,0,0,0,1,1,1,0,111 100 001 110,short-circuit,0,Short Circuit,none,0,""
#1808,0,0,0,0,1,0,0,0,1,1,1,0,000 010 001 110,valid,0,0 V (no output),none,0,""
#1809,1,0,0,0,1,0,0,0,1,1,1,0,100 010 001 110,valid,0,0 V (no output),none,0,""
#1810,0,1,0,0,1,0,0,0,1,1,1,0,010 010 001 110,valid,0,0 V (no output),none,0,""
#1811,1,1,0,0,1,0,0,0,1,1,1,0,110 010 001 110,valid,0,0 V (no output),none,0,""
#1812,0,0,1,0,1,0,0,0,1,1,1,0,001 010 001 110,valid,0,0 V (no output),none,0,""
#1813,1,0,1,0,1,0,0,0,1,1,1,0,101 010 001 110,short-circuit,0,Short Circuit,none,0,""
#1814,0,1,1,0,1,0,0,0,1,1,1,0,011 010 001 110,short-circuit,0,Short Circuit,none,0,""
#1815,1,1,1,0,1,0,0,0,1,1,1,0,111 010 001 110,short-circuit,0,Short Circuit,none,0,""
#1816,0,0,0,1,1,0,0,0,1,1,1,0,000 110 001 110,valid,0,0 V (no output),none,0,""
#1817,1,0,0,1,1,0,0,0,1,1,1,0,100 110 001 110,valid,0,0 V (no output),none,0,""
#1818,0,1,0,1,1,0,0,0,1,1,1,0,010 110 001 110,valid,0,0 V (no output),none,0,""
#1819,1,1,0,1,1,0,0,0,1,1,1,0,110 110 001 110,valid,0,0 V (no output),none,0,""
#1820,0,0,1,1,1,0,0,0,1,1,1,0,001 110 001 110,valid,0,0 V (no output),none,0,""
#1821,1,0,1,1,1,0,0,0,1,1,1,0,101 110 001 110,short-circuit,0,Short Circuit,none,0,""
#1822,0,1,1,1,1,0,0,0,1,1,1,0,011 110 001 110,short-circuit,0,Short Circuit,none,0,""
#1823,1,1,1,1,1,0,0,0,1,1,1,0,111 110 001 110,short-circuit,0,Short Circuit,none,0,""
#1824,0,0,0,0,0,1,0,0,1,1,1,0,000 001 001 110,valid,0,0 V (no output),none,0,""
#1825,1,0,0,0,0,1,0,0,1,1,1,0,100 001 001 110,valid,0,0 V (no output),none,0,""
#1826,0,1,0,0,0,1,0,0,1,1,1,0,010 001 001 110,valid,0,0 V (no output),none,0,""
#1827,1,1,0,0,0,1,0,0,1,1,1,0,110 001 001 110,valid,0,0 V (no output),none,0,""
#1828,0,0,1,0,0,1,0,0,1,1,1,0,001 001 001 110,valid,0,0 V (no output),none,0,""
#1829,1,0,1,0,0,1,0,0,1,1,1,0,101 001 001 110,short-circuit,0,Short Circuit,none,0,""
#1830,0,1,1,0,0,1,0,0,1,1,1,0,011 001 001 110,short-circuit,0,Short Circuit,none,0,""
#1831,1,1,1,0,0,1,0,0,1,1,1,0,111 001 001 110,short-circuit,0,Short Circuit,none,0,""
#1832,0,0,0,1,0,1,0,0,1,1,1,0,000 101 001 110,short-circuit,0,Short Circuit,none,0,""
#1833,1,0,0,1,0,1,0,0,1,1,1,0,100 101 001 110,short-circuit,0,Short Circuit,none,0,""
#1834,0,1,0,1,0,1,0,0,1,1,1,0,010 101 001 110,short-circuit,0,Short Circuit,none,0,""
#1835,1,1,0,1,0,1,0,0,1,1,1,0,110 101 001 110,short-circuit,0,Short Circuit,none,0,""
#1836,0,0,1,1,0,1,0,0,1,1,1,0,001 101 001 110,short-circuit,0,Short Circuit,none,0,""
#1837,1,0,1,1,0,1,0,0,1,1,1,0,101 101 001 110,short-circuit,0,Short Circuit,none,0,""
#1838,0,1,1,1,0,1,0,0,1,1,1,0,011 101 001 110,short-circuit,0,Short Circuit,none,0,""
#1839,1,1,1,1,0,1,0,0,1,1,1,0,111 101 001 110,short-circuit,0,Short Circuit,none,0,""
#1840,0,0,0,0,1,1,0,0,1,1,1,0,000 011 001 110,short-circuit,0,Short Circuit,none,0,""
#1841,1,0,0,0,1,1,0,0,1,1,1,0,100 011 001 110,short-circuit,0,Short Circuit,none,0,""
#1842,0,1,0,0,1,1,0,0,1,1,1,0,010 011 001 110,short-circuit,0,Short Circuit,none,0,""
#1843,1,1,0,0,1,1,0,0,1,1,1,0,110 011 001 110,short-circuit,0,Short Circuit,none,0,""
#1844,0,0,1,0,1,1,0,0,1,1,1,0,001 011 001 110,short-circuit,0,Short Circuit,none,0,""
#1845,1,0,1,0,1,1,0,0,1,1,1,0,101 011 001 110,short-circuit,0,Short Circuit,none,0,""
#1846,0,1,1,0,1,1,0,0,1,1,1,0,011 011 001 110,short-circuit,0,Short Circuit,none,0,""
#1847,1,1,1,0,1,1,0,0,1,1,1,0,111 011 001 110,short-circuit,0,Short Circuit,none,0,""
#1848,0,0,0,1,1,1,0,0,1,1,1,0,000 111 001 110,short-circuit,0,Short Circuit,none,0,""
#1849,1,0,0,1,1,1,0,0,1,1,1,0,100 111 001 110,short-circuit,0,Short Circuit,none,0,""
#1850,0,1,0,1,1,1,0,0,1,1,1,0,010 111 001 110,short-circuit,0,Short Circuit,none,0,""
#1851,1,1,0,1,1,1,0,0,1,1,1,0,110 111 001 110,short-circuit,0,Short Circuit,none,0,""
#1852,0,0,1,1,1,1,0,0,1,1,1,0,001 111 001 110,short-circuit,0,Short Circuit,none,0,""
#1853,1,0,1,1,1,1,0,0,1,1,1,0,101 111 001 110,short-circuit,0,Short Circuit,none,0,""
#1854,0,1,1,1,1,1,0,0,1,1,1,0,011 111 001 110,short-circuit,0,Short Circuit,none,0,""
#1855,1,1,1,1,1,1,0,0,1,1,1,0,111 111 001 110,short-circuit,0,Short Circuit,none,0,""
#1856,0,0,0,0,0,0,1,0,1,1,1,0,000 000 101 110,short-circuit,0,Short Circuit,none,0,""
#1857,1,0,0,0,0,0,1,0,1,1,1,0,100 000 101 110,short-circuit,0,Short Circuit,none,0,""
#1858,0,1,0,0,0,0,1,0,1,1,1,0,010 000 101 110,short-circuit,0,Short Circuit,none,0,""
#1859,1,1,0,0,0,0,1,0,1,1,1,0,110 000 101 110,short-circuit,0,Short Circuit,none,0,""
#1860,0,0,1,0,0,0,1,0,1,1,1,0,001 000 101 110,short-circuit,0,Short Circuit,none,0,""
#1861,1,0,1,0,0,0,1,0,1,1,1,0,101 000 101 110,short-circuit,0,Short Circuit,none,0,""
#1862,0,1,1,0,0,0,1,0,1,1,1,0,011 000 101 110,short-circuit,0,Short Circuit,none,0,""
#1863,1,1,1,0,0,0,1,0,1,1,1,0,111 000 101 110,short-circuit,0,Short Circuit,none,0,""
#1864,0,0,0,1,0,0,1,0,1,1,1,0,000 100 101 110,short-circuit,0,Short Circuit,none,0,""
#1865,1,0,0,1,0,0,1,0,1,1,1,0,100 100 101 110,short-circuit,0,Short Circuit,none,0,""
#1866,0,1,0,1,0,0,1,0,1,1,1,0,010 100 101 110,short-circuit,0,Short Circuit,none,0,""
#1867,1,1,0,1,0,0,1,0,1,1,1,0,110 100 101 110,short-circuit,0,Short Circuit,none,0,""
#1868,0,0,1,1,0,0,1,0,1,1,1,0,001 100 101 110,short-circuit,0,Short Circuit,none,0,""
#1869,1,0,1,1,0,0,1,0,1,1,1,0,101 100 101 110,short-circuit,0,Short Circuit,none,0,""
#1870,0,1,1,1,0,0,1,0,1,1,1,0,011 100 101 110,short-circuit,0,Short Circuit,none,0,""
#1871,1,1,1,1,0,0,1,0,1,1,1,0,111 100 101 110,short-circuit,0,Short Circuit,none,0,""
#1872,0,0,0,0,1,0,1,0,1,1,1,0,000 010 101 110,short-circuit,0,Short Circuit,none,0,""
#1873,1,0,0,0,1,0,1,0,1,1,1,0,100 010 101 110,short-circuit,0,Short Circuit,none,0,""
#1874,0,1,0,0,1,0,1,0,1,1,1,0,010 010 101 110,short-circuit,0,Short Circuit,none,0,""
#1875,1,1,0,0,1,0,1,0,1,1,1,0,110 010 101 110,short-circuit,0,Short Circuit,none,0,""
#1876,0,0,1,0,1,0,1,0,1,1,1,0,001 010 101 110,short-circuit,0,Short Circuit,none,0,""
#1877,1,0,1,0,1,0,1,0,1,1,1,0,101 010 101 110,short-circuit,0,Short Circuit,none,0,""
#1878,0,1,1,0,1,0,1,0,1,1,1,0,011 010 101 110,short-circuit,0,Short Circuit,none,0,""
#1879,1,1,1,0,1,0,1,0,1,1,1,0,111 010 101 110,short-circuit,0,Short Circuit,none,0,""
#1880,0,0,0,1,1,0,1,0,1,1,1,0,000 110 101 110,short-circuit,0,Short Circuit,none,0,""
#1881,1,0,0,1,1,0,1,0,1,1,1,0,100 110 101 110,short-circuit,0,Short Circuit,none,0,""
#1882,0,1,0,1,1,0,1,0,1,1,1,0,010 110 101 110,short-circuit,0,Short Circuit,none,0,""
#1883,1,1,0,1,1,0,1,0,1,1,1,0,110 110 101 110,short-circuit,0,Short Circuit,none,0,""
#1884,0,0,1,1,1,0,1,0,1,1,1,0,001 110 101 110,short-circuit,0,Short Circuit,none,0,""
#1885,1,0,1,1,1,0,1,0,1,1,1,0,101 110 101 110,short-circuit,0,Short Circuit,none,0,""
#1886,0,1,1,1,1,0,1,0,1,1,1,0,011 110 101 110,short-circuit,0,Short Circuit,none,0,""
#1887,1,1,1,1,1,0,1,0,1,1,1,0,111 110 101 110,short-circuit,0,Short Circuit,none,0,""
#1888,0,0,0,0,0,1,1,0,1,1,1,0,000 001 101 110,short-circuit,0,Short Circuit,none,0,""
#1889,1,0,0,0,0,1,1,0,1,1,1,0,100 001 101 110,short-circuit,0,Short Circuit,none,0,""
#1890,0,1,0,0,0,1,1,0,1,1,1,0,010 001 101 110,short-circuit,0,Short Circuit,none,0,""
#1891,1,1,0,0,0,1,1,0,1,1,1,0,110 001 101 110,short-circuit,0,Short Circuit,none,0,""
#1892,0,0,1,0,0,1,1,0,1,1,1,0,001 001 101 110,short-circuit,0,Short Circuit,none,0,""
#1893,1,0,1,0,0,1,1,0,1,1,1,0,101 001 101 110,short-circuit,0,Short Circuit,none,0,""
#1894,0,1,1,0,0,1,1,0,1,1,1,0,011 001 101 110,short-circuit,0,Short Circuit,none,0,""
#1895,1,1,1,0,0,1,1,0,1,1,1,0,111 001 101 110,short-circuit,0,Short Circuit,none,0,""
#1896,0,0,0,1,0,1,1,0,1,1,1,0,000 101 101 110,short-circuit,0,Short Circuit,none,0,""
#1897,1,0,0,1,0,1,1,0,1,1,1,0,100 101 101 110,short-circuit,0,Short Circuit,none,0,""
#1898,0,1,0,1,0,1,1,0,1,1,1,0,010 101 101 110,short-circuit,0,Short Circuit,none,0,""
#1899,1,1,0,1,0,1,1,0,1,1,1,0,110 101 101 110,short-circuit,0,Short Circuit,none,0,""
#1900,0,0,1,1,0,1,1,0,1,1,1,0,001 101 101 110,short-circuit,0,Short Circuit,none,0,""
#1901,1,0,1,1,0,1,1,0,1,1,1,0,101 101 101 110,short-circuit,0,Short Circuit,none,0,""
#1902,0,1,1,1,0,1,1,0,1,1,1,0,011 101 101 110,short-circuit,0,Short Circuit,none,0,""
#1903,1,1,1,1,0,1,1,0,1,1,1,0,111 101 101 110,short-circuit,0,Short Circuit,none,0,""
#1904,0,0,0,0,1,1,1,0,1,1,1,0,000 011 101 110,short-circuit,0,Short Circuit,none,0,""
#1905,1,0,0,0,1,1,1,0,1,1,1,0,100 011 101 110,short-circuit,0,Short Circuit,none,0,""
#1906,0,1,0,0,1,1,1,0,1,1,1,0,010 011 101 110,short-circuit,0,Short Circuit,none,0,""
#1907,1,1,0,0,1,1,1,0,1,1,1,0,110 011 101 110,short-circuit,0,Short Circuit,none,0,""
#1908,0,0,1,0,1,1,1,0,1,1,1,0,001 011 101 110,short-circuit,0,Short Circuit,none,0,""
#1909,1,0,1,0,1,1,1,0,1,1,1,0,101 011 101 110,short-circuit,0,Short Circuit,none,0,""
#1910,0,1,1,0,1,1,1,0,1,1,1,0,011 011 101 110,short-circuit,0,Short Circuit,none,0,""
#1911,1,1,1,0,1,1,1,0,1,1,1,0,111 011 101 110,short-circuit,0,Short Circuit,none,0,""
#1912,0,0,0,1,1,1,1,0,1,1,1,0,000 111 101 110,short-circuit,0,Short Circuit,none,0,""
#1913,1,0,0,1,1,1,1,0,1,1,1,0,100 111 101 110,short-circuit,0,Short Circuit,none,0,""
#1914,0,1,0,1,1,1,1,0,1,1,1,0,010 111 101 110,short-circuit,0,Short Circuit,none,0,""
#1915,1,1,0,1,1,1,1,0,1,1,1,0,110 111 101 110,short-circuit,0,Short Circuit,none,0,""
#1916,0,0,1,1,1,1,1,0,1,1,1,0,001 111 101 110,short-circuit,0,Short Circuit,none,0,""
#1917,1,0,1,1,1,1,1,0,1,1,1,0,101 111 101 110,short-circuit,0,Short Circuit,none,0,""
#1918,0,1,1,1,1,1,1,0,1,1,1,0,011 111 101 110,short-circuit,0,Short Circuit,none,0,""
#1919,1,1,1,1,1,1,1,0,1,1,1,0,111 111 101 110,short-circuit,0,Short Circuit,none,0,""
#1920,0,0,0,0,0,0,0,1,1,1,1,0,000 000 011 110,short-circuit,0,Short Circuit,none,0,""
#1921,1,0,0,0,0,0,0,1,1,1,1,0,100 000 011 110,short-circuit,0,Short Circuit,none,0,""
#1922,0,1,0,0,0,0,0,1,1,1,1,0,010 000 011 110,short-circuit,0,Short Circuit,none,0,""
#1923,1,1,0,0,0,0,0,1,1,1,1,0,110 000 011 110,short-circuit,0,Short Circuit,none,0,""
#1924,0,0,1,0,0,0,0,1,1,1,1,0,001 000 011 110,short-circuit,0,Short Circuit,none,0,""
#1925,1,0,1,0,0,0,0,1,1,1,1,0,101 000 011 110,short-circuit,0,Short Circuit,none,0,""
#1926,0,1,1,0,0,0,0,1,1,1,1,0,011 000 011 110,short-circuit,0,Short Circuit,none,0,""
#1927,1,1,1,0,0,0,0,1,1,1,1,0,111 000 011 110,short-circuit,0,Short Circuit,none,0,""
#1928,0,0,0,1,0,0,0,1,1,1,1,0,000 100 011 110,short-circuit,0,Short Circuit,none,0,""
#1929,1,0,0,1,0,0,0,1,1,1,1,0,100 100 011 110,short-circuit,0,Short Circuit,none,0,""
#1930,0,1,0,1,0,0,0,1,1,1,1,0,010 100 011 110,short-circuit,0,Short Circuit,none,0,""
#1931,1,1,0,1,0,0,0,1,1,1,1,0,110 100 011 110,short-circuit,0,Short Circuit,none,0,""
#1932,0,0,1,1,0,0,0,1,1,1,1,0,001 100 011 110,short-circuit,0,Short Circuit,none,0,""
#1933,1,0,1,1,0,0,0,1,1,1,1,0,101 100 011 110,short-circuit,0,Short Circuit,none,0,""
#1934,0,1,1,1,0,0,0,1,1,1,1,0,011 100 011 110,short-circuit,0,Short Circuit,none,0,""
#1935,1,1,1,1,0,0,0,1,1,1,1,0,111 100 011 110,short-circuit,0,Short Circuit,none,0,""
#1936,0,0,0,0,1,0,0,1,1,1,1,0,000 010 011 110,short-circuit,0,Short Circuit,none,0,""
#1937,1,0,0,0,1,0,0,1,1,1,1,0,100 010 011 110,short-circuit,0,Short Circuit,none,0,""
#1938,0,1,0,0,1,0,0,1,1,1,1,0,010 010 011 110,short-circuit,0,Short Circuit,none,0,""
#1939,1,1,0,0,1,0,0,1,1,1,1,0,110 010 011 110,short-circuit,0,Short Circuit,none,0,""
#1940,0,0,1,0,1,0,0,1,1,1,1,0,001 010 011 110,short-circuit,0,Short Circuit,none,0,""
#1941,1,0,1,0,1,0,0,1,1,1,1,0,101 010 011 110,short-circuit,0,Short Circuit,none,0,""
#1942,0,1,1,0,1,0,0,1,1,1,1,0,011 010 011 110,short-circuit,0,Short Circuit,none,0,""
#1943,1,1,1,0,1,0,0,1,1,1,1,0,111 010 011 110,short-circuit,0,Short Circuit,none,0,""
#1944,0,0,0,1,1,0,0,1,1,1,1,0,000 110 011 110,short-circuit,0,Short Circuit,none,0,""
#1945,1,0,0,1,1,0,0,1,1,1,1,0,100 110 011 110,short-circuit,0,Short Circuit,none,0,""
#1946,0,1,0,1,1,0,0,1,1,1,1,0,010 110 011 110,short-circuit,0,Short Circuit,none,0,""
#1947,1,1,0,1,1,0,0,1,1,1,1,0,110 110 011 110,short-circuit,0,Short Circuit,none,0,""
#1948,0,0,1,1,1,0,0,1,1,1,1,0,001 110 011 110,short-circuit,0,Short Circuit,none,0,""
#1949,1,0,1,1,1,0,0,1,1,1,1,0,101 110 011 110,short-circuit,0,Short Circuit,none,0,""
#1950,0,1,1,1,1,0,0,1,1,1,1,0,011 110 011 110,short-circuit,0,Short Circuit,none,0,""
#1951,1,1,1,1,1,0,0,1,1,1,1,0,111 110 011 110,short-circuit,0,Short Circuit,none,0,""
#1952,0,0,0,0,0,1,0,1,1,1,1,0,000 001 011 110,short-circuit,0,Short Circuit,none,0,""
#1953,1,0,0,0,0,1,0,1,1,1,1,0,100 001 011 110,short-circuit,0,Short Circuit,none,0,""
#1954,0,1,0,0,0,1,0,1,1,1,1,0,010 001 011 110,short-circuit,0,Short Circuit,none,0,""
#1955,1,1,0,0,0,1,0,1,1,1,1,0,110 001 011 110,short-circuit,0,Short Circuit,none,0,""
#1956,0,0,1,0,0,1,0,1,1,1,1,0,001 001 011 110,short-circuit,0,Short Circuit,none,0,""
#1957,1,0,1,0,0,1,0,1,1,1,1,0,101 001 011 110,short-circuit,0,Short Circuit,none,0,""
#1958,0,1,1,0,0,1,0,1,1,1,1,0,011 001 011 110,short-circuit,0,Short Circuit,none,0,""
#1959,1,1,1,0,0,1,0,1,1,1,1,0,111 001 011 110,short-circuit,0,Short Circuit,none,0,""
#1960,0,0,0,1,0,1,0,1,1,1,1,0,000 101 011 110,short-circuit,0,Short Circuit,none,0,""
#1961,1,0,0,1,0,1,0,1,1,1,1,0,100 101 011 110,short-circuit,0,Short Circuit,none,0,""
#1962,0,1,0,1,0,1,0,1,1,1,1,0,010 101 011 110,short-circuit,0,Short Circuit,none,0,""
#1963,1,1,0,1,0,1,0,1,1,1,1,0,110 101 011 110,short-circuit,0,Short Circuit,none,0,""
#1964,0,0,1,1,0,1,0,1,1,1,1,0,001 101 011 110,short-circuit,0,Short Circuit,none,0,""
#1965,1,0,1,1,0,1,0,1,1,1,1,0,101 101 011 110,short-circuit,0,Short Circuit,none,0,""
#1966,0,1,1,1,0,1,0,1,1,1,1,0,011 101 011 110,short-circuit,0,Short Circuit,none,0,""
#1967,1,1,1,1,0,1,0,1,1,1,1,0,111 101 011 110,short-circuit,0,Short Circuit,none,0,""
#1968,0,0,0,0,1,1,0,1,1,1,1,0,000 011 011 110,short-circuit,0,Short Circuit,none,0,""
#1969,1,0,0,0,1,1,0,1,1,1,1,0,100 011 011 110,short-circuit,0,Short Circuit,none,0,""
#1970,0,1,0,0,1,1,0,1,1,1,1,0,010 011 011 110,short-circuit,0,Short Circuit,none,0,""
#1971,1,1,0,0,1,1,0,1,1,1,1,0,110 011 011 110,short-circuit,0,Short Circuit,none,0,""
#1972,0,0,1,0,1,1,0,1,1,1,1,0,001 011 011 110,short-circuit,0,Short Circuit,none,0,""
#1973,1,0,1,0,1,1,0,1,1,1,1,0,101 011 011 110,short-circuit,0,Short Circuit,none,0,""
#1974,0,1,1,0,1,1,0,1,1,1,1,0,011 011 011 110,short-circuit,0,Short Circuit,none,0,""
#1975,1,1,1,0,1,1,0,1,1,1,1,0,111 011 011 110,short-circuit,0,Short Circuit,none,0,""
#1976,0,0,0,1,1,1,0,1,1,1,1,0,000 111 011 110,short-circuit,0,Short Circuit,none,0,""
#1977,1,0,0,1,1,1,0,1,1,1,1,0,100 111 011 110,short-circuit,0,Short Circuit,none,0,""
#1978,0,1,0,1,1,1,0,1,1,1,1,0,010 111 011 110,short-circuit,0,Short Circuit,none,0,""
#1979,1,1,0,1,1,1,0,1,1,1,1,0,110 111 011 110,short-circuit,0,Short Circuit,none,0,""
#1980,0,0,1,1,1,1,0,1,1,1,1,0,001 111 011 110,short-circuit,0,Short Circuit,none,0,""
#1981,1,0,1,1,1,1,0,1,1,1,1,0,101 111 011 110,short-circuit,0,Short Circuit,none,0,""
#1982,0,1,1,1,1,1,0,1,1,1,1,0,011 111 011 110,short-circuit,0,Short Circuit,none,0,""
#1983,1,1,1,1,1,1,0,1,1,1,1,0,111 111 011 110,short-circuit,0,Short Circuit,none,0,""
#1984,0,0,0,0,0,0,1,1,1,1,1,0,000 000 111 110,short-circuit,0,Short Circuit,none,0,""
#1985,1,0,0,0,0,0,1,1,1,1,1,0,100 000 111 110,short-circuit,0,Short Circuit,none,0,""
#1986,0,1,0,0,0,0,1,1,1,1,1,0,010 000 111 110,short-circuit,0,Short Circuit,none,0,""
#1987,1,1,0,0,0,0,1,1,1,1,1,0,110 000 111 110,short-circuit,0,Short Circuit,none,0,""
#1988,0,0,1,0,0,0,1,1,1,1,1,0,001 000 111 110,short-circuit,0,Short Circuit,none,0,""
#1989,1,0,1,0,0,0,1,1,1,1,1,0,101 000 111 110,short-circuit,0,Short Circuit,none,0,""
#1990,0,1,1,0,0,0,1,1,1,1,1,0,011 000 111 110,short-circuit,0,Short Circuit,none,0,""
#1991,1,1,1,0,0,0,1,1,1,1,1,0,111 000 111 110,short-circuit,0,Short Circuit,none,0,""
#1992,0,0,0,1,0,0,1,1,1,1,1,0,000 100 111 110,short-circuit,0,Short Circuit,none,0,""
#1993,1,0,0,1,0,0,1,1,1,1,1,0,100 100 111 110,short-circuit,0,Short Circuit,none,0,""
#1994,0,1,0,1,0,0,1,1,1,1,1,0,010 100 111 110,short-circuit,0,Short Circuit,none,0,""
#1995,1,1,0,1,0,0,1,1,1,1,1,0,110 100 111 110,short-circuit,0,Short Circuit,none,0,""
#1996,0,0,1,1,0,0,1,1,1,1,1,0,001 100 111 110,short-circuit,0,Short Circuit,none,0,""
#1997,1,0,1,1,0,0,1,1,1,1,1,0,101 100 111 110,short-circuit,0,Short Circuit,none,0,""
#1998,0,1,1,1,0,0,1,1,1,1,1,0,011 100 111 110,short-circuit,0,Short Circuit,none,0,""
#1999,1,1,1,1,0,0,1,1,1,1,1,0,111 100 111 110,short-circuit,0,Short Circuit,none,0,""
#2000,0,0,0,0,1,0,1,1,1,1,1,0,000 010 111 110,short-circuit,0,Short Circuit,none,0,""
#2001,1,0,0,0,1,0,1,1,1,1,1,0,100 010 111 110,short-circuit,0,Short Circuit,none,0,""
#2002,0,1,0,0,1,0,1,1,1,1,1,0,010 010 111 110,short-circuit,0,Short Circuit,none,0,""
#2003,1,1,0,0,1,0,1,1,1,1,1,0,110 010 111 110,short-circuit,0,Short Circuit,none,0,""
#2004,0,0,1,0,1,0,1,1,1,1,1,0,001 010 111 110,short-circuit,0,Short Circuit,none,0,""
#2005,1,0,1,0,1,0,1,1,1,1,1,0,101 010 111 110,short-circuit,0,Short Circuit,none,0,""
#2006,0,1,1,0,1,0,1,1,1,1,1,0,011 010 111 110,short-circuit,0,Short Circuit,none,0,""
#2007,1,1,1,0,1,0,1,1,1,1,1,0,111 010 111 110,short-circuit,0,Short Circuit,none,0,""
#2008,0,0,0,1,1,0,1,1,1,1,1,0,000 110 111 110,short-circuit,0,Short Circuit,none,0,""
#2009,1,0,0,1,1,0,1,1,1,1,1,0,100 110 111 110,short-circuit,0,Short Circuit,none,0,""
#2010,0,1,0,1,1,0,1,1,1,1,1,0,010 110 111 110,short-circuit,0,Short Circuit,none,0,""
#2011,1,1,0,1,1,0,1,1,1,1,1,0,110 110 111 110,short-circuit,0,Short Circuit,none,0,""
#2012,0,0,1,1,1,0,1,1,1,1,1,0,001 110 111 110,short-circuit,0,Short Circuit,none,0,""
#2013,1,0,1,1,1,0,1,1,1,1,1,0,101 110 111 110,short-circuit,0,Short Circuit,none,0,""
#2014,0,1,1,1,1,0,1,1,1,1,1,0,011 110 111 110,short-circuit,0,Short Circuit,none,0,""
#2015,1,1,1,1,1,0,1,1,1,1,1,0,111 110 111 110,short-circuit,0,Short Circuit,none,0,""
#2016,0,0,0,0,0,1,1,1,1,1,1,0,000 001 111 110,short-circuit,0,Short Circuit,none,0,""
#2017,1,0,0,0,0,1,1,1,1,1,1,0,100 001 111 110,short-circuit,0,Short Circuit,none,0,""
#2018,0,1,0,0,0,1,1,1,1,1,1,0,010 001 111 110,short-circuit,0,Short Circuit,none,0,""
#2019,1,1,0,0,0,1,1,1,1,1,1,0,110 001 111 110,short-circuit,0,Short Circuit,none,0,""
#2020,0,0,1,0,0,1,1,1,1,1,1,0,001 001 111 110,short-circuit,0,Short Circuit,none,0,""
#2021,1,0,1,0,0,1,1,1,1,1,1,0,101 001 111 110,short-circuit,0,Short Circuit,none,0,""
#2022,0,1,1,0,0,1,1,1,1,1,1,0,011 001 111 110,short-circuit,0,Short Circuit,none,0,""
#2023,1,1,1,0,0,1,1,1,1,1,1,0,111 001 111 110,short-circuit,0,Short Circuit,none,0,""
#2024,0,0,0,1,0,1,1,1,1,1,1,0,000 101 111 110,short-circuit,0,Short Circuit,none,0,""
#2025,1,0,0,1,0,1,1,1,1,1,1,0,100 101 111 110,short-circuit,0,Short Circuit,none,0,""
#2026,0,1,0,1,0,1,1,1,1,1,1,0,010 101 111 110,short-circuit,0,Short Circuit,none,0,""
#2027,1,1,0,1,0,1,1,1,1,1,1,0,110 101 111 110,short-circuit,0,Short Circuit,none,0,""
#2028,0,0,1,1,0,1,1,1,1,1,1,0,001 101 111 110,short-circuit,0,Short Circuit,none,0,""
#2029,1,0,1,1,0,1,1,1,1,1,1,0,101 101 111 110,short-circuit,0,Short Circuit,none,0,""
#2030,0,1,1,1,0,1,1,1,1,1,1,0,011 101 111 110,short-circuit,0,Short Circuit,none,0,""
#2031,1,1,1,1,0,1,1,1,1,1,1,0,111 101 111 110,short-circuit,0,Short Circuit,none,0,""
#2032,0,0,0,0,1,1,1,1,1,1,1,0,000 011 111 110,short-circuit,0,Short Circuit,none,0,""
#2033,1,0,0,0,1,1,1,1,1,1,1,0,100 011 111 110,short-circuit,0,Short Circuit,none,0,""
#2034,0,1,0,0,1,1,1,1,1,1,1,0,010 011 111 110,short-circuit,0,Short Circuit,none,0,""
#2035,1,1,0,0,1,1,1,1,1,1,1,0,110 011 111 110,short-circuit,0,Short Circuit,none,0,""
#2036,0,0,1,0,1,1,1,1,1,1,1,0,001 011 111 110,short-circuit,0,Short Circuit,none,0,""
#2037,1,0,1,0,1,1,1,1,1,1,1,0,101 011 111 110,short-circuit,0,Short Circuit,none,0,""
#2038,0,1,1,0,1,1,1,1,1,1,1,0,011 011 111 110,short-circuit,0,Short Circuit,none,0,""
#2039,1,1,1,0,1,1,1,1,1,1,1,0,111 011 111 110,short-circuit,0,Short Circuit,none,0,""
#2040,0,0,0,1,1,1,1,1,1,1,1,0,000 111 111 110,short-circuit,0,Short Circuit,none,0,""
#2041,1,0,0,1,1,1,1,1,1,1,1,0,100 111 111 110,short-circuit,0,Short Circuit,none,0,""
#2042,0,1,0,1,1,1,1,1,1,1,1,0,010 111 111 110,short-circuit,0,Short Circuit,none,0,""
#2043,1,1,0,1,1,1,1,1,1,1,1,0,110 111 111 110,short-circuit,0,Short Circuit,none,0,""
#2044,0,0,1,1,1,1,1,1,1,1,1,0,001 111 111 110,short-circuit,0,Short Circuit,none,0,""
#2045,1,0,1,1,1,1,1,1,1,1,1,0,101 111 111 110,short-circuit,0,Short Circuit,none,0,""
#2046,0,1,1,1,1,1,1,1,1,1,1,0,011 111 111 110,short-circuit,0,Short Circuit,none,0,""
#2047,1,1,1,1,1,1,1,1,1,1,1,0,111 111 111 110,short-circuit,0,Short Circuit,none,0,""
#2048,0,0,0,0,0,0,0,0,0,0,0,1,000 000 000 001,valid,0,0 V (no output),none,0,""
#2049,1,0,0,0,0,0,0,0,0,0,0,1,100 000 000 001,valid,0,0 V (no output),none,0,""
#2050,0,1,0,0,0,0,0,0,0,0,0,1,010 000 000 001,valid,0,0 V (no output),none,0,""
#2051,1,1,0,0,0,0,0,0,0,0,0,1,110 000 000 001,valid,0,0 V (no output),none,0,""
#2052,0,0,1,0,0,0,0,0,0,0,0,1,001 000 000 001,valid,0,0 V (no output),none,0,""
#2053,1,0,1,0,0,0,0,0,0,0,0,1,101 000 000 001,valid,0,0 V (no output),none,0,""
#2054,0,1,1,0,0,0,0,0,0,0,0,1,011 000 000 001,valid,0,0 V (no output),none,0,""
#2055,1,1,1,0,0,0,0,0,0,0,0,1,111 000 000 001,valid,0,0 V (no output),none,0,""
#2056,0,0,0,1,0,0,0,0,0,0,0,1,000 100 000 001,valid,0,0 V (no output),none,0,""
#2057,1,0,0,1,0,0,0,0,0,0,0,1,100 100 000 001,valid,0,0 V (no output),none,0,""
#2058,0,1,0,1,0,0,0,0,0,0,0,1,010 100 000 001,valid,0,0 V (no output),none,0,""
#2059,1,1,0,1,0,0,0,0,0,0,0,1,110 100 000 001,valid,0,0 V (no output),none,0,""
#2060,0,0,1,1,0,0,0,0,0,0,0,1,001 100 000 001,valid,0,0 V (no output),none,0,""
#2061,1,0,1,1,0,0,0,0,0,0,0,1,101 100 000 001,short-circuit,0,Short Circuit,none,0,""
#2062,0,1,1,1,0,0,0,0,0,0,0,1,011 100 000 001,valid,0,0 V (no output),none,0,""
#2063,1,1,1,1,0,0,0,0,0,0,0,1,111 100 000 001,short-circuit,0,Short Circuit,none,0,""
#2064,0,0,0,0,1,0,0,0,0,0,0,1,000 010 000 001,valid,0,0 V (no output),none,0,""
#2065,1,0,0,0,1,0,0,0,0,0,0,1,100 010 000 001,valid,0,0 V (no output),none,0,""
#2066,0,1,0,0,1,0,0,0,0,0,0,1,010 010 000 001,valid,0,0 V (no output),none,0,""
#2067,1,1,0,0,1,0,0,0,0,0,0,1,110 010 000 001,valid,0,0 V (no output),none,0,""
#2068,0,0,1,0,1,0,0,0,0,0,0,1,001 010 000 001,valid,0,0 V (no output),none,0,""
#2069,1,0,1,0,1,0,0,0,0,0,0,1,101 010 000 001,valid,0,0 V (no output),none,0,""
#2070,0,1,1,0,1,0,0,0,0,0,0,1,011 010 000 001,short-circuit,0,Short Circuit,none,0,""
#2071,1,1,1,0,1,0,0,0,0,0,0,1,111 010 000 001,short-circuit,0,Short Circuit,none,0,""
#2072,0,0,0,1,1,0,0,0,0,0,0,1,000 110 000 001,valid,0,0 V (no output),none,0,""
#2073,1,0,0,1,1,0,0,0,0,0,0,1,100 110 000 001,valid,0,0 V (no output),none,0,""
#2074,0,1,0,1,1,0,0,0,0,0,0,1,010 110 000 001,valid,0,0 V (no output),none,0,""
#2075,1,1,0,1,1,0,0,0,0,0,0,1,110 110 000 001,valid,0,0 V (no output),none,0,""
#2076,0,0,1,1,1,0,0,0,0,0,0,1,001 110 000 001,valid,0,0 V (no output),none,0,""
#2077,1,0,1,1,1,0,0,0,0,0,0,1,101 110 000 001,short-circuit,0,Short Circuit,none,0,""
#2078,0,1,1,1,1,0,0,0,0,0,0,1,011 110 000 001,short-circuit,0,Short Circuit,none,0,""
#2079,1,1,1,1,1,0,0,0,0,0,0,1,111 110 000 001,short-circuit,0,Short Circuit,none,0,""
#2080,0,0,0,0,0,1,0,0,0,0,0,1,000 001 000 001,valid,0,0 V (no output),none,0,""
#2081,1,0,0,0,0,1,0,0,0,0,0,1,100 001 000 001,valid,0,0 V (no output),none,0,""
#2082,0,1,0,0,0,1,0,0,0,0,0,1,010 001 000 001,valid,0,0 V (no output),none,0,""
#2083,1,1,0,0,0,1,0,0,0,0,0,1,110 001 000 001,valid,0,0 V (no output),none,0,""
#2084,0,0,1,0,0,1,0,0,0,0,0,1,001 001 000 001,valid,0,0 V (no output),none,0,""
#2085,1,0,1,0,0,1,0,0,0,0,0,1,101 001 000 001,valid,0,0 V (no output),none,0,""
#2086,0,1,1,0,0,1,0,0,0,0,0,1,011 001 000 001,valid,0,0 V (no output),none,0,""
#2087,1,1,1,0,0,1,0,0,0,0,0,1,111 001 000 001,valid,0,0 V (no output),none,0,""
#2088,0,0,0,1,0,1,0,0,0,0,0,1,000 101 000 001,valid,0,0 V (no output),none,0,""
#2089,1,0,0,1,0,1,0,0,0,0,0,1,100 101 000 001,valid,0,0 V (no output),none,0,""
#2090,0,1,0,1,0,1,0,0,0,0,0,1,010 101 000 001,valid,0,0 V (no output),none,0,""
#2091,1,1,0,1,0,1,0,0,0,0,0,1,110 101 000 001,valid,0,0 V (no output),none,0,""
#2092,0,0,1,1,0,1,0,0,0,0,0,1,001 101 000 001,valid,0,0 V (no output),none,0,""
#2093,1,0,1,1,0,1,0,0,0,0,0,1,101 101 000 001,short-circuit,0,Short Circuit,none,0,""
#2094,0,1,1,1,0,1,0,0,0,0,0,1,011 101 000 001,valid,0,0 V (no output),none,0,""
#2095,1,1,1,1,0,1,0,0,0,0,0,1,111 101 000 001,short-circuit,0,Short Circuit,none,0,""
#2096,0,0,0,0,1,1,0,0,0,0,0,1,000 011 000 001,valid,0,0 V (no output),none,0,""
#2097,1,0,0,0,1,1,0,0,0,0,0,1,100 011 000 001,valid,0,0 V (no output),none,0,""
#2098,0,1,0,0,1,1,0,0,0,0,0,1,010 011 000 001,valid,0,0 V (no output),none,0,""
#2099,1,1,0,0,1,1,0,0,0,0,0,1,110 011 000 001,valid,0,0 V (no output),none,0,""
#2100,0,0,1,0,1,1,0,0,0,0,0,1,001 011 000 001,valid,0,0 V (no output),none,0,""
#2101,1,0,1,0,1,1,0,0,0,0,0,1,101 011 000 001,valid,0,0 V (no output),none,0,""
#2102,0,1,1,0,1,1,0,0,0,0,0,1,011 011 000 001,short-circuit,0,Short Circuit,none,0,""
#2103,1,1,1,0,1,1,0,0,0,0,0,1,111 011 000 001,short-circuit,0,Short Circuit,none,0,""
#2104,0,0,0,1,1,1,0,0,0,0,0,1,000 111 000 001,valid,0,0 V (no output),none,0,""
#2105,1,0,0,1,1,1,0,0,0,0,0,1,100 111 000 001,valid,0,0 V (no output),none,0,""
#2106,0,1,0,1,1,1,0,0,0,0,0,1,010 111 000 001,valid,0,0 V (no output),none,0,""
#2107,1,1,0,1,1,1,0,0,0,0,0,1,110 111 000 001,valid,0,0 V (no output),none,0,""
#2108,0,0,1,1,1,1,0,0,0,0,0,1,001 111 000 001,valid,0,0 V (no output),none,0,""
#2109,1,0,1,1,1,1,0,0,0,0,0,1,101 111 000 001,short-circuit,0,Short Circuit,none,0,""
#2110,0,1,1,1,1,1,0,0,0,0,0,1,011 111 000 001,short-circuit,0,Short Circuit,none,0,""
#2111,1,1,1,1,1,1,0,0,0,0,0,1,111 111 000 001,short-circuit,0,Short Circuit,none,0,""
#2112,0,0,0,0,0,0,1,0,0,0,0,1,000 000 100 001,valid,0,0 V (no output),none,0,""
#2113,1,0,0,0,0,0,1,0,0,0,0,1,100 000 100 001,valid,0,0 V (no output),none,0,""
#2114,0,1,0,0,0,0,1,0,0,0,0,1,010 000 100 001,valid,0,0 V (no output),none,0,""
#2115,1,1,0,0,0,0,1,0,0,0,0,1,110 000 100 001,valid,0,0 V (no output),none,0,""
#2116,0,0,1,0,0,0,1,0,0,0,0,1,001 000 100 001,valid,0,0 V (no output),none,0,""
#2117,1,0,1,0,0,0,1,0,0,0,0,1,101 000 100 001,valid,0,0 V (no output),none,0,""
#2118,0,1,1,0,0,0,1,0,0,0,0,1,011 000 100 001,valid,0,0 V (no output),none,0,""
#2119,1,1,1,0,0,0,1,0,0,0,0,1,111 000 100 001,valid,0,0 V (no output),none,0,""
#2120,0,0,0,1,0,0,1,0,0,0,0,1,000 100 100 001,valid,0,0 V (no output),none,0,""
#2121,1,0,0,1,0,0,1,0,0,0,0,1,100 100 100 001,valid,0,0 V (no output),none,0,""
#2122,0,1,0,1,0,0,1,0,0,0,0,1,010 100 100 001,valid,0,0 V (no output),none,0,""
#2123,1,1,0,1,0,0,1,0,0,0,0,1,110 100 100 001,valid,0,0 V (no output),none,0,""
#2124,0,0,1,1,0,0,1,0,0,0,0,1,001 100 100 001,valid,0,0 V (no output),none,0,""
#2125,1,0,1,1,0,0,1,0,0,0,0,1,101 100 100 001,short-circuit,0,Short Circuit,none,0,""
#2126,0,1,1,1,0,0,1,0,0,0,0,1,011 100 100 001,valid,0,0 V (no output),none,0,""
#2127,1,1,1,1,0,0,1,0,0,0,0,1,111 100 100 001,short-circuit,0,Short Circuit,none,0,""
#2128,0,0,0,0,1,0,1,0,0,0,0,1,000 010 100 001,valid,0,0 V (no output),none,0,""
#2129,1,0,0,0,1,0,1,0,0,0,0,1,100 010 100 001,valid,0,0 V (no output),none,0,""
#2130,0,1,0,0,1,0,1,0,0,0,0,1,010 010 100 001,valid,0,0 V (no output),none,0,""
#2131,1,1,0,0,1,0,1,0,0,0,0,1,110 010 100 001,valid,0,0 V (no output),none,0,""
#2132,0,0,1,0,1,0,1,0,0,0,0,1,001 010 100 001,valid,0,0 V (no output),none,0,""
#2133,1,0,1,0,1,0,1,0,0,0,0,1,101 010 100 001,valid,0,0 V (no output),none,0,""
#2134,0,1,1,0,1,0,1,0,0,0,0,1,011 010 100 001,short-circuit,0,Short Circuit,none,0,""
#2135,1,1,1,0,1,0,1,0,0,0,0,1,111 010 100 001,short-circuit,0,Short Circuit,none,0,""
#2136,0,0,0,1,1,0,1,0,0,0,0,1,000 110 100 001,valid,0,0 V (no output),none,0,""
#2137,1,0,0,1,1,0,1,0,0,0,0,1,100 110 100 001,valid,0,0 V (no output),none,0,""
#2138,0,1,0,1,1,0,1,0,0,0,0,1,010 110 100 001,valid,0,0 V (no output),none,0,""
#2139,1,1,0,1,1,0,1,0,0,0,0,1,110 110 100 001,valid,0,0 V (no output),none,0,""
#2140,0,0,1,1,1,0,1,0,0,0,0,1,001 110 100 001,valid,0,0 V (no output),none,0,""
#2141,1,0,1,1,1,0,1,0,0,0,0,1,101 110 100 001,short-circuit,0,Short Circuit,none,0,""
#2142,0,1,1,1,1,0,1,0,0,0,0,1,011 110 100 001,short-circuit,0,Short Circuit,none,0,""
#2143,1,1,1,1,1,0,1,0,0,0,0,1,111 110 100 001,short-circuit,0,Short Circuit,none,0,""
#2144,0,0,0,0,0,1,1,0,0,0,0,1,000 001 100 001,valid,0,0 V (no output),none,0,""
#2145,1,0,0,0,0,1,1,0,0,0,0,1,100 001 100 001,valid,0,0 V (no output),none,0,""
#2146,0,1,0,0,0,1,1,0,0,0,0,1,010 001 100 001,valid,0,0 V (no output),none,0,""
#2147,1,1,0,0,0,1,1,0,0,0,0,1,110 001 100 001,valid,0,0 V (no output),none,0,""
#2148,0,0,1,0,0,1,1,0,0,0,0,1,001 001 100 001,valid,0,0 V (no output),none,0,""
#2149,1,0,1,0,0,1,1,0,0,0,0,1,101 001 100 001,short-circuit,0,Short Circuit,none,0,""
#2150,0,1,1,0,0,1,1,0,0,0,0,1,011 001 100 001,valid,0,0 V (no output),none,0,""
#2151,1,1,1,0,0,1,1,0,0,0,0,1,111 001 100 001,short-circuit,0,Short Circuit,none,0,""
#2152,0,0,0,1,0,1,1,0,0,0,0,1,000 101 100 001,short-circuit,0,Short Circuit,none,0,""
#2153,1,0,0,1,0,1,1,0,0,0,0,1,100 101 100 001,short-circuit,0,Short Circuit,none,0,""
#2154,0,1,0,1,0,1,1,0,0,0,0,1,010 101 100 001,short-circuit,0,Short Circuit,none,0,""
#2155,1,1,0,1,0,1,1,0,0,0,0,1,110 101 100 001,short-circuit,0,Short Circuit,none,0,""
#2156,0,0,1,1,0,1,1,0,0,0,0,1,001 101 100 001,short-circuit,0,Short Circuit,none,0,""
#2157,1,0,1,1,0,1,1,0,0,0,0,1,101 101 100 001,short-circuit,0,Short Circuit,none,0,""
#2158,0,1,1,1,0,1,1,0,0,0,0,1,011 101 100 001,short-circuit,0,Short Circuit,none,0,""
#2159,1,1,1,1,0,1,1,0,0,0,0,1,111 101 100 001,short-circuit,0,Short Circuit,none,0,""
#2160,0,0,0,0,1,1,1,0,0,0,0,1,000 011 100 001,valid,0,0 V (no output),none,0,""
#2161,1,0,0,0,1,1,1,0,0,0,0,1,100 011 100 001,valid,0,0 V (no output),none,0,""
#2162,0,1,0,0,1,1,1,0,0,0,0,1,010 011 100 001,valid,0,0 V (no output),none,0,""
#2163,1,1,0,0,1,1,1,0,0,0,0,1,110 011 100 001,short-circuit,0,Short Circuit,none,0,""
#2164,0,0,1,0,1,1,1,0,0,0,0,1,001 011 100 001,valid,0,0 V (no output),none,0,""
#2165,1,0,1,0,1,1,1,0,0,0,0,1,101 011 100 001,short-circuit,0,Short Circuit,none,0,""
#2166,0,1,1,0,1,1,1,0,0,0,0,1,011 011 100 001,short-circuit,0,Short Circuit,none,0,""
#2167,1,1,1,0,1,1,1,0,0,0,0,1,111 011 100 001,short-circuit,0,Short Circuit,none,0,""
#2168,0,0,0,1,1,1,1,0,0,0,0,1,000 111 100 001,short-circuit,0,Short Circuit,none,0,""
#2169,1,0,0,1,1,1,1,0,0,0,0,1,100 111 100 001,short-circuit,0,Short Circuit,none,0,""
#2170,0,1,0,1,1,1,1,0,0,0,0,1,010 111 100 001,short-circuit,0,Short Circuit,none,0,""
#2171,1,1,0,1,1,1,1,0,0,0,0,1,110 111 100 001,short-circuit,0,Short Circuit,none,0,""
#2172,0,0,1,1,1,1,1,0,0,0,0,1,001 111 100 001,short-circuit,0,Short Circuit,none,0,""
#2173,1,0,1,1,1,1,1,0,0,0,0,1,101 111 100 001,short-circuit,0,Short Circuit,none,0,""
#2174,0,1,1,1,1,1,1,0,0,0,0,1,011 111 100 001,short-circuit,0,Short Circuit,none,0,""
#2175,1,1,1,1,1,1,1,0,0,0,0,1,111 111 100 001,short-circuit,0,Short Circuit,none,0,""
#2176,0,0,0,0,0,0,0,1,0,0,0,1,000 000 010 001,valid,0,0 V (no output),none,0,""
#2177,1,0,0,0,0,0,0,1,0,0,0,1,100 000 010 001,valid,0,0 V (no output),none,0,""
#2178,0,1,0,0,0,0,0,1,0,0,0,1,010 000 010 001,valid,0,0 V (no output),none,0,""
#2179,1,1,0,0,0,0,0,1,0,0,0,1,110 000 010 001,valid,0,0 V (no output),none,0,""
#2180,0,0,1,0,0,0,0,1,0,0,0,1,001 000 010 001,valid,0,0 V (no output),none,0,""
#2181,1,0,1,0,0,0,0,1,0,0,0,1,101 000 010 001,valid,0,0 V (no output),none,0,""
#2182,0,1,1,0,0,0,0,1,0,0,0,1,011 000 010 001,valid,0,0 V (no output),none,0,""
#2183,1,1,1,0,0,0,0,1,0,0,0,1,111 000 010 001,valid,0,0 V (no output),none,0,""
#2184,0,0,0,1,0,0,0,1,0,0,0,1,000 100 010 001,valid,0,0 V (no output),none,0,""
#2185,1,0,0,1,0,0,0,1,0,0,0,1,100 100 010 001,valid,0,0 V (no output),none,0,""
#2186,0,1,0,1,0,0,0,1,0,0,0,1,010 100 010 001,valid,0,0 V (no output),none,0,""
#2187,1,1,0,1,0,0,0,1,0,0,0,1,110 100 010 001,valid,0,0 V (no output),none,0,""
#2188,0,0,1,1,0,0,0,1,0,0,0,1,001 100 010 001,valid,0,0 V (no output),none,0,""
#2189,1,0,1,1,0,0,0,1,0,0,0,1,101 100 010 001,short-circuit,0,Short Circuit,none,0,""
#2190,0,1,1,1,0,0,0,1,0,0,0,1,011 100 010 001,valid,0,0 V (no output),none,0,""
#2191,1,1,1,1,0,0,0,1,0,0,0,1,111 100 010 001,short-circuit,0,Short Circuit,none,0,""
#2192,0,0,0,0,1,0,0,1,0,0,0,1,000 010 010 001,valid,0,0 V (no output),none,0,""
#2193,1,0,0,0,1,0,0,1,0,0,0,1,100 010 010 001,valid,0,0 V (no output),none,0,""
#2194,0,1,0,0,1,0,0,1,0,0,0,1,010 010 010 001,valid,0,0 V (no output),none,0,""
#2195,1,1,0,0,1,0,0,1,0,0,0,1,110 010 010 001,valid,0,0 V (no output),none,0,""
#2196,0,0,1,0,1,0,0,1,0,0,0,1,001 010 010 001,valid,0,0 V (no output),none,0,""
#2197,1,0,1,0,1,0,0,1,0,0,0,1,101 010 010 001,valid,0,0 V (no output),none,0,""
#2198,0,1,1,0,1,0,0,1,0,0,0,1,011 010 010 001,short-circuit,0,Short Circuit,none,0,""
#2199,1,1,1,0,1,0,0,1,0,0,0,1,111 010 010 001,short-circuit,0,Short Circuit,none,0,""
#2200,0,0,0,1,1,0,0,1,0,0,0,1,000 110 010 001,valid,0,0 V (no output),none,0,""
#2201,1,0,0,1,1,0,0,1,0,0,0,1,100 110 010 001,valid,0,0 V (no output),none,0,""
#2202,0,1,0,1,1,0,0,1,0,0,0,1,010 110 010 001,valid,0,0 V (no output),none,0,""
#2203,1,1,0,1,1,0,0,1,0,0,0,1,110 110 010 001,valid,0,0 V (no output),none,0,""
#2204,0,0,1,1,1,0,0,1,0,0,0,1,001 110 010 001,valid,0,0 V (no output),none,0,""
#2205,1,0,1,1,1,0,0,1,0,0,0,1,101 110 010 001,short-circuit,0,Short Circuit,none,0,""
#2206,0,1,1,1,1,0,0,1,0,0,0,1,011 110 010 001,short-circuit,0,Short Circuit,none,0,""
#2207,1,1,1,1,1,0,0,1,0,0,0,1,111 110 010 001,short-circuit,0,Short Circuit,none,0,""
#2208,0,0,0,0,0,1,0,1,0,0,0,1,000 001 010 001,valid,0,0 V (no output),none,0,""
#2209,1,0,0,0,0,1,0,1,0,0,0,1,100 001 010 001,valid,0,0 V (no output),none,0,""
#2210,0,1,0,0,0,1,0,1,0,0,0,1,010 001 010 001,valid,0,0 V (no output),none,0,""
#2211,1,1,0,0,0,1,0,1,0,0,0,1,110 001 010 001,valid,0,0 V (no output),none,0,""
#2212,0,0,1,0,0,1,0,1,0,0,0,1,001 001 010 001,valid,0,0 V (no output),none,0,""
#2213,1,0,1,0,0,1,0,1,0,0,0,1,101 001 010 001,valid,0,0 V (no output),none,0,""
#2214,0,1,1,0,0,1,0,1,0,0,0,1,011 001 010 001,short-circuit,0,Short Circuit,none,0,""
#2215,1,1,1,0,0,1,0,1,0,0,0,1,111 001 010 001,short-circuit,0,Short Circuit,none,0,""
#2216,0,0,0,1,0,1,0,1,0,0,0,1,000 101 010 001,valid,0,0 V (no output),none,0,""
#2217,1,0,0,1,0,1,0,1,0,0,0,1,100 101 010 001,valid,0,0 V (no output),none,0,""
#2218,0,1,0,1,0,1,0,1,0,0,0,1,010 101 010 001,valid,0,0 V (no output),none,0,""
#2219,1,1,0,1,0,1,0,1,0,0,0,1,110 101 010 001,short-circuit,0,Short Circuit,none,0,""
#2220,0,0,1,1,0,1,0,1,0,0,0,1,001 101 010 001,valid,0,0 V (no output),none,0,""
#2221,1,0,1,1,0,1,0,1,0,0,0,1,101 101 010 001,short-circuit,0,Short Circuit,none,0,""
#2222,0,1,1,1,0,1,0,1,0,0,0,1,011 101 010 001,short-circuit,0,Short Circuit,none,0,""
#2223,1,1,1,1,0,1,0,1,0,0,0,1,111 101 010 001,short-circuit,0,Short Circuit,none,0,""
#2224,0,0,0,0,1,1,0,1,0,0,0,1,000 011 010 001,short-circuit,0,Short Circuit,none,0,""
#2225,1,0,0,0,1,1,0,1,0,0,0,1,100 011 010 001,short-circuit,0,Short Circuit,none,0,""
#2226,0,1,0,0,1,1,0,1,0,0,0,1,010 011 010 001,short-circuit,0,Short Circuit,none,0,""
#2227,1,1,0,0,1,1,0,1,0,0,0,1,110 011 010 001,short-circuit,0,Short Circuit,none,0,""
#2228,0,0,1,0,1,1,0,1,0,0,0,1,001 011 010 001,short-circuit,0,Short Circuit,none,0,""
#2229,1,0,1,0,1,1,0,1,0,0,0,1,101 011 010 001,short-circuit,0,Short Circuit,none,0,""
#2230,0,1,1,0,1,1,0,1,0,0,0,1,011 011 010 001,short-circuit,0,Short Circuit,none,0,""
#2231,1,1,1,0,1,1,0,1,0,0,0,1,111 011 010 001,short-circuit,0,Short Circuit,none,0,""
#2232,0,0,0,1,1,1,0,1,0,0,0,1,000 111 010 001,short-circuit,0,Short Circuit,none,0,""
#2233,1,0,0,1,1,1,0,1,0,0,0,1,100 111 010 001,short-circuit,0,Short Circuit,none,0,""
#2234,0,1,0,1,1,1,0,1,0,0,0,1,010 111 010 001,short-circuit,0,Short Circuit,none,0,""
#2235,1,1,0,1,1,1,0,1,0,0,0,1,110 111 010 001,short-circuit,0,Short Circuit,none,0,""
#2236,0,0,1,1,1,1,0,1,0,0,0,1,001 111 010 001,short-circuit,0,Short Circuit,none,0,""
#2237,1,0,1,1,1,1,0,1,0,0,0,1,101 111 010 001,short-circuit,0,Short Circuit,none,0,""
#2238,0,1,1,1,1,1,0,1,0,0,0,1,011 111 010 001,short-circuit,0,Short Circuit,none,0,""
#2239,1,1,1,1,1,1,0,1,0,0,0,1,111 111 010 001,short-circuit,0,Short Circuit,none,0,""
#2240,0,0,0,0,0,0,1,1,0,0,0,1,000 000 110 001,valid,0,0 V (no output),none,0,""
#2241,1,0,0,0,0,0,1,1,0,0,0,1,100 000 110 001,valid,0,0 V (no output),none,0,""
#2242,0,1,0,0,0,0,1,1,0,0,0,1,010 000 110 001,valid,0,0 V (no output),none,0,""
#2243,1,1,0,0,0,0,1,1,0,0,0,1,110 000 110 001,valid,0,0 V (no output),none,0,""
#2244,0,0,1,0,0,0,1,1,0,0,0,1,001 000 110 001,valid,0,0 V (no output),none,0,""
#2245,1,0,1,0,0,0,1,1,0,0,0,1,101 000 110 001,valid,0,0 V (no output),none,0,""
#2246,0,1,1,0,0,0,1,1,0,0,0,1,011 000 110 001,valid,0,0 V (no output),none,0,""
#2247,1,1,1,0,0,0,1,1,0,0,0,1,111 000 110 001,valid,0,0 V (no output),none,0,""
#2248,0,0,0,1,0,0,1,1,0,0,0,1,000 100 110 001,valid,0,0 V (no output),none,0,""
#2249,1,0,0,1,0,0,1,1,0,0,0,1,100 100 110 001,valid,0,0 V (no output),none,0,""
#2250,0,1,0,1,0,0,1,1,0,0,0,1,010 100 110 001,valid,0,0 V (no output),none,0,""
#2251,1,1,0,1,0,0,1,1,0,0,0,1,110 100 110 001,valid,0,0 V (no output),none,0,""
#2252,0,0,1,1,0,0,1,1,0,0,0,1,001 100 110 001,valid,0,0 V (no output),none,0,""
#2253,1,0,1,1,0,0,1,1,0,0,0,1,101 100 110 001,short-circuit,0,Short Circuit,none,0,""
#2254,0,1,1,1,0,0,1,1,0,0,0,1,011 100 110 001,short-circuit,0,Short Circuit,none,0,""
#2255,1,1,1,1,0,0,1,1,0,0,0,1,111 100 110 001,short-circuit,0,Short Circuit,none,0,""
#2256,0,0,0,0,1,0,1,1,0,0,0,1,000 010 110 001,valid,0,0 V (no output),none,0,""
#2257,1,0,0,0,1,0,1,1,0,0,0,1,100 010 110 001,valid,0,0 V (no output),none,0,""
#2258,0,1,0,0,1,0,1,1,0,0,0,1,010 010 110 001,valid,0,0 V (no output),none,0,""
#2259,1,1,0,0,1,0,1,1,0,0,0,1,110 010 110 001,valid,0,0 V (no output),none,0,""
#2260,0,0,1,0,1,0,1,1,0,0,0,1,001 010 110 001,valid,0,0 V (no output),none,0,""
#2261,1,0,1,0,1,0,1,1,0,0,0,1,101 010 110 001,short-circuit,0,Short Circuit,none,0,""
#2262,0,1,1,0,1,0,1,1,0,0,0,1,011 010 110 001,short-circuit,0,Short Circuit,none,0,""
#2263,1,1,1,0,1,0,1,1,0,0,0,1,111 010 110 001,short-circuit,0,Short Circuit,none,0,""
#2264,0,0,0,1,1,0,1,1,0,0,0,1,000 110 110 001,valid,0,0 V (no output),none,0,""
#2265,1,0,0,1,1,0,1,1,0,0,0,1,100 110 110 001,valid,0,0 V (no output),none,0,""
#2266,0,1,0,1,1,0,1,1,0,0,0,1,010 110 110 001,valid,0,0 V (no output),none,0,""
#2267,1,1,0,1,1,0,1,1,0,0,0,1,110 110 110 001,valid,0,0 V (no output),none,0,""
#2268,0,0,1,1,1,0,1,1,0,0,0,1,001 110 110 001,valid,0,0 V (no output),none,0,""
#2269,1,0,1,1,1,0,1,1,0,0,0,1,101 110 110 001,short-circuit,0,Short Circuit,none,0,""
#2270,0,1,1,1,1,0,1,1,0,0,0,1,011 110 110 001,short-circuit,0,Short Circuit,none,0,""
#2271,1,1,1,1,1,0,1,1,0,0,0,1,111 110 110 001,short-circuit,0,Short Circuit,none,0,""
#2272,0,0,0,0,0,1,1,1,0,0,0,1,000 001 110 001,valid,0,0 V (no output),none,0,""
#2273,1,0,0,0,0,1,1,1,0,0,0,1,100 001 110 001,valid,0,0 V (no output),none,0,""
#2274,0,1,0,0,0,1,1,1,0,0,0,1,010 001 110 001,valid,0,0 V (no output),none,0,""
#2275,1,1,0,0,0,1,1,1,0,0,0,1,110 001 110 001,valid,0,0 V (no output),none,0,""
#2276,0,0,1,0,0,1,1,1,0,0,0,1,001 001 110 001,valid,0,0 V (no output),none,0,""
#2277,1,0,1,0,0,1,1,1,0,0,0,1,101 001 110 001,short-circuit,0,Short Circuit,none,0,""
#2278,0,1,1,0,0,1,1,1,0,0,0,1,011 001 110 001,short-circuit,0,Short Circuit,none,0,""
#2279,1,1,1,0,0,1,1,1,0,0,0,1,111 001 110 001,short-circuit,0,Short Circuit,none,0,""
#2280,0,0,0,1,0,1,1,1,0,0,0,1,000 101 110 001,short-circuit,0,Short Circuit,none,0,""
#2281,1,0,0,1,0,1,1,1,0,0,0,1,100 101 110 001,short-circuit,0,Short Circuit,none,0,""
#2282,0,1,0,1,0,1,1,1,0,0,0,1,010 101 110 001,short-circuit,0,Short Circuit,none,0,""
#2283,1,1,0,1,0,1,1,1,0,0,0,1,110 101 110 001,short-circuit,0,Short Circuit,none,0,""
#2284,0,0,1,1,0,1,1,1,0,0,0,1,001 101 110 001,short-circuit,0,Short Circuit,none,0,""
#2285,1,0,1,1,0,1,1,1,0,0,0,1,101 101 110 001,short-circuit,0,Short Circuit,none,0,""
#2286,0,1,1,1,0,1,1,1,0,0,0,1,011 101 110 001,short-circuit,0,Short Circuit,none,0,""
#2287,1,1,1,1,0,1,1,1,0,0,0,1,111 101 110 001,short-circuit,0,Short Circuit,none,0,""
#2288,0,0,0,0,1,1,1,1,0,0,0,1,000 011 110 001,short-circuit,0,Short Circuit,none,0,""
#2289,1,0,0,0,1,1,1,1,0,0,0,1,100 011 110 001,short-circuit,0,Short Circuit,none,0,""
#2290,0,1,0,0,1,1,1,1,0,0,0,1,010 011 110 001,short-circuit,0,Short Circuit,none,0,""
#2291,1,1,0,0,1,1,1,1,0,0,0,1,110 011 110 001,short-circuit,0,Short Circuit,none,0,""
#2292,0,0,1,0,1,1,1,1,0,0,0,1,001 011 110 001,short-circuit,0,Short Circuit,none,0,""
#2293,1,0,1,0,1,1,1,1,0,0,0,1,101 011 110 001,short-circuit,0,Short Circuit,none,0,""
#2294,0,1,1,0,1,1,1,1,0,0,0,1,011 011 110 001,short-circuit,0,Short Circuit,none,0,""
#2295,1,1,1,0,1,1,1,1,0,0,0,1,111 011 110 001,short-circuit,0,Short Circuit,none,0,""
#2296,0,0,0,1,1,1,1,1,0,0,0,1,000 111 110 001,short-circuit,0,Short Circuit,none,0,""
#2297,1,0,0,1,1,1,1,1,0,0,0,1,100 111 110 001,short-circuit,0,Short Circuit,none,0,""
#2298,0,1,0,1,1,1,1,1,0,0,0,1,010 111 110 001,short-circuit,0,Short Circuit,none,0,""
#2299,1,1,0,1,1,1,1,1,0,0,0,1,110 111 110 001,short-circuit,0,Short Circuit,none,0,""
#2300,0,0,1,1,1,1,1,1,0,0,0,1,001 111 110 001,short-circuit,0,Short Circuit,none,0,""
#2301,1,0,1,1,1,1,1,1,0,0,0,1,101 111 110 001,short-circuit,0,Short Circuit,none,0,""
#2302,0,1,1,1,1,1,1,1,0,0,0,1,011 111 110 001,short-circuit,0,Short Circuit,none,0,""
#2303,1,1,1,1,1,1,1,1,0,0,0,1,111 111 110 001,short-circuit,0,Short Circuit,none,0,""
#2304,0,0,0,0,0,0,0,0,1,0,0,1,000 000 001 001,valid,0,0 V (no output),none,0,""
#2305,1,0,0,0,0,0,0,0,1,0,0,1,100 000 001 001,valid,0,0 V (no output),none,0,""
#2306,0,1,0,0,0,0,0,0,1,0,0,1,010 000 001 001,valid,0,0 V (no output),none,0,""
#2307,1,1,0,0,0,0,0,0,1,0,0,1,110 000 001 001,valid,0,0 V (no output),none,0,""
#2308,0,0,1,0,0,0,0,0,1,0,0,1,001 000 001 001,valid,0,0 V (no output),none,0,""
#2309,1,0,1,0,0,0,0,0,1,0,0,1,101 000 001 001,valid,0,0 V (no output),none,0,""
#2310,0,1,1,0,0,0,0,0,1,0,0,1,011 000 001 001,valid,0,0 V (no output),none,0,""
#2311,1,1,1,0,0,0,0,0,1,0,0,1,111 000 001 001,valid,0,0 V (no output),none,0,""
#2312,0,0,0,1,0,0,0,0,1,0,0,1,000 100 001 001,valid,0,0 V (no output),none,0,""
#2313,1,0,0,1,0,0,0,0,1,0,0,1,100 100 001 001,valid,0,0 V (no output),none,0,""
#2314,0,1,0,1,0,0,0,0,1,0,0,1,010 100 001 001,valid,0,0 V (no output),none,0,""
#2315,1,1,0,1,0,0,0,0,1,0,0,1,110 100 001 001,valid,0,0 V (no output),none,0,""
#2316,0,0,1,1,0,0,0,0,1,0,0,1,001 100 001 001,valid,0,0 V (no output),none,0,""
#2317,1,0,1,1,0,0,0,0,1,0,0,1,101 100 001 001,short-circuit,0,Short Circuit,none,0,""
#2318,0,1,1,1,0,0,0,0,1,0,0,1,011 100 001 001,valid,0,0 V (no output),none,0,""
#2319,1,1,1,1,0,0,0,0,1,0,0,1,111 100 001 001,short-circuit,0,Short Circuit,none,0,""
#2320,0,0,0,0,1,0,0,0,1,0,0,1,000 010 001 001,valid,0,0 V (no output),none,0,""
#2321,1,0,0,0,1,0,0,0,1,0,0,1,100 010 001 001,valid,0,0 V (no output),none,0,""
#2322,0,1,0,0,1,0,0,0,1,0,0,1,010 010 001 001,valid,0,0 V (no output),none,0,""
#2323,1,1,0,0,1,0,0,0,1,0,0,1,110 010 001 001,valid,0,0 V (no output),none,0,""
#2324,0,0,1,0,1,0,0,0,1,0,0,1,001 010 001 001,valid,0,0 V (no output),none,0,""
#2325,1,0,1,0,1,0,0,0,1,0,0,1,101 010 001 001,valid,0,0 V (no output),none,0,""
#2326,0,1,1,0,1,0,0,0,1,0,0,1,011 010 001 001,short-circuit,0,Short Circuit,none,0,""
#2327,1,1,1,0,1,0,0,0,1,0,0,1,111 010 001 001,short-circuit,0,Short Circuit,none,0,""
#2328,0,0,0,1,1,0,0,0,1,0,0,1,000 110 001 001,valid,0,0 V (no output),none,0,""
#2329,1,0,0,1,1,0,0,0,1,0,0,1,100 110 001 001,valid,0,0 V (no output),none,0,""
#2330,0,1,0,1,1,0,0,0,1,0,0,1,010 110 001 001,valid,0,0 V (no output),none,0,""
#2331,1,1,0,1,1,0,0,0,1,0,0,1,110 110 001 001,valid,0,0 V (no output),none,0,""
#2332,0,0,1,1,1,0,0,0,1,0,0,1,001 110 001 001,valid,0,0 V (no output),none,0,""
#2333,1,0,1,1,1,0,0,0,1,0,0,1,101 110 001 001,short-circuit,0,Short Circuit,none,0,""
#2334,0,1,1,1,1,0,0,0,1,0,0,1,011 110 001 001,short-circuit,0,Short Circuit,none,0,""
#2335,1,1,1,1,1,0,0,0,1,0,0,1,111 110 001 001,short-circuit,0,Short Circuit,none,0,""
#2336,0,0,0,0,0,1,0,0,1,0,0,1,000 001 001 001,valid,0,0 V (no output),none,0,""
#2337,1,0,0,0,0,1,0,0,1,0,0,1,100 001 001 001,valid,0,0 V (no output),none,0,""
#2338,0,1,0,0,0,1,0,0,1,0,0,1,010 001 001 001,valid,0,0 V (no output),none,0,""
#2339,1,1,0,0,0,1,0,0,1,0,0,1,110 001 001 001,valid,0,0 V (no output),none,0,""
#2340,0,0,1,0,0,1,0,0,1,0,0,1,001 001 001 001,valid,0,0 V (no output),none,0,""
#2341,1,0,1,0,0,1,0,0,1,0,0,1,101 001 001 001,valid,16,16 V,series,4,"1 2 3 4"
#2342,0,1,1,0,0,1,0,0,1,0,0,1,011 001 001 001,valid,0,0 V (no output),none,0,""
#2343,1,1,1,0,0,1,0,0,1,0,0,1,111 001 001 001,valid,16,16 V,series,4,"1 2 3 4"
#2344,0,0,0,1,0,1,0,0,1,0,0,1,000 101 001 001,valid,12,12 V,series,3,"2 3 4"
#2345,1,0,0,1,0,1,0,0,1,0,0,1,100 101 001 001,valid,12,12 V,series,3,"2 3 4"
#2346,0,1,0,1,0,1,0,0,1,0,0,1,010 101 001 001,valid,12,12 V,series,3,"2 3 4"
#2347,1,1,0,1,0,1,0,0,1,0,0,1,110 101 001 001,valid,12,12 V,series,3,"2 3 4"
#2348,0,0,1,1,0,1,0,0,1,0,0,1,001 101 001 001,valid,12,12 V,series,3,"2 3 4"
#2349,1,0,1,1,0,1,0,0,1,0,0,1,101 101 001 001,short-circuit,0,Short Circuit,none,0,""
#2350,0,1,1,1,0,1,0,0,1,0,0,1,011 101 001 001,valid,12,12 V,series,3,"2 3 4"
#2351,1,1,1,1,0,1,0,0,1,0,0,1,111 101 001 001,short-circuit,0,Short Circuit,none,0,""
#2352,0,0,0,0,1,1,0,0,1,0,0,1,000 011 001 001,valid,0,0 V (no output),none,0,""
#2353,1,0,0,0,1,1,0,0,1,0,0,1,100 011 001 001,valid,0,0 V (no output),none,0,""
#2354,0,1,0,0,1,1,0,0,1,0,0,1,010 011 001 001,valid,0,0 V (no output),none,0,""
#2355,1,1,0,0,1,1,0,0,1,0,0,1,110 011 001 001,valid,12,12 V,series,3,"1 3 4"
#2356,0,0,1,0,1,1,0,0,1,0,0,1,001 011 001 001,valid,0,0 V (no output),none,0,""
#2357,1,0,1,0,1,1,0,0,1,0,0,1,101 011 001 001,valid,16,16 V,series,4,"1 2 3 4"
#2358,0,1,1,0,1,1,0,0,1,0,0,1,011 011 001 001,short-circuit,0,Short Circuit,none,0,""
#2359,1,1,1,0,1,1,0,0,1,0,0,1,111 011 001 001,short-circuit,0,Short Circuit,none,0,""
#2360,0,0,0,1,1,1,0,0,1,0,0,1,000 111 001 001,valid,12,12 V,series,3,"2 3 4"
#2361,1,0,0,1,1,1,0,0,1,0,0,1,100 111 001 001,valid,12,12 V,series,3,"2 3 4"
#2362,0,1,0,1,1,1,0,0,1,0,0,1,010 111 001 001,valid,12,12 V,series,3,"2 3 4"
#2363,1,1,0,1,1,1,0,0,1,0,0,1,110 111 001 001,valid,12,12 V,both,3,"1 2 3 4"
#2364,0,0,1,1,1,1,0,0,1,0,0,1,001 111 001 001,valid,12,12 V,series,3,"2 3 4"
#2365,1,0,1,1,1,1,0,0,1,0,0,1,101 111 001 001,short-circuit,0,Short Circuit,none,0,""
#2366,0,1,1,1,1,1,0,0,1,0,0,1,011 111 001 001,short-circuit,0,Short Circuit,none,0,""
#2367,1,1,1,1,1,1,0,0,1,0,0,1,111 111 001 001,short-circuit,0,Short Circuit,none,0,""
#2368,0,0,0,0,0,0,1,0,1,0,0,1,000 000 101 001,valid,8,8 V,series,2,"3 4"
#2369,1,0,0,0,0,0,1,0,1,0,0,1,100 000 101 001,valid,8,8 V,series,2,"3 4"
#2370,0,1,0,0,0,0,1,0,1,0,0,1,010 000 101 001,valid,8,8 V,series,2,"3 4"
#2371,1,1,0,0,0,0,1,0,1,0,0,1,110 000 101 001,valid,8,8 V,series,2,"3 4"
#2372,0,0,1,0,0,0,1,0,1,0,0,1,001 000 101 001,valid,8,8 V,series,2,"3 4"
#2373,1,0,1,0,0,0,1,0,1,0,0,1,101 000 101 001,valid,8,8 V,series,2,"3 4"
#2374,0,1,1,0,0,0,1,0,1,0,0,1,011 000 101 001,valid,8,8 V,series,2,"3 4"
#2375,1,1,1,0,0,0,1,0,1,0,0,1,111 000 101 001,valid,8,8 V,series,2,"3 4"
#2376,0,0,0,1,0,0,1,0,1,0,0,1,000 100 101 001,valid,8,8 V,series,2,"3 4"
#2377,1,0,0,1,0,0,1,0,1,0,0,1,100 100 101 001,valid,8,8 V,series,2,"3 4"
#2378,0,1,0,1,0,0,1,0,1,0,0,1,010 100 101 001,valid,8,8 V,series,2,"3 4"
#2379,1,1,0,1,0,0,1,0,1,0,0,1,110 100 101 001,valid,8,8 V,series,2,"3 4"
#2380,0,0,1,1,0,0,1,0,1,0,0,1,001 100 101 001,valid,8,8 V,series,2,"3 4"
#2381,1,0,1,1,0,0,1,0,1,0,0,1,101 100 101 001,short-circuit,0,Short Circuit,none,0,""
#2382,0,1,1,1,0,0,1,0,1,0,0,1,011 100 101 001,valid,8,8 V,series,2,"3 4"
#2383,1,1,1,1,0,0,1,0,1,0,0,1,111 100 101 001,short-circuit,0,Short Circuit,none,0,""
#2384,0,0,0,0,1,0,1,0,1,0,0,1,000 010 101 001,valid,8,8 V,series,2,"3 4"
#2385,1,0,0,0,1,0,1,0,1,0,0,1,100 010 101 001,valid,8,8 V,series,2,"3 4"
#2386,0,1,0,0,1,0,1,0,1,0,0,1,010 010 101 001,valid,8,8 V,series,2,"3 4"
#2387,1,1,0,0,1,0,1,0,1,0,0,1,110 010 101 001,valid,8,8 V,series,2,"3 4"
#2388,0,0,1,0,1,0,1,0,1,0,0,1,001 010 101 001,valid,8,8 V,series,2,"3 4"
#2389,1,0,1,0,1,0,1,0,1,0,0,1,101 010 101 001,valid,8,8 V,series,2,"3 4"
#2390,0,1,1,0,1,0,1,0,1,0,0,1,011 010 101 001,short-circuit,0,Short Circuit,none,0,""
#2391,1,1,1,0,1,0,1,0,1,0,0,1,111 010 101 001,short-circuit,0,Short Circuit,none,0,""
#2392,0,0,0,1,1,0,1,0,1,0,0,1,000 110 101 001,valid,8,8 V,series,2,"3 4"
#2393,1,0,0,1,1,0,1,0,1,0,0,1,100 110 101 001,valid,8,8 V,series,2,"3 4"
#2394,0,1,0,1,1,0,1,0,1,0,0,1,010 110 101 001,valid,8,8 V,series,2,"3 4"
#2395,1,1,0,1,1,0,1,0,1,0,0,1,110 110 101 001,valid,8,8 V,series,2,"3 4"
#2396,0,0,1,1,1,0,1,0,1,0,0,1,001 110 101 001,valid,8,8 V,series,2,"3 4"
#2397,1,0,1,1,1,0,1,0,1,0,0,1,101 110 101 001,short-circuit,0,Short Circuit,none,0,""
#2398,0,1,1,1,1,0,1,0,1,0,0,1,011 110 101 001,short-circuit,0,Short Circuit,none,0,""
#2399,1,1,1,1,1,0,1,0,1,0,0,1,111 110 101 001,short-circuit,0,Short Circuit,none,0,""
#2400,0,0,0,0,0,1,1,0,1,0,0,1,000 001 101 001,valid,8,8 V,series,2,"3 4"
#2401,1,0,0,0,0,1,1,0,1,0,0,1,100 001 101 001,valid,8,8 V,series,2,"3 4"
#2402,0,1,0,0,0,1,1,0,1,0,0,1,010 001 101 001,valid,8,8 V,series,2,"3 4"
#2403,1,1,0,0,0,1,1,0,1,0,0,1,110 001 101 001,valid,8,8 V,series,2,"3 4"
#2404,0,0,1,0,0,1,1,0,1,0,0,1,001 001 101 001,valid,8,8 V,series,2,"3 4"
#2405,1,0,1,0,0,1,1,0,1,0,0,1,101 001 101 001,short-circuit,0,Short Circuit,none,0,""
#2406,0,1,1,0,0,1,1,0,1,0,0,1,011 001 101 001,valid,8,8 V,series,2,"3 4"
#2407,1,1,1,0,0,1,1,0,1,0,0,1,111 001 101 001,short-circuit,0,Short Circuit,none,0,""
#2408,0,0,0,1,0,1,1,0,1,0,0,1,000 101 101 001,short-circuit,0,Short Circuit,none,0,""
#2409,1,0,0,1,0,1,1,0,1,0,0,1,100 101 101 001,short-circuit,0,Short Circuit,none,0,""
#2410,0,1,0,1,0,1,1,0,1,0,0,1,010 101 101 001,short-circuit,0,Short Circuit,none,0,""
#2411,1,1,0,1,0,1,1,0,1,0,0,1,110 101 101 001,short-circuit,0,Short Circuit,none,0,""
#2412,0,0,1,1,0,1,1,0,1,0,0,1,001 101 101 001,short-circuit,0,Short Circuit,none,0,""
#2413,1,0,1,1,0,1,1,0,1,0,0,1,101 101 101 001,short-circuit,0,Short Circuit,none,0,""
#2414,0,1,1,1,0,1,1,0,1,0,0,1,011 101 101 001,short-circuit,0,Short Circuit,none,0,""
#2415,1,1,1,1,0,1,1,0,1,0,0,1,111 101 101 001,short-circuit,0,Short Circuit,none,0,""
#2416,0,0,0,0,1,1,1,0,1,0,0,1,000 011 101 001,valid,8,8 V,series,2,"3 4"
#2417,1,0,0,0,1,1,1,0,1,0,0,1,100 011 101 001,valid,8,8 V,series,2,"3 4"
#2418,0,1,0,0,1,1,1,0,1,0,0,1,010 011 101 001,valid,8,8 V,series,2,"3 4"
#2419,1,1,0,0,1,1,1,0,1,0,0,1,110 011 101 001,short-circuit,0,Short Circuit,none,0,""
#2420,0,0,1,0,1,1,1,0,1,0,0,1,001 011 101 001,valid,8,8 V,series,2,"3 4"
#2421,1,0,1,0,1,1,1,0,1,0,0,1,101 011 101 001,short-circuit,0,Short Circuit,none,0,""
#2422,0,1,1,0,1,1,1,0,1,0,0,1,011 011 101 001,short-circuit,0,Short Circuit,none,0,""
#2423,1,1,1,0,1,1,1,0,1,0,0,1,111 011 101 001,short-circuit,0,Short Circuit,none,0,""
#2424,0,0,0,1,1,1,1,0,1,0,0,1,000 111 101 001,short-circuit,0,Short Circuit,none,0,""
#2425,1,0,0,1,1,1,1,0,1,0,0,1,100 111 101 001,short-circuit,0,Short Circuit,none,0,""
#2426,0,1,0,1,1,1,1,0,1,0,0,1,010 111 101 001,short-circuit,0,Short Circuit,none,0,""
#2427,1,1,0,1,1,1,1,0,1,0,0,1,110 111 101 001,short-circuit,0,Short Circuit,none,0,""
#2428,0,0,1,1,1,1,1,0,1,0,0,1,001 111 101 001,short-circuit,0,Short Circuit,none,0,""
#2429,1,0,1,1,1,1,1,0,1,0,0,1,101 111 101 001,short-circuit,0,Short Circuit,none,0,""
#2430,0,1,1,1,1,1,1,0,1,0,0,1,011 111 101 001,short-circuit,0,Short Circuit,none,0,""
#2431,1,1,1,1,1,1,1,0,1,0,0,1,111 111 101 001,short-circuit,0,Short Circuit,none,0,""
#2432,0,0,0,0,0,0,0,1,1,0,0,1,000 000 011 001,valid,0,0 V (no output),none,0,""
#2433,1,0,0,0,0,0,0,1,1,0,0,1,100 000 011 001,valid,0,0 V (no output),none,0,""
#2434,0,1,0,0,0,0,0,1,1,0,0,1,010 000 011 001,valid,0,0 V (no output),none,0,""
#2435,1,1,0,0,0,0,0,1,1,0,0,1,110 000 011 001,valid,8,8 V,series,2,"1 4"
#2436,0,0,1,0,0,0,0,1,1,0,0,1,001 000 011 001,valid,0,0 V (no output),none,0,""
#2437,1,0,1,0,0,0,0,1,1,0,0,1,101 000 011 001,valid,0,0 V (no output),none,0,""
#2438,0,1,1,0,0,0,0,1,1,0,0,1,011 000 011 001,valid,0,0 V (no output),none,0,""
#2439,1,1,1,0,0,0,0,1,1,0,0,1,111 000 011 001,valid,8,8 V,series,2,"1 4"
#2440,0,0,0,1,0,0,0,1,1,0,0,1,000 100 011 001,valid,0,0 V (no output),none,0,""
#2441,1,0,0,1,0,0,0,1,1,0,0,1,100 100 011 001,valid,0,0 V (no output),none,0,""
#2442,0,1,0,1,0,0,0,1,1,0,0,1,010 100 011 001,valid,0,0 V (no output),none,0,""
#2443,1,1,0,1,0,0,0,1,1,0,0,1,110 100 011 001,valid,8,8 V,series,2,"1 4"
#2444,0,0,1,1,0,0,0,1,1,0,0,1,001 100 011 001,valid,0,0 V (no output),none,0,""
#2445,1,0,1,1,0,0,0,1,1,0,0,1,101 100 011 001,short-circuit,0,Short Circuit,none,0,""
#2446,0,1,1,1,0,0,0,1,1,0,0,1,011 100 011 001,valid,4,4 V,series,1,"4"
#2447,1,1,1,1,0,0,0,1,1,0,0,1,111 100 011 001,short-circuit,0,Short Circuit,none,0,""
#2448,0,0,0,0,1,0,0,1,1,0,0,1,000 010 011 001,valid,0,0 V (no output),none,0,""
#2449,1,0,0,0,1,0,0,1,1,0,0,1,100 010 011 001,valid,0,0 V (no output),none,0,""
#2450,0,1,0,0,1,0,0,1,1,0,0,1,010 010 011 001,valid,0,0 V (no output),none,0,""
#2451,1,1,0,0,1,0,0,1,1,0,0,1,110 010 011 001,valid,8,8 V,series,2,"1 4"
#2452,0,0,1,0,1,0,0,1,1,0,0,1,001 010 011 001,valid,0,0 V (no output),none,0,""
#2453,1,0,1,0,1,0,0,1,1,0,0,1,101 010 011 001,valid,12,12 V,series,3,"1 2 4"
#2454,0,1,1,0,1,0,0,1,1,0,0,1,011 010 011 001,short-circuit,0,Short Circuit,none,0,""
#2455,1,1,1,0,1,0,0,1,1,0,0,1,111 010 011 001,short-circuit,0,Short Circuit,none,0,""
#2456,0,0,0,1,1,0,0,1,1,0,0,1,000 110 011 001,valid,8,8 V,series,2,"2 4"
#2457,1,0,0,1,1,0,0,1,1,0,0,1,100 110 011 001,valid,8,8 V,series,2,"2 4"
#2458,0,1,0,1,1,0,0,1,1,0,0,1,010 110 011 001,valid,8,8 V,series,2,"2 4"
#2459,1,1,0,1,1,0,0,1,1,0,0,1,110 110 011 001,valid,8,8 V,both,2,"1 2 4"
#2460,0,0,1,1,1,0,0,1,1,0,0,1,001 110 011 001,valid,8,8 V,series,2,"2 4"
#2461,1,0,1,1,1,0,0,1,1,0,0,1,101 110 011 001,short-circuit,0,Short Circuit,none,0,""
#2462,0,1,1,1,1,0,0,1,1,0,0,1,011 110 011 001,short-circuit,0,Short Circuit,none,0,""
#2463,1,1,1,1,1,0,0,1,1,0,0,1,111 110 011 001,short-circuit,0,Short Circuit,none,0,""
#2464,0,0,0,0,0,1,0,1,1,0,0,1,000 001 011 001,valid,0,0 V (no output),none,0,""
#2465,1,0,0,0,0,1,0,1,1,0,0,1,100 001 011 001,valid,0,0 V (no output),none,0,""
#2466,0,1,0,0,0,1,0,1,1,0,0,1,010 001 011 001,valid,0,0 V (no output),none,0,""
#2467,1,1,0,0,0,1,0,1,1,0,0,1,110 001 011 001,valid,8,8 V,series,2,"1 4"
#2468,0,0,1,0,0,1,0,1,1,0,0,1,001 001 011 001,valid,0,0 V (no output),none,0,""
#2469,1,0,1,0,0,1,0,1,1,0,0,1,101 001 011 001,valid,16,16 V,series,4,"1 2 3 4"
#2470,0,1,1,0,0,1,0,1,1,0,0,1,011 001 011 001,short-circuit,0,Short Circuit,none,0,""
#2471,1,1,1,0,0,1,0,1,1,0,0,1,111 001 011 001,short-circuit,0,Short Circuit,none,0,""
#2472,0,0,0,1,0,1,0,1,1,0,0,1,000 101 011 001,valid,12,12 V,series,3,"2 3 4"
#2473,1,0,0,1,0,1,0,1,1,0,0,1,100 101 011 001,valid,12,12 V,series,3,"2 3 4"
#2474,0,1,0,1,0,1,0,1,1,0,0,1,010 101 011 001,valid,12,12 V,series,3,"2 3 4"
#2475,1,1,0,1,0,1,0,1,1,0,0,1,110 101 011 001,short-circuit,0,Short Circuit,none,0,""
#2476,0,0,1,1,0,1,0,1,1,0,0,1,001 101 011 001,valid,12,12 V,series,3,"2 3 4"
#2477,1,0,1,1,0,1,0,1,1,0,0,1,101 101 011 001,short-circuit,0,Short Circuit,none,0,""
#2478,0,1,1,1,0,1,0,1,1,0,0,1,011 101 011 001,short-circuit,0,Short Circuit,none,0,""
#2479,1,1,1,1,0,1,0,1,1,0,0,1,111 101 011 001,short-circuit,0,Short Circuit,none,0,""
#2480,0,0,0,0,1,1,0,1,1,0,0,1,000 011 011 001,short-circuit,0,Short Circuit,none,0,""
#2481,1,0,0,0,1,1,0,1,1,0,0,1,100 011 011 001,short-circuit,0,Short Circuit,none,0,""
#2482,0,1,0,0,1,1,0,1,1,0,0,1,010 011 011 001,short-circuit,0,Short Circuit,none,0,""
#2483,1,1,0,0,1,1,0,1,1,0,0,1,110 011 011 001,short-circuit,0,Short Circuit,none,0,""
#2484,0,0,1,0,1,1,0,1,1,0,0,1,001 011 011 001,short-circuit,0,Short Circuit,none,0,""
#2485,1,0,1,0,1,1,0,1,1,0,0,1,101 011 011 001,short-circuit,0,Short Circuit,none,0,""
#2486,0,1,1,0,1,1,0,1,1,0,0,1,011 011 011 001,short-circuit,0,Short Circuit,none,0,""
#2487,1,1,1,0,1,1,0,1,1,0,0,1,111 011 011 001,short-circuit,0,Short Circuit,none,0,""
#2488,0,0,0,1,1,1,0,1,1,0,0,1,000 111 011 001,short-circuit,0,Short Circuit,none,0,""
#2489,1,0,0,1,1,1,0,1,1,0,0,1,100 111 011 001,short-circuit,0,Short Circuit,none,0,""
#2490,0,1,0,1,1,1,0,1,1,0,0,1,010 111 011 001,short-circuit,0,Short Circuit,none,0,""
#2491,1,1,0,1,1,1,0,1,1,0,0,1,110 111 011 001,short-circuit,0,Short Circuit,none,0,""
#2492,0,0,1,1,1,1,0,1,1,0,0,1,001 111 011 001,short-circuit,0,Short Circuit,none,0,""
#2493,1,0,1,1,1,1,0,1,1,0,0,1,101 111 011 001,short-circuit,0,Short Circuit,none,0,""
#2494,0,1,1,1,1,1,0,1,1,0,0,1,011 111 011 001,short-circuit,0,Short Circuit,none,0,""
#2495,1,1,1,1,1,1,0,1,1,0,0,1,111 111 011 001,short-circuit,0,Short Circuit,none,0,""
#2496,0,0,0,0,0,0,1,1,1,0,0,1,000 000 111 001,valid,8,8 V,series,2,"3 4"
#2497,1,0,0,0,0,0,1,1,1,0,0,1,100 000 111 001,valid,8,8 V,series,2,"3 4"
#2498,0,1,0,0,0,0,1,1,1,0,0,1,010 000 111 001,valid,8,8 V,series,2,"3 4"
#2499,1,1,0,0,0,0,1,1,1,0,0,1,110 000 111 001,valid,8,8 V,both,2,"1 3 4"
#2500,0,0,1,0,0,0,1,1,1,0,0,1,001 000 111 001,valid,8,8 V,series,2,"3 4"
#2501,1,0,1,0,0,0,1,1,1,0,0,1,101 000 111 001,valid,8,8 V,series,2,"3 4"
#2502,0,1,1,0,0,0,1,1,1,0,0,1,011 000 111 001,valid,8,8 V,series,2,"3 4"
#2503,1,1,1,0,0,0,1,1,1,0,0,1,111 000 111 001,valid,8,8 V,both,2,"1 3 4"
#2504,0,0,0,1,0,0,1,1,1,0,0,1,000 100 111 001,valid,8,8 V,series,2,"3 4"
#2505,1,0,0,1,0,0,1,1,1,0,0,1,100 100 111 001,valid,8,8 V,series,2,"3 4"
#2506,0,1,0,1,0,0,1,1,1,0,0,1,010 100 111 001,valid,8,8 V,series,2,"3 4"
#2507,1,1,0,1,0,0,1,1,1,0,0,1,110 100 111 001,valid,8,8 V,both,2,"1 3 4"
#2508,0,0,1,1,0,0,1,1,1,0,0,1,001 100 111 001,valid,8,8 V,series,2,"3 4"
#2509,1,0,1,1,0,0,1,1,1,0,0,1,101 100 111 001,short-circuit,0,Short Circuit,none,0,""
#2510,0,1,1,1,0,0,1,1,1,0,0,1,011 100 111 001,short-circuit,0,Short Circuit,none,0,""
#2511,1,1,1,1,0,0,1,1,1,0,0,1,111 100 111 001,short-circuit,0,Short Circuit,none,0,""
#2512,0,0,0,0,1,0,1,1,1,0,0,1,000 010 111 001,valid,8,8 V,series,2,"3 4"
#2513,1,0,0,0,1,0,1,1,1,0,0,1,100 010 111 001,valid,8,8 V,series,2,"3 4"
#2514,0,1,0,0,1,0,1,1,1,0,0,1,010 010 111 001,valid,8,8 V,series,2,"3 4"
#2515,1,1,0,0,1,0,1,1,1,0,0,1,110 010 111 001,valid,8,8 V,both,2,"1 3 4"
#2516,0,0,1,0,1,0,1,1,1,0,0,1,001 010 111 001,valid,8,8 V,series,2,"3 4"
#2517,1,0,1,0,1,0,1,1,1,0,0,1,101 010 111 001,short-circuit,0,Short Circuit,none,0,""
#2518,0,1,1,0,1,0,1,1,1,0,0,1,011 010 111 001,short-circuit,0,Short Circuit,none,0,""
#2519,1,1,1,0,1,0,1,1,1,0,0,1,111 010 111 001,short-circuit,0,Short Circuit,none,0,""
#2520,0,0,0,1,1,0,1,1,1,0,0,1,000 110 111 001,valid,8,8 V,both,2,"2 3 4"
#2521,1,0,0,1,1,0,1,1,1,0,0,1,100 110 111 001,valid,8,8 V,both,2,"2 3 4"
#2522,0,1,0,1,1,0,1,1,1,0,0,1,010 110 111 001,valid,8,8 V,both,2,"2 3 4"
#2523,1,1,0,1,1,0,1,1,1,0,0,1,110 110 111 001,valid,8,8 V,both,2,"1 2 3 4"
#2524,0,0,1,1,1,0,1,1,1,0,0,1,001 110 111 001,valid,8,8 V,both,2,"2 3 4"
#2525,1,0,1,1,1,0,1,1,1,0,0,1,101 110 111 001,short-circuit,0,Short Circuit,none,0,""
#2526,0,1,1,1,1,0,1,1,1,0,0,1,011 110 111 001,short-circuit,0,Short Circuit,none,0,""
#2527,1,1,1,1,1,0,1,1,1,0,0,1,111 110 111 001,short-circuit,0,Short Circuit,none,0,""
#2528,0,0,0,0,0,1,1,1,1,0,0,1,000 001 111 001,valid,8,8 V,series,2,"3 4"
#2529,1,0,0,0,0,1,1,1,1,0,0,1,100 001 111 001,valid,8,8 V,series,2,"3 4"
#2530,0,1,0,0,0,1,1,1,1,0,0,1,010 001 111 001,valid,8,8 V,series,2,"3 4"
#2531,1,1,0,0,0,1,1,1,1,0,0,1,110 001 111 001,valid,8,8 V,both,2,"1 3 4"
#2532,0,0,1,0,0,1,1,1,1,0,0,1,001 001 111 001,valid,8,8 V,series,2,"3 4"
#2533,1,0,1,0,0,1,1,1,1,0,0,1,101 001 111 001,short-circuit,0,Short Circuit,none,0,""
#2534,0,1,1,0,0,1,1,1,1,0,0,1,011 001 111 001,short-circuit,0,Short Circuit,none,0,""
#2535,1,1,1,0,0,1,1,1,1,0,0,1,111 001 111 001,short-circuit,0,Short Circuit,none,0,""
#2536,0,0,0,1,0,1,1,1,1,0,0,1,000 101 111 001,short-circuit,0,Short Circuit,none,0,""
#2537,1,0,0,1,0,1,1,1,1,0,0,1,100 101 111 001,short-circuit,0,Short Circuit,none,0,""
#2538,0,1,0,1,0,1,1,1,1,0,0,1,010 101 111 001,short-circuit,0,Short Circuit,none,0,""
#2539,1,1,0,1,0,1,1,1,1,0,0,1,110 101 111 001,short-circuit,0,Short Circuit,none,0,""
#2540,0,0,1,1,0,1,1,1,1,0,0,1,001 101 111 001,short-circuit,0,Short Circuit,none,0,""
#2541,1,0,1,1,0,1,1,1,1,0,0,1,101 101 111 001,short-circuit,0,Short Circuit,none,0,""
#2542,0,1,1,1,0,1,1,1,1,0,0,1,011 101 111 001,short-circuit,0,Short Circuit,none,0,""
#2543,1,1,1,1,0,1,1,1,1,0,0,1,111 101 111 001,short-circuit,0,Short Circuit,none,0,""
#2544,0,0,0,0,1,1,1,1,1,0,0,1,000 011 111 001,short-circuit,0,Short Circuit,none,0,""
#2545,1,0,0,0,1,1,1,1,1,0,0,1,100 011 111 001,short-circuit,0,Short Circuit,none,0,""
#2546,0,1,0,0,1,1,1,1,1,0,0,1,010 011 111 001,short-circuit,0,Short Circuit,none,0,""
#2547,1,1,0,0,1,1,1,1,1,0,0,1,110 011 111 001,short-circuit,0,Short Circuit,none,0,""
#2548,0,0,1,0,1,1,1,1,1,0,0,1,001 011 111 001,short-circuit,0,Short Circuit,none,0,""
#2549,1,0,1,0,1,1,1,1,1,0,0,1,101 011 111 001,short-circuit,0,Short Circuit,none,0,""
#2550,0,1,1,0,1,1,1,1,1,0,0,1,011 011 111 001,short-circuit,0,Short Circuit,none,0,""
#2551,1,1,1,0,1,1,1,1,1,0,0,1,111 011 111 001,short-circuit,0,Short Circuit,none,0,""
#2552,0,0,0,1,1,1,1,1,1,0,0,1,000 111 111 001,short-circuit,0,Short Circuit,none,0,""
#2553,1,0,0,1,1,1,1,1,1,0,0,1,100 111 111 001,short-circuit,0,Short Circuit,none,0,""
#2554,0,1,0,1,1,1,1,1,1,0,0,1,010 111 111 001,short-circuit,0,Short Circuit,none,0,""
#2555,1,1,0,1,1,1,1,1,1,0,0,1,110 111 111 001,short-circuit,0,Short Circuit,none,0,""
#2556,0,0,1,1,1,1,1,1,1,0,0,1,001 111 111 001,short-circuit,0,Short Circuit,none,0,""
#2557,1,0,1,1,1,1,1,1,1,0,0,1,101 111 111 001,short-circuit,0,Short Circuit,none,0,""
#2558,0,1,1,1,1,1,1,1,1,0,0,1,011 111 111 001,short-circuit,0,Short Circuit,none,0,""
#2559,1,1,1,1,1,1,1,1,1,0,0,1,111 111 111 001,short-circuit,0,Short Circuit,none,0,""
#2560,0,0,0,0,0,0,0,0,0,1,0,1,000 000 000 101,valid,4,4 V,series,1,"4"
#2561,1,0,0,0,0,0,0,0,0,1,0,1,100 000 000 101,valid,4,4 V,series,1,"4"
#2562,0,1,0,0,0,0,0,0,0,1,0,1,010 000 000 101,valid,4,4 V,series,1,"4"
#2563,1,1,0,0,0,0,0,0,0,1,0,1,110 000 000 101,valid,4,4 V,series,1,"4"
#2564,0,0,1,0,0,0,0,0,0,1,0,1,001 000 000 101,valid,4,4 V,series,1,"4"
#2565,1,0,1,0,0,0,0,0,0,1,0,1,101 000 000 101,valid,4,4 V,series,1,"4"
#2566,0,1,1,0,0,0,0,0,0,1,0,1,011 000 000 101,valid,4,4 V,series,1,"4"
#2567,1,1,1,0,0,0,0,0,0,1,0,1,111 000 000 101,valid,4,4 V,series,1,"4"
#2568,0,0,0,1,0,0,0,0,0,1,0,1,000 100 000 101,valid,4,4 V,series,1,"4"
#2569,1,0,0,1,0,0,0,0,0,1,0,1,100 100 000 101,valid,4,4 V,series,1,"4"
#2570,0,1,0,1,0,0,0,0,0,1,0,1,010 100 000 101,valid,4,4 V,series,1,"4"
#2571,1,1,0,1,0,0,0,0,0,1,0,1,110 100 000 101,valid,4,4 V,series,1,"4"
#2572,0,0,1,1,0,0,0,0,0,1,0,1,001 100 000 101,valid,4,4 V,series,1,"4"
#2573,1,0,1,1,0,0,0,0,0,1,0,1,101 100 000 101,short-circuit,0,Short Circuit,none,0,""
#2574,0,1,1,1,0,0,0,0,0,1,0,1,011 100 000 101,valid,4,4 V,series,1,"4"
#2575,1,1,1,1,0,0,0,0,0,1,0,1,111 100 000 101,short-circuit,0,Short Circuit,none,0,""
#2576,0,0,0,0,1,0,0,0,0,1,0,1,000 010 000 101,valid,4,4 V,series,1,"4"
#2577,1,0,0,0,1,0,0,0,0,1,0,1,100 010 000 101,valid,4,4 V,series,1,"4"
#2578,0,1,0,0,1,0,0,0,0,1,0,1,010 010 000 101,valid,4,4 V,series,1,"4"
#2579,1,1,0,0,1,0,0,0,0,1,0,1,110 010 000 101,valid,4,4 V,series,1,"4"
#2580,0,0,1,0,1,0,0,0,0,1,0,1,001 010 000 101,valid,4,4 V,series,1,"4"
#2581,1,0,1,0,1,0,0,0,0,1,0,1,101 010 000 101,valid,4,4 V,series,1,"4"
#2582,0,1,1,0,1,0,0,0,0,1,0,1,011 010 000 101,short-circuit,0,Short Circuit,none,0,""
#2583,1,1,1,0,1,0,0,0,0,1,0,1,111 010 000 101,short-circuit,0,Short Circuit,none,0,""
#2584,0,0,0,1,1,0,0,0,0,1,0,1,000 110 000 101,valid,4,4 V,series,1,"4"
#2585,1,0,0,1,1,0,0,0,0,1,0,1,100 110 000 101,valid,4,4 V,series,1,"4"
#2586,0,1,0,1,1,0,0,0,0,1,0,1,010 110 000 101,valid,4,4 V,series,1,"4"
#2587,1,1,0,1,1,0,0,0,0,1,0,1,110 110 000 101,valid,4,4 V,series,1,"4"
#2588,0,0,1,1,1,0,0,0,0,1,0,1,001 110 000 101,valid,4,4 V,series,1,"4"
#2589,1,0,1,1,1,0,0,0,0,1,0,1,101 110 000 101,short-circuit,0,Short Circuit,none,0,""
#2590,0,1,1,1,1,0,0,0,0,1,0,1,011 110 000 101,short-circuit,0,Short Circuit,none,0,""
#2591,1,1,1,1,1,0,0,0,0,1,0,1,111 110 000 101,short-circuit,0,Short Circuit,none,0,""
#2592,0,0,0,0,0,1,0,0,0,1,0,1,000 001 000 101,valid,4,4 V,series,1,"4"
#2593,1,0,0,0,0,1,0,0,0,1,0,1,100 001 000 101,valid,4,4 V,series,1,"4"
#2594,0,1,0,0,0,1,0,0,0,1,0,1,010 001 000 101,valid,4,4 V,series,1,"4"
#2595,1,1,0,0,0,1,0,0,0,1,0,1,110 001 000 101,valid,4,4 V,series,1,"4"
#2596,0,0,1,0,0,1,0,0,0,1,0,1,001 001 000 101,valid,4,4 V,series,1,"4"
#2597,1,0,1,0,0,1,0,0,0,1,0,1,101 001 000 101,valid,4,4 V,series,1,"4"
#2598,0,1,1,0,0,1,0,0,0,1,0,1,011 001 000 101,valid,4,4 V,series,1,"4"
#2599,1,1,1,0,0,1,0,0,0,1,0,1,111 001 000 101,valid,4,4 V,series,1,"4"
#2600,0,0,0,1,0,1,0,0,0,1,0,1,000 101 000 101,valid,4,4 V,series,1,"4"
#2601,1,0,0,1,0,1,0,0,0,1,0,1,100 101 000 101,valid,4,4 V,series,1,"4"
#2602,0,1,0,1,0,1,0,0,0,1,0,1,010 101 000 101,valid,4,4 V,series,1,"4"
#2603,1,1,0,1,0,1,0,0,0,1,0,1,110 101 000 101,valid,4,4 V,series,1,"4"
#2604,0,0,1,1,0,1,0,0,0,1,0,1,001 101 000 101,valid,4,4 V,series,1,"4"
#2605,1,0,1,1,0,1,0,0,0,1,0,1,101 101 000 101,short-circuit,0,Short Circuit,none,0,""
#2606,0,1,1,1,0,1,0,0,0,1,0,1,011 101 000 101,valid,4,4 V,series,1,"4"
#2607,1,1,1,1,0,1,0,0,0,1,0,1,111 101 000 101,short-circuit,0,Short Circuit,none,0,""
#2608,0,0,0,0,1,1,0,0,0,1,0,1,000 011 000 101,valid,4,4 V,series,1,"4"
#2609,1,0,0,0,1,1,0,0,0,1,0,1,100 011 000 101,valid,4,4 V,series,1,"4"
#2610,0,1,0,0,1,1,0,0,0,1,0,1,010 011 000 101,valid,4,4 V,series,1,"4"
#2611,1,1,0,0,1,1,0,0,0,1,0,1,110 011 000 101,valid,4,4 V,series,1,"4"
#2612,0,0,1,0,1,1,0,0,0,1,0,1,001 011 000 101,valid,4,4 V,series,1,"4"
#2613,1,0,1,0,1,1,0,0,0,1,0,1,101 011 000 101,valid,4,4 V,series,1,"4"
#2614,0,1,1,0,1,1,0,0,0,1,0,1,011 011 000 101,short-circuit,0,Short Circuit,none,0,""
#2615,1,1,1,0,1,1,0,0,0,1,0,1,111 011 000 101,short-circuit,0,Short Circuit,none,0,""
#2616,0,0,0,1,1,1,0,0,0,1,0,1,000 111 000 101,valid,4,4 V,series,1,"4"
#2617,1,0,0,1,1,1,0,0,0,1,0,1,100 111 000 101,valid,4,4 V,series,1,"4"
#2618,0,1,0,1,1,1,0,0,0,1,0,1,010 111 000 101,valid,4,4 V,series,1,"4"
#2619,1,1,0,1,1,1,0,0,0,1,0,1,110 111 000 101,valid,4,4 V,series,1,"4"
#2620,0,0,1,1,1,1,0,0,0,1,0,1,001 111 000 101,valid,4,4 V,series,1,"4"
#2621,1,0,1,1,1,1,0,0,0,1,0,1,101 111 000 101,short-circuit,0,Short Circuit,none,0,""
#2622,0,1,1,1,1,1,0,0,0,1,0,1,011 111 000 101,short-circuit,0,Short Circuit,none,0,""
#2623,1,1,1,1,1,1,0,0,0,1,0,1,111 111 000 101,short-circuit,0,Short Circuit,none,0,""
#2624,0,0,0,0,0,0,1,0,0,1,0,1,000 000 100 101,valid,4,4 V,series,1,"4"
#2625,1,0,0,0,0,0,1,0,0,1,0,1,100 000 100 101,valid,4,4 V,series,1,"4"
#2626,0,1,0,0,0,0,1,0,0,1,0,1,010 000 100 101,valid,4,4 V,series,1,"4"
#2627,1,1,0,0,0,0,1,0,0,1,0,1,110 000 100 101,valid,4,4 V,series,1,"4"
#2628,0,0,1,0,0,0,1,0,0,1,0,1,001 000 100 101,valid,4,4 V,series,1,"4"
#2629,1,0,1,0,0,0,1,0,0,1,0,1,101 000 100 101,valid,4,4 V,series,1,"4"
#2630,0,1,1,0,0,0,1,0,0,1,0,1,011 000 100 101,valid,4,4 V,series,1,"4"
#2631,1,1,1,0,0,0,1,0,0,1,0,1,111 000 100 101,valid,4,4 V,series,1,"4"
#2632,0,0,0,1,0,0,1,0,0,1,0,1,000 100 100 101,valid,4,4 V,series,1,"4"
#2633,1,0,0,1,0,0,1,0,0,1,0,1,100 100 100 101,valid,4,4 V,series,1,"4"
#2634,0,1,0,1,0,0,1,0,0,1,0,1,010 100 100 101,valid,4,4 V,series,1,"4"
#2635,1,1,0,1,0,0,1,0,0,1,0,1,110 100 100 101,valid,4,4 V,series,1,"4"
#2636,0,0,1,1,0,0,1,0,0,1,0,1,001 100 100 101,valid,4,4 V,series,1,"4"
#2637,1,0,1,1,0,0,1,0,0,1,0,1,101 100 100 101,short-circuit,0,Short Circuit,none,0,""
#2638,0,1,1,1,0,0,1,0,0,1,0,1,011 100 100 101,valid,4,4 V,series,1,"4"
#2639,1,1,1,1,0,0,1,0,0,1,0,1,111 100 100 101,short-circuit,0,Short Circuit,none,0,""
#2640,0,0,0,0,1,0,1,0,0,1,0,1,000 010 100 101,valid,4,4 V,series,1,"4"
#2641,1,0,0,0,1,0,1,0,0,1,0,1,100 010 100 101,valid,4,4 V,series,1,"4"
#2642,0,1,0,0,1,0,1,0,0,1,0,1,010 010 100 101,valid,4,4 V,series,1,"4"
#2643,1,1,0,0,1,0,1,0,0,1,0,1,110 010 100 101,valid,4,4 V,series,1,"4"
#2644,0,0,1,0,1,0,1,0,0,1,0,1,001 010 100 101,valid,4,4 V,series,1,"4"
#2645,1,0,1,0,1,0,1,0,0,1,0,1,101 010 100 101,valid,4,4 V,series,1,"4"
#2646,0,1,1,0,1,0,1,0,0,1,0,1,011 010 100 101,short-circuit,0,Short Circuit,none,0,""
#2647,1,1,1,0,1,0,1,0,0,1,0,1,111 010 100 101,short-circuit,0,Short Circuit,none,0,""
#2648,0,0,0,1,1,0,1,0,0,1,0,1,000 110 100 101,valid,4,4 V,series,1,"4"
#2649,1,0,0,1,1,0,1,0,0,1,0,1,100 110 100 101,valid,4,4 V,series,1,"4"
#2650,0,1,0,1,1,0,1,0,0,1,0,1,010 110 100 101,valid,4,4 V,series,1,"4"
#2651,1,1,0,1,1,0,1,0,0,1,0,1,110 110 100 101,valid,4,4 V,series,1,"4"
#2652,0,0,1,1,1,0,1,0,0,1,0,1,001 110 100 101,valid,4,4 V,series,1,"4"
#2653,1,0,1,1,1,0,1,0,0,1,0,1,101 110 100 101,short-circuit,0,Short Circuit,none,0,""
#2654,0,1,1,1,1,0,1,0,0,1,0,1,011 110 100 101,short-circuit,0,Short Circuit,none,0,""
#2655,1,1,1,1,1,0,1,0,0,1,0,1,111 110 100 101,short-circuit,0,Short Circuit,none,0,""
#2656,0,0,0,0,0,1,1,0,0,1,0,1,000 001 100 101,valid,4,4 V,series,1,"4"
#2657,1,0,0,0,0,1,1,0,0,1,0,1,100 001 100 101,valid,4,4 V,series,1,"4"
#2658,0,1,0,0,0,1,1,0,0,1,0,1,010 001 100 101,valid,4,4 V,series,1,"4"
#2659,1,1,0,0,0,1,1,0,0,1,0,1,110 001 100 101,valid,4,4 V,series,1,"4"
#2660,0,0,1,0,0,1,1,0,0,1,0,1,001 001 100 101,valid,4,4 V,series,1,"4"
#2661,1,0,1,0,0,1,1,0,0,1,0,1,101 001 100 101,short-circuit,0,Short Circuit,none,0,""
#2662,0,1,1,0,0,1,1,0,0,1,0,1,011 001 100 101,valid,4,4 V,series,1,"4"
#2663,1,1,1,0,0,1,1,0,0,1,0,1,111 001 100 101,short-circuit,0,Short Circuit,none,0,""
#2664,0,0,0,1,0,1,1,0,0,1,0,1,000 101 100 101,short-circuit,0,Short Circuit,none,0,""
#2665,1,0,0,1,0,1,1,0,0,1,0,1,100 101 100 101,short-circuit,0,Short Circuit,none,0,""
#2666,0,1,0,1,0,1,1,0,0,1,0,1,010 101 100 101,short-circuit,0,Short Circuit,none,0,""
#2667,1,1,0,1,0,1,1,0,0,1,0,1,110 101 100 101,short-circuit,0,Short Circuit,none,0,""
#2668,0,0,1,1,0,1,1,0,0,1,0,1,001 101 100 101,short-circuit,0,Short Circuit,none,0,""
#2669,1,0,1,1,0,1,1,0,0,1,0,1,101 101 100 101,short-circuit,0,Short Circuit,none,0,""
#2670,0,1,1,1,0,1,1,0,0,1,0,1,011 101 100 101,short-circuit,0,Short Circuit,none,0,""
#2671,1,1,1,1,0,1,1,0,0,1,0,1,111 101 100 101,short-circuit,0,Short Circuit,none,0,""
#2672,0,0,0,0,1,1,1,0,0,1,0,1,000 011 100 101,valid,4,4 V,series,1,"4"
#2673,1,0,0,0,1,1,1,0,0,1,0,1,100 011 100 101,valid,4,4 V,series,1,"4"
#2674,0,1,0,0,1,1,1,0,0,1,0,1,010 011 100 101,valid,4,4 V,series,1,"4"
#2675,1,1,0,0,1,1,1,0,0,1,0,1,110 011 100 101,short-circuit,0,Short Circuit,none,0,""
#2676,0,0,1,0,1,1,1,0,0,1,0,1,001 011 100 101,valid,4,4 V,series,1,"4"
#2677,1,0,1,0,1,1,1,0,0,1,0,1,101 011 100 101,short-circuit,0,Short Circuit,none,0,""
#2678,0,1,1,0,1,1,1,0,0,1,0,1,011 011 100 101,short-circuit,0,Short Circuit,none,0,""
#2679,1,1,1,0,1,1,1,0,0,1,0,1,111 011 100 101,short-circuit,0,Short Circuit,none,0,""
#2680,0,0,0,1,1,1,1,0,0,1,0,1,000 111 100 101,short-circuit,0,Short Circuit,none,0,""
#2681,1,0,0,1,1,1,1,0,0,1,0,1,100 111 100 101,short-circuit,0,Short Circuit,none,0,""
#2682,0,1,0,1,1,1,1,0,0,1,0,1,010 111 100 101,short-circuit,0,Short Circuit,none,0,""
#2683,1,1,0,1,1,1,1,0,0,1,0,1,110 111 100 101,short-circuit,0,Short Circuit,none,0,""
#2684,0,0,1,1,1,1,1,0,0,1,0,1,001 111 100 101,short-circuit,0,Short Circuit,none,0,""
#2685,1,0,1,1,1,1,1,0,0,1,0,1,101 111 100 101,short-circuit,0,Short Circuit,none,0,""
#2686,0,1,1,1,1,1,1,0,0,1,0,1,011 111 100 101,short-circuit,0,Short Circuit,none,0,""
#2687,1,1,1,1,1,1,1,0,0,1,0,1,111 111 100 101,short-circuit,0,Short Circuit,none,0,""
#2688,0,0,0,0,0,0,0,1,0,1,0,1,000 000 010 101,valid,4,4 V,series,1,"4"
#2689,1,0,0,0,0,0,0,1,0,1,0,1,100 000 010 101,valid,4,4 V,series,1,"4"
#2690,0,1,0,0,0,0,0,1,0,1,0,1,010 000 010 101,valid,4,4 V,series,1,"4"
#2691,1,1,0,0,0,0,0,1,0,1,0,1,110 000 010 101,valid,4,4 V,series,1,"4"
#2692,0,0,1,0,0,0,0,1,0,1,0,1,001 000 010 101,valid,4,4 V,series,1,"4"
#2693,1,0,1,0,0,0,0,1,0,1,0,1,101 000 010 101,valid,4,4 V,series,1,"4"
#2694,0,1,1,0,0,0,0,1,0,1,0,1,011 000 010 101,valid,4,4 V,series,1,"4"
#2695,1,1,1,0,0,0,0,1,0,1,0,1,111 000 010 101,valid,4,4 V,series,1,"4"
#2696,0,0,0,1,0,0,0,1,0,1,0,1,000 100 010 101,valid,4,4 V,series,1,"4"
#2697,1,0,0,1,0,0,0,1,0,1,0,1,100 100 010 101,valid,4,4 V,series,1,"4"
#2698,0,1,0,1,0,0,0,1,0,1,0,1,010 100 010 101,valid,4,4 V,series,1,"4"
#2699,1,1,0,1,0,0,0,1,0,1,0,1,110 100 010 101,valid,4,4 V,series,1,"4"
#2700,0,0,1,1,0,0,0,1,0,1,0,1,001 100 010 101,valid,4,4 V,series,1,"4"
#2701,1,0,1,1,0,0,0,1,0,1,0,1,101 100 010 101,short-circuit,0,Short Circuit,none,0,""
#2702,0,1,1,1,0,0,0,1,0,1,0,1,011 100 010 101,valid,4,4 V,series,1,"4"
#2703,1,1,1,1,0,0,0,1,0,1,0,1,111 100 010 101,short-circuit,0,Short Circuit,none,0,""
#2704,0,0,0,0,1,0,0,1,0,1,0,1,000 010 010 101,valid,4,4 V,series,1,"4"
#2705,1,0,0,0,1,0,0,1,0,1,0,1,100 010 010 101,valid,4,4 V,series,1,"4"
#2706,0,1,0,0,1,0,0,1,0,1,0,1,010 010 010 101,valid,4,4 V,series,1,"4"
#2707,1,1,0,0,1,0,0,1,0,1,0,1,110 010 010 101,valid,4,4 V,series,1,"4"
#2708,0,0,1,0,1,0,0,1,0,1,0,1,001 010 010 101,valid,4,4 V,series,1,"4"
#2709,1,0,1,0,1,0,0,1,0,1,0,1,101 010 010 101,valid,4,4 V,series,1,"4"
#2710,0,1,1,0,1,0,0,1,0,1,0,1,011 010 010 101,short-circuit,0,Short Circuit,none,0,""
#2711,1,1,1,0,1,0,0,1,0,1,0,1,111 010 010 101,short-circuit,0,Short Circuit,none,0,""
#2712,0,0,0,1,1,0,0,1,0,1,0,1,000 110 010 101,valid,4,4 V,series,1,"4"
#2713,1,0,0,1,1,0,0,1,0,1,0,1,100 110 010 101,valid,4,4 V,series,1,"4"
#2714,0,1,0,1,1,0,0,1,0,1,0,1,010 110 010 101,valid,4,4 V,series,1,"4"
#2715,1,1,0,1,1,0,0,1,0,1,0,1,110 110 010 101,valid,4,4 V,series,1,"4"
#2716,0,0,1,1,1,0,0,1,0,1,0,1,001 110 010 101,valid,4,4 V,series,1,"4"
#2717,1,0,1,1,1,0,0,1,0,1,0,1,101 110 010 101,short-circuit,0,Short Circuit,none,0,""
#2718,0,1,1,1,1,0,0,1,0,1,0,1,011 110 010 101,short-circuit,0,Short Circuit,none,0,""
#2719,1,1,1,1,1,0,0,1,0,1,0,1,111 110 010 101,short-circuit,0,Short Circuit,none,0,""
#2720,0,0,0,0,0,1,0,1,0,1,0,1,000 001 010 101,valid,4,4 V,series,1,"4"
#2721,1,0,0,0,0,1,0,1,0,1,0,1,100 001 010 101,valid,4,4 V,series,1,"4"
#2722,0,1,0,0,0,1,0,1,0,1,0,1,010 001 010 101,valid,4,4 V,series,1,"4"
#2723,1,1,0,0,0,1,0,1,0,1,0,1,110 001 010 101,valid,4,4 V,series,1,"4"
#2724,0,0,1,0,0,1,0,1,0,1,0,1,001 001 010 101,valid,4,4 V,series,1,"4"
#2725,1,0,1,0,0,1,0,1,0,1,0,1,101 001 010 101,valid,4,4 V,series,1,"4"
#2726,0,1,1,0,0,1,0,1,0,1,0,1,011 001 010 101,short-circuit,0,Short Circuit,none,0,""
#2727,1,1,1,0,0,1,0,1,0,1,0,1,111 001 010 101,short-circuit,0,Short Circuit,none,0,""
#2728,0,0,0,1,0,1,0,1,0,1,0,1,000 101 010 101,valid,4,4 V,series,1,"4"
#2729,1,0,0,1,0,1,0,1,0,1,0,1,100 101 010 101,valid,4,4 V,series,1,"4"
#2730,0,1,0,1,0,1,0,1,0,1,0,1,010 101 010 101,valid,4,4 V,series,1,"4"
#2731,1,1,0,1,0,1,0,1,0,1,0,1,110 101 010 101,short-circuit,0,Short Circuit,none,0,""
#2732,0,0,1,1,0,1,0,1,0,1,0,1,001 101 010 101,valid,4,4 V,series,1,"4"
#2733,1,0,1,1,0,1,0,1,0,1,0,1,101 101 010 101,short-circuit,0,Short Circuit,none,0,""
#2734,0,1,1,1,0,1,0,1,0,1,0,1,011 101 010 101,short-circuit,0,Short Circuit,none,0,""
#2735,1,1,1,1,0,1,0,1,0,1,0,1,111 101 010 101,short-circuit,0,Short Circuit,none,0,""
#2736,0,0,0,0,1,1,0,1,0,1,0,1,000 011 010 101,short-circuit,0,Short Circuit,none,0,""
#2737,1,0,0,0,1,1,0,1,0,1,0,1,100 011 010 101,short-circuit,0,Short Circuit,none,0,""
#2738,0,1,0,0,1,1,0,1,0,1,0,1,010 011 010 101,short-circuit,0,Short Circuit,none,0,""
#2739,1,1,0,0,1,1,0,1,0,1,0,1,110 011 010 101,short-circuit,0,Short Circuit,none,0,""
#2740,0,0,1,0,1,1,0,1,0,1,0,1,001 011 010 101,short-circuit,0,Short Circuit,none,0,""
#2741,1,0,1,0,1,1,0,1,0,1,0,1,101 011 010 101,short-circuit,0,Short Circuit,none,0,""
#2742,0,1,1,0,1,1,0,1,0,1,0,1,011 011 010 101,short-circuit,0,Short Circuit,none,0,""
#2743,1,1,1,0,1,1,0,1,0,1,0,1,111 011 010 101,short-circuit,0,Short Circuit,none,0,""
#2744,0,0,0,1,1,1,0,1,0,1,0,1,000 111 010 101,short-circuit,0,Short Circuit,none,0,""
#2745,1,0,0,1,1,1,0,1,0,1,0,1,100 111 010 101,short-circuit,0,Short Circuit,none,0,""
#2746,0,1,0,1,1,1,0,1,0,1,0,1,010 111 010 101,short-circuit,0,Short Circuit,none,0,""
#2747,1,1,0,1,1,1,0,1,0,1,0,1,110 111 010 101,short-circuit,0,Short Circuit,none,0,""
#2748,0,0,1,1,1,1,0,1,0,1,0,1,001 111 010 101,short-circuit,0,Short Circuit,none,0,""
#2749,1,0,1,1,1,1,0,1,0,1,0,1,101 111 010 101,short-circuit,0,Short Circuit,none,0,""
#2750,0,1,1,1,1,1,0,1,0,1,0,1,011 111 010 101,short-circuit,0,Short Circuit,none,0,""
#2751,1,1,1,1,1,1,0,1,0,1,0,1,111 111 010 101,short-circuit,0,Short Circuit,none,0,""
#2752,0,0,0,0,0,0,1,1,0,1,0,1,000 000 110 101,valid,4,4 V,series,1,"4"
#2753,1,0,0,0,0,0,1,1,0,1,0,1,100 000 110 101,valid,4,4 V,series,1,"4"
#2754,0,1,0,0,0,0,1,1,0,1,0,1,010 000 110 101,valid,4,4 V,series,1,"4"
#2755,1,1,0,0,0,0,1,1,0,1,0,1,110 000 110 101,valid,4,4 V,series,1,"4"
#2756,0,0,1,0,0,0,1,1,0,1,0,1,001 000 110 101,valid,4,4 V,series,1,"4"
#2757,1,0,1,0,0,0,1,1,0,1,0,1,101 000 110 101,valid,4,4 V,series,1,"4"
#2758,0,1,1,0,0,0,1,1,0,1,0,1,011 000 110 101,valid,4,4 V,series,1,"4"
#2759,1,1,1,0,0,0,1,1,0,1,0,1,111 000 110 101,valid,4,4 V,series,1,"4"
#2760,0,0,0,1,0,0,1,1,0,1,0,1,000 100 110 101,valid,4,4 V,series,1,"4"
#2761,1,0,0,1,0,0,1,1,0,1,0,1,100 100 110 101,valid,4,4 V,series,1,"4"
#2762,0,1,0,1,0,0,1,1,0,1,0,1,010 100 110 101,valid,4,4 V,series,1,"4"
#2763,1,1,0,1,0,0,1,1,0,1,0,1,110 100 110 101,valid,4,4 V,series,1,"4"
#2764,0,0,1,1,0,0,1,1,0,1,0,1,001 100 110 101,valid,4,4 V,series,1,"4"
#2765,1,0,1,1,0,0,1,1,0,1,0,1,101 100 110 101,short-circuit,0,Short Circuit,none,0,""
#2766,0,1,1,1,0,0,1,1,0,1,0,1,011 100 110 101,short-circuit,0,Short Circuit,none,0,""
#2767,1,1,1,1,0,0,1,1,0,1,0,1,111 100 110 101,short-circuit,0,Short Circuit,none,0,""
#2768,0,0,0,0,1,0,1,1,0,1,0,1,000 010 110 101,valid,4,4 V,series,1,"4"
#2769,1,0,0,0,1,0,1,1,0,1,0,1,100 010 110 101,valid,4,4 V,series,1,"4"
#2770,0,1,0,0,1,0,1,1,0,1,0,1,010 010 110 101,valid,4,4 V,series,1,"4"
#2771,1,1,0,0,1,0,1,1,0,1,0,1,110 010 110 101,valid,4,4 V,series,1,"4"
#2772,0,0,1,0,1,0,1,1,0,1,0,1,001 010 110 101,valid,4,4 V,series,1,"4"
#2773,1,0,1,0,1,0,1,1,0,1,0,1,101 010 110 101,short-circuit,0,Short Circuit,none,0,""
#2774,0,1,1,0,1,0,1,1,0,1,0,1,011 010 110 101,short-circuit,0,Short Circuit,none,0,""
#2775,1,1,1,0,1,0,1,1,0,1,0,1,111 010 110 101,short-circuit,0,Short Circuit,none,0,""
#2776,0,0,0,1,1,0,1,1,0,1,0,1,000 110 110 101,valid,4,4 V,series,1,"4"
#2777,1,0,0,1,1,0,1,1,0,1,0,1,100 110 110 101,valid,4,4 V,series,1,"4"
#2778,0,1,0,1,1,0,1,1,0,1,0,1,010 110 110 101,valid,4,4 V,series,1,"4"
#2779,1,1,0,1,1,0,1,1,0,1,0,1,110 110 110 101,valid,4,4 V,series,1,"4"
#2780,0,0,1,1,1,0,1,1,0,1,0,1,001 110 110 101,valid,4,4 V,series,1,"4"
#2781,1,0,1,1,1,0,1,1,0,1,0,1,101 110 110 101,short-circuit,0,Short Circuit,none,0,""
#2782,0,1,1,1,1,0,1,1,0,1,0,1,011 110 110 101,short-circuit,0,Short Circuit,none,0,""
#2783,1,1,1,1,1,0,1,1,0,1,0,1,111 110 110 101,short-circuit,0,Short Circuit,none,0,""
#2784,0,0,0,0,0,1,1,1,0,1,0,1,000 001 110 101,valid,4,4 V,series,1,"4"
#2785,1,0,0,0,0,1,1,1,0,1,0,1,100 001 110 101,valid,4,4 V,series,1,"4"
#2786,0,1,0,0,0,1,1,1,0,1,0,1,010 001 110 101,valid,4,4 V,series,1,"4"
#2787,1,1,0,0,0,1,1,1,0,1,0,1,110 001 110 101,valid,4,4 V,series,1,"4"
#2788,0,0,1,0,0,1,1,1,0,1,0,1,001 001 110 101,valid,4,4 V,series,1,"4"
#2789,1,0,1,0,0,1,1,1,0,1,0,1,101 001 110 101,short-circuit,0,Short Circuit,none,0,""
#2790,0,1,1,0,0,1,1,1,0,1,0,1,011 001 110 101,short-circuit,0,Short Circuit,none,0,""
#2791,1,1,1,0,0,1,1,1,0,1,0,1,111 001 110 101,short-circuit,0,Short Circuit,none,0,""
#2792,0,0,0,1,0,1,1,1,0,1,0,1,000 101 110 101,short-circuit,0,Short Circuit,none,0,""
#2793,1,0,0,1,0,1,1,1,0,1,0,1,100 101 110 101,short-circuit,0,Short Circuit,none,0,""
#2794,0,1,0,1,0,1,1,1,0,1,0,1,010 101 110 101,short-circuit,0,Short Circuit,none,0,""
#2795,1,1,0,1,0,1,1,1,0,1,0,1,110 101 110 101,short-circuit,0,Short Circuit,none,0,""
#2796,0,0,1,1,0,1,1,1,0,1,0,1,001 101 110 101,short-circuit,0,Short Circuit,none,0,""
#2797,1,0,1,1,0,1,1,1,0,1,0,1,101 101 110 101,short-circuit,0,Short Circuit,none,0,""
#2798,0,1,1,1,0,1,1,1,0,1,0,1,011 101 110 101,short-circuit,0,Short Circuit,none,0,""
#2799,1,1,1,1,0,1,1,1,0,1,0,1,111 101 110 101,short-circuit,0,Short Circuit,none,0,""
#2800,0,0,0,0,1,1,1,1,0,1,0,1,000 011 110 101,short-circuit,0,Short Circuit,none,0,""
#2801,1,0,0,0,1,1,1,1,0,1,0,1,100 011 110 101,short-circuit,0,Short Circuit,none,0,""
#2802,0,1,0,0,1,1,1,1,0,1,0,1,010 011 110 101,short-circuit,0,Short Circuit,none,0,""
#2803,1,1,0,0,1,1,1,1,0,1,0,1,110 011 110 101,short-circuit,0,Short Circuit,none,0,""
#2804,0,0,1,0,1,1,1,1,0,1,0,1,001 011 110 101,short-circuit,0,Short Circuit,none,0,""
#2805,1,0,1,0,1,1,1,1,0,1,0,1,101 011 110 101,short-circuit,0,Short Circuit,none,0,""
#2806,0,1,1,0,1,1,1,1,0,1,0,1,011 011 110 101,short-circuit,0,Short Circuit,none,0,""
#2807,1,1,1,0,1,1,1,1,0,1,0,1,111 011 110 101,short-circuit,0,Short Circuit,none,0,""
#2808,0,0,0,1,1,1,1,1,0,1,0,1,000 111 110 101,short-circuit,0,Short Circuit,none,0,""
#2809,1,0,0,1,1,1,1,1,0,1,0,1,100 111 110 101,short-circuit,0,Short Circuit,none,0,""
#2810,0,1,0,1,1,1,1,1,0,1,0,1,010 111 110 101,short-circuit,0,Short Circuit,none,0,""
#2811,1,1,0,1,1,1,1,1,0,1,0,1,110 111 110 101,short-circuit,0,Short Circuit,none,0,""
#2812,0,0,1,1,1,1,1,1,0,1,0,1,001 111 110 101,short-circuit,0,Short Circuit,none,0,""
#2813,1,0,1,1,1,1,1,1,0,1,0,1,101 111 110 101,short-circuit,0,Short Circuit,none,0,""
#2814,0,1,1,1,1,1,1,1,0,1,0,1,011 111 110 101,short-circuit,0,Short Circuit,none,0,""
#2815,1,1,1,1,1,1,1,1,0,1,0,1,111 111 110 101,short-circuit,0,Short Circuit,none,0,""
#2816,0,0,0,0,0,0,0,0,1,1,0,1,000 000 001 101,valid,4,4 V,series,1,"4"
#2817,1,0,0,0,0,0,0,0,1,1,0,1,100 000 001 101,valid,4,4 V,series,1,"4"
#2818,0,1,0,0,0,0,0,0,1,1,0,1,010 000 001 101,valid,4,4 V,series,1,"4"
#2819,1,1,0,0,0,0,0,0,1,1,0,1,110 000 001 101,valid,4,4 V,series,1,"4"
#2820,0,0,1,0,0,0,0,0,1,1,0,1,001 000 001 101,valid,4,4 V,series,1,"4"
#2821,1,0,1,0,0,0,0,0,1,1,0,1,101 000 001 101,valid,4,4 V,series,1,"4"
#2822,0,1,1,0,0,0,0,0,1,1,0,1,011 000 001 101,valid,4,4 V,series,1,"4"
#2823,1,1,1,0,0,0,0,0,1,1,0,1,111 000 001 101,valid,4,4 V,series,1,"4"
#2824,0,0,0,1,0,0,0,0,1,1,0,1,000 100 001 101,valid,4,4 V,series,1,"4"
#2825,1,0,0,1,0,0,0,0,1,1,0,1,100 100 001 101,valid,4,4 V,series,1,"4"
#2826,0,1,0,1,0,0,0,0,1,1,0,1,010 100 001 101,valid,4,4 V,series,1,"4"
#2827,1,1,0,1,0,0,0,0,1,1,0,1,110 100 001 101,valid,4,4 V,series,1,"4"
#2828,0,0,1,1,0,0,0,0,1,1,0,1,001 100 001 101,valid,4,4 V,series,1,"4"
#2829,1,0,1,1,0,0,0,0,1,1,0,1,101 100 001 101,short-circuit,0,Short Circuit,none,0,""
#2830,0,1,1,1,0,0,0,0,1,1,0,1,011 100 001 101,valid,4,4 V,series,1,"4"
#2831,1,1,1,1,0,0,0,0,1,1,0,1,111 100 001 101,short-circuit,0,Short Circuit,none,0,""
#2832,0,0,0,0,1,0,0,0,1,1,0,1,000 010 001 101,valid,4,4 V,series,1,"4"
#2833,1,0,0,0,1,0,0,0,1,1,0,1,100 010 001 101,valid,4,4 V,series,1,"4"
#2834,0,1,0,0,1,0,0,0,1,1,0,1,010 010 001 101,valid,4,4 V,series,1,"4"
#2835,1,1,0,0,1,0,0,0,1,1,0,1,110 010 001 101,valid,4,4 V,series,1,"4"
#2836,0,0,1,0,1,0,0,0,1,1,0,1,001 010 001 101,valid,4,4 V,series,1,"4"
#2837,1,0,1,0,1,0,0,0,1,1,0,1,101 010 001 101,valid,4,4 V,series,1,"4"
#2838,0,1,1,0,1,0,0,0,1,1,0,1,011 010 001 101,short-circuit,0,Short Circuit,none,0,""
#2839,1,1,1,0,1,0,0,0,1,1,0,1,111 010 001 101,short-circuit,0,Short Circuit,none,0,""
#2840,0,0,0,1,1,0,0,0,1,1,0,1,000 110 001 101,valid,4,4 V,series,1,"4"
#2841,1,0,0,1,1,0,0,0,1,1,0,1,100 110 001 101,valid,4,4 V,series,1,"4"
#2842,0,1,0,1,1,0,0,0,1,1,0,1,010 110 001 101,valid,4,4 V,series,1,"4"
#2843,1,1,0,1,1,0,0,0,1,1,0,1,110 110 001 101,valid,4,4 V,series,1,"4"
#2844,0,0,1,1,1,0,0,0,1,1,0,1,001 110 001 101,valid,4,4 V,series,1,"4"
#2845,1,0,1,1,1,0,0,0,1,1,0,1,101 110 001 101,short-circuit,0,Short Circuit,none,0,""
#2846,0,1,1,1,1,0,0,0,1,1,0,1,011 110 001 101,short-circuit,0,Short Circuit,none,0,""
#2847,1,1,1,1,1,0,0,0,1,1,0,1,111 110 001 101,short-circuit,0,Short Circuit,none,0,""
#2848,0,0,0,0,0,1,0,0,1,1,0,1,000 001 001 101,valid,4,4 V,series,1,"4"
#2849,1,0,0,0,0,1,0,0,1,1,0,1,100 001 001 101,valid,4,4 V,series,1,"4"
#2850,0,1,0,0,0,1,0,0,1,1,0,1,010 001 001 101,valid,4,4 V,series,1,"4"
#2851,1,1,0,0,0,1,0,0,1,1,0,1,110 001 001 101,valid,4,4 V,series,1,"4"
#2852,0,0,1,0,0,1,0,0,1,1,0,1,001 001 001 101,valid,4,4 V,series,1,"4"
#2853,1,0,1,0,0,1,0,0,1,1,0,1,101 001 001 101,short-circuit,0,Short Circuit,none,0,""
#2854,0,1,1,0,0,1,0,0,1,1,0,1,011 001 001 101,valid,4,4 V,series,1,"4"
#2855,1,1,1,0,0,1,0,0,1,1,0,1,111 001 001 101,short-circuit,0,Short Circuit,none,0,""
#2856,0,0,0,1,0,1,0,0,1,1,0,1,000 101 001 101,short-circuit,0,Short Circuit,none,0,""
#2857,1,0,0,1,0,1,0,0,1,1,0,1,100 101 001 101,short-circuit,0,Short Circuit,none,0,""
#2858,0,1,0,1,0,1,0,0,1,1,0,1,010 101 001 101,short-circuit,0,Short Circuit,none,0,""
#2859,1,1,0,1,0,1,0,0,1,1,0,1,110 101 001 101,short-circuit,0,Short Circuit,none,0,""
#2860,0,0,1,1,0,1,0,0,1,1,0,1,001 101 001 101,short-circuit,0,Short Circuit,none,0,""
#2861,1,0,1,1,0,1,0,0,1,1,0,1,101 101 001 101,short-circuit,0,Short Circuit,none,0,""
#2862,0,1,1,1,0,1,0,0,1,1,0,1,011 101 001 101,short-circuit,0,Short Circuit,none,0,""
#2863,1,1,1,1,0,1,0,0,1,1,0,1,111 101 001 101,short-circuit,0,Short Circuit,none,0,""
#2864,0,0,0,0,1,1,0,0,1,1,0,1,000 011 001 101,valid,4,4 V,series,1,"4"
#2865,1,0,0,0,1,1,0,0,1,1,0,1,100 011 001 101,valid,4,4 V,series,1,"4"
#2866,0,1,0,0,1,1,0,0,1,1,0,1,010 011 001 101,valid,4,4 V,series,1,"4"
#2867,1,1,0,0,1,1,0,0,1,1,0,1,110 011 001 101,short-circuit,0,Short Circuit,none,0,""
#2868,0,0,1,0,1,1,0,0,1,1,0,1,001 011 001 101,valid,4,4 V,series,1,"4"
#2869,1,0,1,0,1,1,0,0,1,1,0,1,101 011 001 101,short-circuit,0,Short Circuit,none,0,""
#2870,0,1,1,0,1,1,0,0,1,1,0,1,011 011 001 101,short-circuit,0,Short Circuit,none,0,""
#2871,1,1,1,0,1,1,0,0,1,1,0,1,111 011 001 101,short-circuit,0,Short Circuit,none,0,""
#2872,0,0,0,1,1,1,0,0,1,1,0,1,000 111 001 101,short-circuit,0,Short Circuit,none,0,""
#2873,1,0,0,1,1,1,0,0,1,1,0,1,100 111 001 101,short-circuit,0,Short Circuit,none,0,""
#2874,0,1,0,1,1,1,0,0,1,1,0,1,010 111 001 101,short-circuit,0,Short Circuit,none,0,""
#2875,1,1,0,1,1,1,0,0,1,1,0,1,110 111 001 101,short-circuit,0,Short Circuit,none,0,""
#2876,0,0,1,1,1,1,0,0,1,1,0,1,001 111 001 101,short-circuit,0,Short Circuit,none,0,""
#2877,1,0,1,1,1,1,0,0,1,1,0,1,101 111 001 101,short-circuit,0,Short Circuit,none,0,""
#2878,0,1,1,1,1,1,0,0,1,1,0,1,011 111 001 101,short-circuit,0,Short Circuit,none,0,""
#2879,1,1,1,1,1,1,0,0,1,1,0,1,111 111 001 101,short-circuit,0,Short Circuit,none,0,""
#2880,0,0,0,0,0,0,1,0,1,1,0,1,000 000 101 101,short-circuit,0,Short Circuit,none,0,""
#2881,1,0,0,0,0,0,1,0,1,1,0,1,100 000 101 101,short-circuit,0,Short Circuit,none,0,""
#2882,0,1,0,0,0,0,1,0,1,1,0,1,010 000 101 101,short-circuit,0,Short Circuit,none,0,""
#2883,1,1,0,0,0,0,1,0,1,1,0,1,110 000 101 101,short-circuit,0,Short Circuit,none,0,""
#2884,0,0,1,0,0,0,1,0,1,1,0,1,001 000 101 101,short-circuit,0,Short Circuit,none,0,""
#2885,1,0,1,0,0,0,1,0,1,1,0,1,101 000 101 101,short-circuit,0,Short Circuit,none,0,""
#2886,0,1,1,0,0,0,1,0,1,1,0,1,011 000 101 101,short-circuit,0,Short Circuit,none,0,""
#2887,1,1,1,0,0,0,1,0,1,1,0,1,111 000 101 101,short-circuit,0,Short Circuit,none,0,""
#2888,0,0,0,1,0,0,1,0,1,1,0,1,000 100 101 101,short-circuit,0,Short Circuit,none,0,""
#2889,1,0,0,1,0,0,1,0,1,1,0,1,100 100 101 101,short-circuit,0,Short Circuit,none,0,""
#2890,0,1,0,1,0,0,1,0,1,1,0,1,010 100 101 101,short-circuit,0,Short Circuit,none,0,""
#2891,1,1,0,1,0,0,1,0,1,1,0,1,110 100 101 101,short-circuit,0,Short Circuit,none,0,""
#2892,0,0,1,1,0,0,1,0,1,1,0,1,001 100 101 101,short-circuit,0,Short Circuit,none,0,""
#2893,1,0,1,1,0,0,1,0,1,1,0,1,101 100 101 101,short-circuit,0,Short Circuit,none,0,""
#2894,0,1,1,1,0,0,1,0,1,1,0,1,011 100 101 101,short-circuit,0,Short Circuit,none,0,""
#2895,1,1,1,1,0,0,1,0,1,1,0,1,111 100 101 101,short-circuit,0,Short Circuit,none,0,""
#2896,0,0,0,0,1,0,1,0,1,1,0,1,000 010 101 101,short-circuit,0,Short Circuit,none,0,""
#2897,1,0,0,0,1,0,1,0,1,1,0,1,100 010 101 101,short-circuit,0,Short Circuit,none,0,""
#2898,0,1,0,0,1,0,1,0,1,1,0,1,010 010 101 101,short-circuit,0,Short Circuit,none,0,""
#2899,1,1,0,0,1,0,1,0,1,1,0,1,110 010 101 101,short-circuit,0,Short Circuit,none,0,""
#2900,0,0,1,0,1,0,1,0,1,1,0,1,001 010 101 101,short-circuit,0,Short Circuit,none,0,""
#2901,1,0,1,0,1,0,1,0,1,1,0,1,101 010 101 101,short-circuit,0,Short Circuit,none,0,""
#2902,0,1,1,0,1,0,1,0,1,1,0,1,011 010 101 101,short-circuit,0,Short Circuit,none,0,""
#2903,1,1,1,0,1,0,1,0,1,1,0,1,111 010 101 101,short-circuit,0,Short Circuit,none,0,""
#2904,0,0,0,1,1,0,1,0,1,1,0,1,000 110 101 101,short-circuit,0,Short Circuit,none,0,""
#2905,1,0,0,1,1,0,1,0,1,1,0,1,100 110 101 101,short-circuit,0,Short Circuit,none,0,""
#2906,0,1,0,1,1,0,1,0,1,1,0,1,010 110 101 101,short-circuit,0,Short Circuit,none,0,""
#2907,1,1,0,1,1,0,1,0,1,1,0,1,110 110 101 101,short-circuit,0,Short Circuit,none,0,""
#2908,0,0,1,1,1,0,1,0,1,1,0,1,001 110 101 101,short-circuit,0,Short Circuit,none,0,""
#2909,1,0,1,1,1,0,1,0,1,1,0,1,101 110 101 101,short-circuit,0,Short Circuit,none,0,""
#2910,0,1,1,1,1,0,1,0,1,1,0,1,011 110 101 101,short-circuit,0,Short Circuit,none,0,""
#2911,1,1,1,1,1,0,1,0,1,1,0,1,111 110 101 101,short-circuit,0,Short Circuit,none,0,""
#2912,0,0,0,0,0,1,1,0,1,1,0,1,000 001 101 101,short-circuit,0,Short Circuit,none,0,""
#2913,1,0,0,0,0,1,1,0,1,1,0,1,100 001 101 101,short-circuit,0,Short Circuit,none,0,""
#2914,0,1,0,0,0,1,1,0,1,1,0,1,010 001 101 101,short-circuit,0,Short Circuit,none,0,""
#2915,1,1,0,0,0,1,1,0,1,1,0,1,110 001 101 101,short-circuit,0,Short Circuit,none,0,""
#2916,0,0,1,0,0,1,1,0,1,1,0,1,001 001 101 101,short-circuit,0,Short Circuit,none,0,""
#2917,1,0,1,0,0,1,1,0,1,1,0,1,101 001 101 101,short-circuit,0,Short Circuit,none,0,""
#2918,0,1,1,0,0,1,1,0,1,1,0,1,011 001 101 101,short-circuit,0,Short Circuit,none,0,""
#2919,1,1,1,0,0,1,1,0,1,1,0,1,111 001 101 101,short-circuit,0,Short Circuit,none,0,""
#2920,0,0,0,1,0,1,1,0,1,1,0,1,000 101 101 101,short-circuit,0,Short Circuit,none,0,""
#2921,1,0,0,1,0,1,1,0,1,1,0,1,100 101 101 101,short-circuit,0,Short Circuit,none,0,""
#2922,0,1,0,1,0,1,1,0,1,1,0,1,010 101 101 101,short-circuit,0,Short Circuit,none,0,""
#2923,1,1,0,1,0,1,1,0,1,1,0,1,110 101 101 101,short-circuit,0,Short Circuit,none,0,""
#2924,0,0,1,1,0,1,1,0,1,1,0,1,001 101 101 101,short-circuit,0,Short Circuit,none,0,""
#2925,1,0,1,1,0,1,1,0,1,1,0,1,101 101 101 101,short-circuit,0,Short Circuit,none,0,""
#2926,0,1,1,1,0,1,1,0,1,1,0,1,011 101 101 101,short-circuit,0,Short Circuit,none,0,""
#2927,1,1,1,1,0,1,1,0,1,1,0,1,111 101 101 101,short-circuit,0,Short Circuit,none,0,""
#2928,0,0,0,0,1,1,1,0,1,1,0,1,000 011 101 101,short-circuit,0,Short Circuit,none,0,""
#2929,1,0,0,0,1,1,1,0,1,1,0,1,100 011 101 101,short-circuit,0,Short Circuit,none,0,""
#2930,0,1,0,0,1,1,1,0,1,1,0,1,010 011 101 101,short-circuit,0,Short Circuit,none,0,""
#2931,1,1,0,0,1,1,1,0,1,1,0,1,110 011 101 101,short-circuit,0,Short Circuit,none,0,""
#2932,0,0,1,0,1,1,1,0,1,1,0,1,001 011 101 101,short-circuit,0,Short Circuit,none,0,""
#2933,1,0,1,0,1,1,1,0,1,1,0,1,101 011 101 101,short-circuit,0,Short Circuit,none,0,""
#2934,0,1,1,0,1,1,1,0,1,1,0,1,011 011 101 101,short-circuit,0,Short Circuit,none,0,""
#2935,1,1,1,0,1,1,1,0,1,1,0,1,111 011 101 101,short-circuit,0,Short Circuit,none,0,""
#2936,0,0,0,1,1,1,1,0,1,1,0,1,000 111 101 101,short-circuit,0,Short Circuit,none,0,""
#2937,1,0,0,1,1,1,1,0,1,1,0,1,100 111 101 101,short-circuit,0,Short Circuit,none,0,""
#2938,0,1,0,1,1,1,1,0,1,1,0,1,010 111 101 101,short-circuit,0,Short Circuit,none,0,""
#2939,1,1,0,1,1,1,1,0,1,1,0,1,110 111 101 101,short-circuit,0,Short Circuit,none,0,""
#2940,0,0,1,1,1,1,1,0,1,1,0,1,001 111 101 101,short-circuit,0,Short Circuit,none,0,""
#2941,1,0,1,1,1,1,1,0,1,1,0,1,101 111 101 101,short-circuit,0,Short Circuit,none,0,""
#2942,0,1,1,1,1,1,1,0,1,1,0,1,011 111 101 101,short-circuit,0,Short Circuit,none,0,""
#2943,1,1,1,1,1,1,1,0,1,1,0,1,111 111 101 101,short-circuit,0,Short Circuit,none,0,""
#2944,0,0,0,0,0,0,0,1,1,1,0,1,000 000 011 101,valid,4,4 V,series,1,"4"
#2945,1,0,0,0,0,0,0,1,1,1,0,1,100 000 011 101,valid,4,4 V,series,1,"4"
#2946,0,1,0,0,0,0,0,1,1,1,0,1,010 000 011 101,valid,4,4 V,series,1,"4"
#2947,1,1,0,0,0,0,0,1,1,1,0,1,110 000 011 101,short-circuit,0,Short Circuit,none,0,""
#2948,0,0,1,0,0,0,0,1,1,1,0,1,001 000 011 101,valid,4,4 V,series,1,"4"
#2949,1,0,1,0,0,0,0,1,1,1,0,1,101 000 011 101,valid,4,4 V,series,1,"4"
#2950,0,1,1,0,0,0,0,1,1,1,0,1,011 000 011 101,valid,4,4 V,series,1,"4"
#2951,1,1,1,0,0,0,0,1,1,1,0,1,111 000 011 101,short-circuit,0,Short Circuit,none,0,""
#2952,0,0,0,1,0,0,0,1,1,1,0,1,000 100 011 101,valid,4,4 V,series,1,"4"
#2953,1,0,0,1,0,0,0,1,1,1,0,1,100 100 011 101,valid,4,4 V,series,1,"4"
#2954,0,1,0,1,0,0,0,1,1,1,0,1,010 100 011 101,valid,4,4 V,series,1,"4"
#2955,1,1,0,1,0,0,0,1,1,1,0,1,110 100 011 101,short-circuit,0,Short Circuit,none,0,""
#2956,0,0,1,1,0,0,0,1,1,1,0,1,001 100 011 101,valid,4,4 V,series,1,"4"
#2957,1,0,1,1,0,0,0,1,1,1,0,1,101 100 011 101,short-circuit,0,Short Circuit,none,0,""
#2958,0,1,1,1,0,0,0,1,1,1,0,1,011 100 011 101,valid,4,4 V,series,1,"4"
#2959,1,1,1,1,0,0,0,1,1,1,0,1,111 100 011 101,short-circuit,0,Short Circuit,none,0,""
#2960,0,0,0,0,1,0,0,1,1,1,0,1,000 010 011 101,valid,4,4 V,series,1,"4"
#2961,1,0,0,0,1,0,0,1,1,1,0,1,100 010 011 101,valid,4,4 V,series,1,"4"
#2962,0,1,0,0,1,0,0,1,1,1,0,1,010 010 011 101,valid,4,4 V,series,1,"4"
#2963,1,1,0,0,1,0,0,1,1,1,0,1,110 010 011 101,short-circuit,0,Short Circuit,none,0,""
#2964,0,0,1,0,1,0,0,1,1,1,0,1,001 010 011 101,valid,4,4 V,series,1,"4"
#2965,1,0,1,0,1,0,0,1,1,1,0,1,101 010 011 101,short-circuit,0,Short Circuit,none,0,""
#2966,0,1,1,0,1,0,0,1,1,1,0,1,011 010 011 101,short-circuit,0,Short Circuit,none,0,""
#2967,1,1,1,0,1,0,0,1,1,1,0,1,111 010 011 101,short-circuit,0,Short Circuit,none,0,""
#2968,0,0,0,1,1,0,0,1,1,1,0,1,000 110 011 101,short-circuit,0,Short Circuit,none,0,""
#2969,1,0,0,1,1,0,0,1,1,1,0,1,100 110 011 101,short-circuit,0,Short Circuit,none,0,""
#2970,0,1,0,1,1,0,0,1,1,1,0,1,010 110 011 101,short-circuit,0,Short Circuit,none,0,""
#2971,1,1,0,1,1,0,0,1,1,1,0,1,110 110 011 101,short-circuit,0,Short Circuit,none,0,""
#2972,0,0,1,1,1,0,0,1,1,1,0,1,001 110 011 101,short-circuit,0,Short Circuit,none,0,""
#2973,1,0,1,1,1,0,0,1,1,1,0,1,101 110 011 101,short-circuit,0,Short Circuit,none,0,""
#2974,0,1,1,1,1,0,0,1,1,1,0,1,011 110 011 101,short-circuit,0,Short Circuit,none,0,""
#2975,1,1,1,1,1,0,0,1,1,1,0,1,111 110 011 101,short-circuit,0,Short Circuit,none,0,""
#2976,0,0,0,0,0,1,0,1,1,1,0,1,000 001 011 101,valid,4,4 V,series,1,"4"
#2977,1,0,0,0,0,1,0,1,1,1,0,1,100 001 011 101,valid,4,4 V,series,1,"4"
#2978,0,1,0,0,0,1,0,1,1,1,0,1,010 001 011 101,valid,4,4 V,series,1,"4"
#2979,1,1,0,0,0,1,0,1,1,1,0,1,110 001 011 101,short-circuit,0,Short Circuit,none,0,""
#2980,0,0,1,0,0,1,0,1,1,1,0,1,001 001 011 101,valid,4,4 V,series,1,"4"
#2981,1,0,1,0,0,1,0,1,1,1,0,1,101 001 011 101,short-circuit,0,Short Circuit,none,0,""
#2982,0,1,1,0,0,1,0,1,1,1,0,1,011 001 011 101,short-circuit,0,Short Circuit,none,0,""
#2983,1,1,1,0,0,1,0,1,1,1,0,1,111 001 011 101,short-circuit,0,Short Circuit,none,0,""
#2984,0,0,0,1,0,1,0,1,1,1,0,1,000 101 011 101,short-circuit,0,Short Circuit,none,0,""
#2985,1,0,0,1,0,1,0,1,1,1,0,1,100 101 011 101,short-circuit,0,Short Circuit,none,0,""
#2986,0,1,0,1,0,1,0,1,1,1,0,1,010 101 011 101,short-circuit,0,Short Circuit,none,0,""
#2987,1,1,0,1,0,1,0,1,1,1,0,1,110 101 011 101,short-circuit,0,Short Circuit,none,0,""
#2988,0,0,1,1,0,1,0,1,1,1,0,1,001 101 011 101,short-circuit,0,Short Circuit,none,0,""
#2989,1,0,1,1,0,1,0,1,1,1,0,1,101 101 011 101,short-circuit,0,Short Circuit,none,0,""
#2990,0,1,1,1,0,1,0,1,1,1,0,1,011 101 011 101,short-circuit,0,Short Circuit,none,0,""
#2991,1,1,1,1,0,1,0,1,1,1,0,1,111 101 011 101,short-circuit,0,Short Circuit,none,0,""
#2992,0,0,0,0,1,1,0,1,1,1,0,1,000 011 011 101,short-circuit,0,Short Circuit,none,0,""
#2993,1,0,0,0,1,1,0,1,1,1,0,1,100 011 011 101,short-circuit,0,Short Circuit,none,0,""
#2994,0,1,0,0,1,1,0,1,1,1,0,1,010 011 011 101,short-circuit,0,Short Circuit,none,0,""
#2995,1,1,0,0,1,1,0,1,1,1,0,1,110 011 011 101,short-circuit,0,Short Circuit,none,0,""
#2996,0,0,1,0,1,1,0,1,1,1,0,1,001 011 011 101,short-circuit,0,Short Circuit,none,0,""
#2997,1,0,1,0,1,1,0,1,1,1,0,1,101 011 011 101,short-circuit,0,Short Circuit,none,0,""
#2998,0,1,1,0,1,1,0,1,1,1,0,1,011 011 011 101,short-circuit,0,Short Circuit,none,0,""
#2999,1,1,1,0,1,1,0,1,1,1,0,1,111 011 011 101,short-circuit,0,Short Circuit,none,0,""
#3000,0,0,0,1,1,1,0,1,1,1,0,1,000 111 011 101,short-circuit,0,Short Circuit,none,0,""
#3001,1,0,0,1,1,1,0,1,1,1,0,1,100 111 011 101,short-circuit,0,Short Circuit,none,0,""
#3002,0,1,0,1,1,1,0,1,1,1,0,1,010 111 011 101,short-circuit,0,Short Circuit,none,0,""
#3003,1,1,0,1,1,1,0,1,1,1,0,1,110 111 011 101,short-circuit,0,Short Circuit,none,0,""
#3004,0,0,1,1,1,1,0,1,1,1,0,1,001 111 011 101,short-circuit,0,Short Circuit,none,0,""
#3005,1,0,1,1,1,1,0,1,1,1,0,1,101 111 011 101,short-circuit,0,Short Circuit,none,0,""
#3006,0,1,1,1,1,1,0,1,1,1,0,1,011 111 011 101,short-circuit,0,Short Circuit,none,0,""
#3007,1,1,1,1,1,1,0,1,1,1,0,1,111 111 011 101,short-circuit,0,Short Circuit,none,0,""
#3008,0,0,0,0,0,0,1,1,1,1,0,1,000 000 111 101,short-circuit,0,Short Circuit,none,0,""
#3009,1,0,0,0,0,0,1,1,1,1,0,1,100 000 111 101,short-circuit,0,Short Circuit,none,0,""
#3010,0,1,0,0,0,0,1,1,1,1,0,1,010 000 111 101,short-circuit,0,Short Circuit,none,0,""
#3011,1,1,0,0,0,0,1,1,1,1,0,1,110 000 111 101,short-circuit,0,Short Circuit,none,0,""
#3012,0,0,1,0,0,0,1,1,1,1,0,1,001 000 111 101,short-circuit,0,Short Circuit,none,0,""
#3013,1,0,1,0,0,0,1,1,1,1,0,1,101 000 111 101,short-circuit,0,Short Circuit,none,0,""
#3014,0,1,1,0,0,0,1,1,1,1,0,1,011 000 111 101,short-circuit,0,Short Circuit,none,0,""
#3015,1,1,1,0,0,0,1,1,1,1,0,1,111 000 111 101,short-circuit,0,Short Circuit,none,0,""
#3016,0,0,0,1,0,0,1,1,1,1,0,1,000 100 111 101,short-circuit,0,Short Circuit,none,0,""
#3017,1,0,0,1,0,0,1,1,1,1,0,1,100 100 111 101,short-circuit,0,Short Circuit,none,0,""
#3018,0,1,0,1,0,0,1,1,1,1,0,1,010 100 111 101,short-circuit,0,Short Circuit,none,0,""
#3019,1,1,0,1,0,0,1,1,1,1,0,1,110 100 111 101,short-circuit,0,Short Circuit,none,0,""
#3020,0,0,1,1,0,0,1,1,1,1,0,1,001 100 111 101,short-circuit,0,Short Circuit,none,0,""
#3021,1,0,1,1,0,0,1,1,1,1,0,1,101 100 111 101,short-circuit,0,Short Circuit,none,0,""
#3022,0,1,1,1,0,0,1,1,1,1,0,1,011 100 111 101,short-circuit,0,Short Circuit,none,0,""
#3023,1,1,1,1,0,0,1,1,1,1,0,1,111 100 111 101,short-circuit,0,Short Circuit,none,0,""
#3024,0,0,0,0,1,0,1,1,1,1,0,1,000 010 111 101,short-circuit,0,Short Circuit,none,0,""
#3025,1,0,0,0,1,0,1,1,1,1,0,1,100 010 111 101,short-circuit,0,Short Circuit,none,0,""
#3026,0,1,0,0,1,0,1,1,1,1,0,1,010 010 111 101,short-circuit,0,Short Circuit,none,0,""
#3027,1,1,0,0,1,0,1,1,1,1,0,1,110 010 111 101,short-circuit,0,Short Circuit,none,0,""
#3028,0,0,1,0,1,0,1,1,1,1,0,1,001 010 111 101,short-circuit,0,Short Circuit,none,0,""
#3029,1,0,1,0,1,0,1,1,1,1,0,1,101 010 111 101,short-circuit,0,Short Circuit,none,0,""
#3030,0,1,1,0,1,0,1,1,1,1,0,1,011 010 111 101,short-circuit,0,Short Circuit,none,0,""
#3031,1,1,1,0,1,0,1,1,1,1,0,1,111 010 111 101,short-circuit,0,Short Circuit,none,0,""
#3032,0,0,0,1,1,0,1,1,1,1,0,1,000 110 111 101,short-circuit,0,Short Circuit,none,0,""
#3033,1,0,0,1,1,0,1,1,1,1,0,1,100 110 111 101,short-circuit,0,Short Circuit,none,0,""
#3034,0,1,0,1,1,0,1,1,1,1,0,1,010 110 111 101,short-circuit,0,Short Circuit,none,0,""
#3035,1,1,0,1,1,0,1,1,1,1,0,1,110 110 111 101,short-circuit,0,Short Circuit,none,0,""
#3036,0,0,1,1,1,0,1,1,1,1,0,1,001 110 111 101,short-circuit,0,Short Circuit,none,0,""
#3037,1,0,1,1,1,0,1,1,1,1,0,1,101 110 111 101,short-circuit,0,Short Circuit,none,0,""
#3038,0,1,1,1,1,0,1,1,1,1,0,1,011 110 111 101,short-circuit,0,Short Circuit,none,0,""
#3039,1,1,1,1,1,0,1,1,1,1,0,1,111 110 111 101,short-circuit,0,Short Circuit,none,0,""
#3040,0,0,0,0,0,1,1,1,1,1,0,1,000 001 111 101,short-circuit,0,Short Circuit,none,0,""
#3041,1,0,0,0,0,1,1,1,1,1,0,1,100 001 111 101,short-circuit,0,Short Circuit,none,0,""
#3042,0,1,0,0,0,1,1,1,1,1,0,1,010 001 111 101,short-circuit,0,Short Circuit,none,0,""
#3043,1,1,0,0,0,1,1,1,1,1,0,1,110 001 111 101,short-circuit,0,Short Circuit,none,0,""
#3044,0,0,1,0,0,1,1,1,1,1,0,1,001 001 111 101,short-circuit,0,Short Circuit,none,0,""
#3045,1,0,1,0,0,1,1,1,1,1,0,1,101 001 111 101,short-circuit,0,Short Circuit,none,0,""
#3046,0,1,1,0,0,1,1,1,1,1,0,1,011 001 111 101,short-circuit,0,Short Circuit,none,0,""
#3047,1,1,1,0,0,1,1,1,1,1,0,1,111 001 111 101,short-circuit,0,Short Circuit,none,0,""
#3048,0,0,0,1,0,1,1,1,1,1,0,1,000 101 111 101,short-circuit,0,Short Circuit,none,0,""
#3049,1,0,0,1,0,1,1,1,1,1,0,1,100 101 111 101,short-circuit,0,Short Circuit,none,0,""
#3050,0,1,0,1,0,1,1,1,1,1,0,1,010 101 111 101,short-circuit,0,Short Circuit,none,0,""
#3051,1,1,0,1,0,1,1,1,1,1,0,1,110 101 111 101,short-circuit,0,Short Circuit,none,0,""
#3052,0,0,1,1,0,1,1,1,1,1,0,1,001 101 111 101,short-circuit,0,Short Circuit,none,0,""
#3053,1,0,1,1,0,1,1,1,1,1,0,1,101 101 111 101,short-circuit,0,Short Circuit,none,0,""
#3054,0,1,1,1,0,1,1,1,1,1,0,1,011 101 111 101,short-circuit,0,Short Circuit,none,0,""
#3055,1,1,1,1,0,1,1,1,1,1,0,1,111 101 111 101,short-circuit,0,Short Circuit,none,0,""
#3056,0,0,0,0,1,1,1,1,1,1,0,1,000 011 111 101,short-circuit,0,Short Circuit,none,0,""
#3057,1,0,0,0,1,1,1,1,1,1,0,1,100 011 111 101,short-circuit,0,Short Circuit,none,0,""
#3058,0,1,0,0,1,1,1,1,1,1,0,1,010 011 111 101,short-circuit,0,Short Circuit,none,0,""
#3059,1,1,0,0,1,1,1,1,1,1,0,1,110 011 111 101,short-circuit,0,Short Circuit,none,0,""
#3060,0,0,1,0,1,1,1,1,1,1,0,1,001 011 111 101,short-circuit,0,Short Circuit,none,0,""
#3061,1,0,1,0,1,1,1,1,1,1,0,1,101 011 111 101,short-circuit,0,Short Circuit,none,0,""
#3062,0,1,1,0,1,1,1,1,1,1,0,1,011 011 111 101,short-circuit,0,Short Circuit,none,0,""
#3063,1,1,1,0,1,1,1,1,1,1,0,1,111 011 111 101,short-circuit,0,Short Circuit,none,0,""
#3064,0,0,0,1,1,1,1,1,1,1,0,1,000 111 111 101,short-circuit,0,Short Circuit,none,0,""
#3065,1,0,0,1,1,1,1,1,1,1,0,1,100 111 111 101,short-circuit,0,Short Circuit,none,0,""
#3066,0,1,0,1,1,1,1,1,1,1,0,1,010 111 111 101,short-circuit,0,Short Circuit,none,0,""
#3067,1,1,0,1,1,1,1,1,1,1,0,1,110 111 111 101,short-circuit,0,Short Circuit,none,0,""
#3068,0,0,1,1,1,1,1,1,1,1,0,1,001 111 111 101,short-circuit,0,Short Circuit,none,0,""
#3069,1,0,1,1,1,1,1,1,1,1,0,1,101 111 111 101,short-circuit,0,Short Circuit,none,0,""
#3070,0,1,1,1,1,1,1,1,1,1,0,1,011 111 111 101,short-circuit,0,Short Circuit,none,0,""
#3071,1,1,1,1,1,1,1,1,1,1,0,1,111 111 111 101,short-circuit,0,Short Circuit,none,0,""
#3072,0,0,0,0,0,0,0,0,0,0,1,1,000 000 000 011,valid,0,0 V (no output),none,0,""
#3073,1,0,0,0,0,0,0,0,0,0,1,1,100 000 000 011,valid,0,0 V (no output),none,0,""
#3074,0,1,0,0,0,0,0,0,0,0,1,1,010 000 000 011,valid,0,0 V (no output),none,0,""
#3075,1,1,0,0,0,0,0,0,0,0,1,1,110 000 000 011,valid,4,4 V,series,1,"1"
#3076,0,0,1,0,0,0,0,0,0,0,1,1,001 000 000 011,valid,0,0 V (no output),none,0,""
#3077,1,0,1,0,0,0,0,0,0,0,1,1,101 000 000 011,valid,0,0 V (no output),none,0,""
#3078,0,1,1,0,0,0,0,0,0,0,1,1,011 000 000 011,valid,0,0 V (no output),none,0,""
#3079,1,1,1,0,0,0,0,0,0,0,1,1,111 000 000 011,valid,4,4 V,series,1,"1"
#3080,0,0,0,1,0,0,0,0,0,0,1,1,000 100 000 011,valid,0,0 V (no output),none,0,""
#3081,1,0,0,1,0,0,0,0,0,0,1,1,100 100 000 011,valid,0,0 V (no output),none,0,""
#3082,0,1,0,1,0,0,0,0,0,0,1,1,010 100 000 011,valid,0,0 V (no output),none,0,""
#3083,1,1,0,1,0,0,0,0,0,0,1,1,110 100 000 011,valid,4,4 V,series,1,"1"
#3084,0,0,1,1,0,0,0,0,0,0,1,1,001 100 000 011,valid,0,0 V (no output),none,0,""
#3085,1,0,1,1,0,0,0,0,0,0,1,1,101 100 000 011,short-circuit,0,Short Circuit,none,0,""
#3086,0,1,1,1,0,0,0,0,0,0,1,1,011 100 000 011,valid,0,0 V (no output),none,0,""
#3087,1,1,1,1,0,0,0,0,0,0,1,1,111 100 000 011,short-circuit,0,Short Circuit,none,0,""
#3088,0,0,0,0,1,0,0,0,0,0,1,1,000 010 000 011,valid,0,0 V (no output),none,0,""
#3089,1,0,0,0,1,0,0,0,0,0,1,1,100 010 000 011,valid,0,0 V (no output),none,0,""
#3090,0,1,0,0,1,0,0,0,0,0,1,1,010 010 000 011,valid,0,0 V (no output),none,0,""
#3091,1,1,0,0,1,0,0,0,0,0,1,1,110 010 000 011,valid,4,4 V,series,1,"1"
#3092,0,0,1,0,1,0,0,0,0,0,1,1,001 010 000 011,valid,0,0 V (no output),none,0,""
#3093,1,0,1,0,1,0,0,0,0,0,1,1,101 010 000 011,valid,8,8 V,series,2,"1 2"
#3094,0,1,1,0,1,0,0,0,0,0,1,1,011 010 000 011,short-circuit,0,Short Circuit,none,0,""
#3095,1,1,1,0,1,0,0,0,0,0,1,1,111 010 000 011,short-circuit,0,Short Circuit,none,0,""
#3096,0,0,0,1,1,0,0,0,0,0,1,1,000 110 000 011,valid,4,4 V,series,1,"2"
#3097,1,0,0,1,1,0,0,0,0,0,1,1,100 110 000 011,valid,4,4 V,series,1,"2"
#3098,0,1,0,1,1,0,0,0,0,0,1,1,010 110 000 011,valid,4,4 V,series,1,"2"
#3099,1,1,0,1,1,0,0,0,0,0,1,1,110 110 000 011,valid,4,4 V,parallel,1,"1 2"
#3100,0,0,1,1,1,0,0,0,0,0,1,1,001 110 000 011,valid,4,4 V,series,1,"2"
#3101,1,0,1,1,1,0,0,0,0,0,1,1,101 110 000 011,short-circuit,0,Short Circuit,none,0,""
#3102,0,1,1,1,1,0,0,0,0,0,1,1,011 110 000 011,short-circuit,0,Short Circuit,none,0,""
#3103,1,1,1,1,1,0,0,0,0,0,1,1,111 110 000 011,short-circuit,0,Short Circuit,none,0,""
#3104,0,0,0,0,0,1,0,0,0,0,1,1,000 001 000 011,valid,0,0 V (no output),none,0,""
#3105,1,0,0,0,0,1,0,0,0,0,1,1,100 001 000 011,valid,0,0 V (no output),none,0,""
#3106,0,1,0,0,0,1,0,0,0,0,1,1,010 001 000 011,valid,0,0 V (no output),none,0,""
#3107,1,1,0,0,0,1,0,0,0,0,1,1,110 001 000 011,valid,4,4 V,series,1,"1"
#3108,0,0,1,0,0,1,0,0,0,0,1,1,001 001 000 011,valid,0,0 V (no output),none,0,""
#3109,1,0,1,0,0,1,0,0,0,0,1,1,101 001 000 011,valid,0,0 V (no output),none,0,""
#3110,0,1,1,0,0,1,0,0,0,0,1,1,011 001 000 011,valid,0,0 V (no output),none,0,""
#3111,1,1,1,0,0,1,0,0,0,0,1,1,111 001 000 011,valid,4,4 V,series,1,"1"
#3112,0,0,0,1,0,1,0,0,0,0,1,1,000 101 000 011,valid,0,0 V (no output),none,0,""
#3113,1,0,0,1,0,1,0,0,0,0,1,1,100 101 000 011,valid,0,0 V (no output),none,0,""
#3114,0,1,0,1,0,1,0,0,0,0,1,1,010 101 000 011,valid,0,0 V (no output),none,0,""
#3115,1,1,0,1,0,1,0,0,0,0,1,1,110 101 000 011,valid,4,4 V,series,1,"1"
#3116,0,0,1,1,0,1,0,0,0,0,1,1,001 101 000 011,valid,0,0 V (no output),none,0,""
#3117,1,0,1,1,0,1,0,0,0,0,1,1,101 101 000 011,short-circuit,0,Short Circuit,none,0,""
#3118,0,1,1,1,0,1,0,0,0,0,1,1,011 101 000 011,valid,0,0 V (no output),none,0,""
#3119,1,1,1,1,0,1,0,0,0,0,1,1,111 101 000 011,short-circuit,0,Short Circuit,none,0,""
#3120,0,0,0,0,1,1,0,0,0,0,1,1,000 011 000 011,valid,0,0 V (no output),none,0,""
#3121,1,0,0,0,1,1,0,0,0,0,1,1,100 011 000 011,valid,0,0 V (no output),none,0,""
#3122,0,1,0,0,1,1,0,0,0,0,1,1,010 011 000 011,valid,0,0 V (no output),none,0,""
#3123,1,1,0,0,1,1,0,0,0,0,1,1,110 011 000 011,valid,4,4 V,series,1,"1"
#3124,0,0,1,0,1,1,0,0,0,0,1,1,001 011 000 011,valid,0,0 V (no output),none,0,""
#3125,1,0,1,0,1,1,0,0,0,0,1,1,101 011 000 011,valid,8,8 V,series,2,"1 2"
#3126,0,1,1,0,1,1,0,0,0,0,1,1,011 011 000 011,short-circuit,0,Short Circuit,none,0,""
#3127,1,1,1,0,1,1,0,0,0,0,1,1,111 011 000 011,short-circuit,0,Short Circuit,none,0,""
#3128,0,0,0,1,1,1,0,0,0,0,1,1,000 111 000 011,valid,4,4 V,series,1,"2"
#3129,1,0,0,1,1,1,0,0,0,0,1,1,100 111 000 011,valid,4,4 V,series,1,"2"
#3130,0,1,0,1,1,1,0,0,0,0,1,1,010 111 000 011,valid,4,4 V,series,1,"2"
#3131,1,1,0,1,1,1,0,0,0,0,1,1,110 111 000 011,valid,4,4 V,parallel,1,"1 2"
#3132,0,0,1,1,1,1,0,0,0,0,1,1,001 111 000 011,valid,4,4 V,series,1,"2"
#3133,1,0,1,1,1,1,0,0,0,0,1,1,101 111 000 011,short-circuit,0,Short Circuit,none,0,""
#3134,0,1,1,1,1,1,0,0,0,0,1,1,011 111 000 011,short-circuit,0,Short Circuit,none,0,""
#3135,1,1,1,1,1,1,0,0,0,0,1,1,111 111 000 011,short-circuit,0,Short Circuit,none,0,""
#3136,0,0,0,0,0,0,1,0,0,0,1,1,000 000 100 011,valid,0,0 V (no output),none,0,""
#3137,1,0,0,0,0,0,1,0,0,0,1,1,100 000 100 011,valid,0,0 V (no output),none,0,""
#3138,0,1,0,0,0,0,1,0,0,0,1,1,010 000 100 011,valid,0,0 V (no output),none,0,""
#3139,1,1,0,0,0,0,1,0,0,0,1,1,110 000 100 011,valid,4,4 V,series,1,"1"
#3140,0,0,1,0,0,0,1,0,0,0,1,1,001 000 100 011,valid,0,0 V (no output),none,0,""
#3141,1,0,1,0,0,0,1,0,0,0,1,1,101 000 100 011,valid,0,0 V (no output),none,0,""
#3142,0,1,1,0,0,0,1,0,0,0,1,1,011 000 100 011,valid,0,0 V (no output),none,0,""
#3143,1,1,1,0,0,0,1,0,0,0,1,1,111 000 100 011,valid,4,4 V,series,1,"1"
#3144,0,0,0,1,0,0,1,0,0,0,1,1,000 100 100 011,valid,0,0 V (no output),none,0,""
#3145,1,0,0,1,0,0,1,0,0,0,1,1,100 100 100 011,valid,0,0 V (no output),none,0,""
#3146,0,1,0,1,0,0,1,0,0,0,1,1,010 100 100 011,valid,0,0 V (no output),none,0,""
#3147,1,1,0,1,0,0,1,0,0,0,1,1,110 100 100 011,valid,4,4 V,series,1,"1"
#3148,0,0,1,1,0,0,1,0,0,0,1,1,001 100 100 011,valid,0,0 V (no output),none,0,""
#3149,1,0,1,1,0,0,1,0,0,0,1,1,101 100 100 011,short-circuit,0,Short Circuit,none,0,""
#3150,0,1,1,1,0,0,1,0,0,0,1,1,011 100 100 011,valid,0,0 V (no output),none,0,""
#3151,1,1,1,1,0,0,1,0,0,0,1,1,111 100 100 011,short-circuit,0,Short Circuit,none,0,""
#3152,0,0,0,0,1,0,1,0,0,0,1,1,000 010 100 011,valid,0,0 V (no output),none,0,""
#3153,1,0,0,0,1,0,1,0,0,0,1,1,100 010 100 011,valid,0,0 V (no output),none,0,""
#3154,0,1,0,0,1,0,1,0,0,0,1,1,010 010 100 011,valid,0,0 V (no output),none,0,""
#3155,1,1,0,0,1,0,1,0,0,0,1,1,110 010 100 011,valid,4,4 V,series,1,"1"
#3156,0,0,1,0,1,0,1,0,0,0,1,1,001 010 100 011,valid,0,0 V (no output),none,0,""
#3157,1,0,1,0,1,0,1,0,0,0,1,1,101 010 100 011,valid,8,8 V,series,2,"1 2"
#3158,0,1,1,0,1,0,1,0,0,0,1,1,011 010 100 011,short-circuit,0,Short Circuit,none,0,""
#3159,1,1,1,0,1,0,1,0,0,0,1,1,111 010 100 011,short-circuit,0,Short Circuit,none,0,""
#3160,0,0,0,1,1,0,1,0,0,0,1,1,000 110 100 011,valid,4,4 V,series,1,"2"
#3161,1,0,0,1,1,0,1,0,0,0,1,1,100 110 100 011,valid,4,4 V,series,1,"2"
#3162,0,1,0,1,1,0,1,0,0,0,1,1,010 110 100 011,valid,4,4 V,series,1,"2"
#3163,1,1,0,1,1,0,1,0,0,0,1,1,110 110 100 011,valid,4,4 V,parallel,1,"1 2"
#3164,0,0,1,1,1,0,1,0,0,0,1,1,001 110 100 011,valid,4,4 V,series,1,"2"
#3165,1,0,1,1,1,0,1,0,0,0,1,1,101 110 100 011,short-circuit,0,Short Circuit,none,0,""
#3166,0,1,1,1,1,0,1,0,0,0,1,1,011 110 100 011,short-circuit,0,Short Circuit,none,0,""
#3167,1,1,1,1,1,0,1,0,0,0,1,1,111 110 100 011,short-circuit,0,Short Circuit,none,0,""
#3168,0,0,0,0,0,1,1,0,0,0,1,1,000 001 100 011,valid,0,0 V (no output),none,0,""
#3169,1,0,0,0,0,1,1,0,0,0,1,1,100 001 100 011,valid,0,0 V (no output),none,0,""
#3170,0,1,0,0,0,1,1,0,0,0,1,1,010 001 100 011,valid,0,0 V (no output),none,0,""
#3171,1,1,0,0,0,1,1,0,0,0,1,1,110 001 100 011,valid,4,4 V,series,1,"1"
#3172,0,0,1,0,0,1,1,0,0,0,1,1,001 001 100 011,valid,0,0 V (no output),none,0,""
#3173,1,0,1,0,0,1,1,0,0,0,1,1,101 001 100 011,short-circuit,0,Short Circuit,none,0,""
#3174,0,1,1,0,0,1,1,0,0,0,1,1,011 001 100 011,valid,0,0 V (no output),none,0,""
#3175,1,1,1,0,0,1,1,0,0,0,1,1,111 001 100 011,short-circuit,0,Short Circuit,none,0,""
#3176,0,0,0,1,0,1,1,0,0,0,1,1,000 101 100 011,short-circuit,0,Short Circuit,none,0,""
#3177,1,0,0,1,0,1,1,0,0,0,1,1,100 101 100 011,short-circuit,0,Short Circuit,none,0,""
#3178,0,1,0,1,0,1,1,0,0,0,1,1,010 101 100 011,short-circuit,0,Short Circuit,none,0,""
#3179,1,1,0,1,0,1,1,0,0,0,1,1,110 101 100 011,short-circuit,0,Short Circuit,none,0,""
#3180,0,0,1,1,0,1,1,0,0,0,1,1,001 101 100 011,short-circuit,0,Short Circuit,none,0,""
#3181,1,0,1,1,0,1,1,0,0,0,1,1,101 101 100 011,short-circuit,0,Short Circuit,none,0,""
#3182,0,1,1,1,0,1,1,0,0,0,1,1,011 101 100 011,short-circuit,0,Short Circuit,none,0,""
#3183,1,1,1,1,0,1,1,0,0,0,1,1,111 101 100 011,short-circuit,0,Short Circuit,none,0,""
#3184,0,0,0,0,1,1,1,0,0,0,1,1,000 011 100 011,valid,0,0 V (no output),none,0,""
#3185,1,0,0,0,1,1,1,0,0,0,1,1,100 011 100 011,valid,0,0 V (no output),none,0,""
#3186,0,1,0,0,1,1,1,0,0,0,1,1,010 011 100 011,valid,0,0 V (no output),none,0,""
#3187,1,1,0,0,1,1,1,0,0,0,1,1,110 011 100 011,short-circuit,0,Short Circuit,none,0,""
#3188,0,0,1,0,1,1,1,0,0,0,1,1,001 011 100 011,valid,0,0 V (no output),none,0,""
#3189,1,0,1,0,1,1,1,0,0,0,1,1,101 011 100 011,short-circuit,0,Short Circuit,none,0,""
#3190,0,1,1,0,1,1,1,0,0,0,1,1,011 011 100 011,short-circuit,0,Short Circuit,none,0,""
#3191,1,1,1,0,1,1,1,0,0,0,1,1,111 011 100 011,short-circuit,0,Short Circuit,none,0,""
#3192,0,0,0,1,1,1,1,0,0,0,1,1,000 111 100 011,short-circuit,0,Short Circuit,none,0,""
#3193,1,0,0,1,1,1,1,0,0,0,1,1,100 111 100 011,short-circuit,0,Short Circuit,none,0,""
#3194,0,1,0,1,1,1,1,0,0,0,1,1,010 111 100 011,short-circuit,0,Short Circuit,none,0,""
#3195,1,1,0,1,1,1,1,0,0,0,1,1,110 111 100 011,short-circuit,0,Short Circuit,none,0,""
#3196,0,0,1,1,1,1,1,0,0,0,1,1,001 111 100 011,short-circuit,0,Short Circuit,none,0,""
#3197,1,0,1,1,1,1,1,0,0,0,1,1,101 111 100 011,short-circuit,0,Short Circuit,none,0,""
#3198,0,1,1,1,1,1,1,0,0,0,1,1,011 111 100 011,short-circuit,0,Short Circuit,none,0,""
#3199,1,1,1,1,1,1,1,0,0,0,1,1,111 111 100 011,short-circuit,0,Short Circuit,none,0,""
#3200,0,0,0,0,0,0,0,1,0,0,1,1,000 000 010 011,valid,0,0 V (no output),none,0,""
#3201,1,0,0,0,0,0,0,1,0,0,1,1,100 000 010 011,valid,0,0 V (no output),none,0,""
#3202,0,1,0,0,0,0,0,1,0,0,1,1,010 000 010 011,valid,0,0 V (no output),none,0,""
#3203,1,1,0,0,0,0,0,1,0,0,1,1,110 000 010 011,valid,4,4 V,series,1,"1"
#3204,0,0,1,0,0,0,0,1,0,0,1,1,001 000 010 011,valid,0,0 V (no output),none,0,""
#3205,1,0,1,0,0,0,0,1,0,0,1,1,101 000 010 011,valid,0,0 V (no output),none,0,""
#3206,0,1,1,0,0,0,0,1,0,0,1,1,011 000 010 011,valid,0,0 V (no output),none,0,""
#3207,1,1,1,0,0,0,0,1,0,0,1,1,111 000 010 011,valid,4,4 V,series,1,"1"
#3208,0,0,0,1,0,0,0,1,0,0,1,1,000 100 010 011,valid,0,0 V (no output),none,0,""
#3209,1,0,0,1,0,0,0,1,0,0,1,1,100 100 010 011,valid,0,0 V (no output),none,0,""
#3210,0,1,0,1,0,0,0,1,0,0,1,1,010 100 010 011,valid,0,0 V (no output),none,0,""
#3211,1,1,0,1,0,0,0,1,0,0,1,1,110 100 010 011,valid,4,4 V,series,1,"1"
#3212,0,0,1,1,0,0,0,1,0,0,1,1,001 100 010 011,valid,0,0 V (no output),none,0,""
#3213,1,0,1,1,0,0,0,1,0,0,1,1,101 100 010 011,short-circuit,0,Short Circuit,none,0,""
#3214,0,1,1,1,0,0,0,1,0,0,1,1,011 100 010 011,valid,0,0 V (no output),none,0,""
#3215,1,1,1,1,0,0,0,1,0,0,1,1,111 100 010 011,short-circuit,0,Short Circuit,none,0,""
#3216,0,0,0,0,1,0,0,1,0,0,1,1,000 010 010 011,valid,0,0 V (no output),none,0,""
#3217,1,0,0,0,1,0,0,1,0,0,1,1,100 010 010 011,valid,0,0 V (no output),none,0,""
#3218,0,1,0,0,1,0,0,1,0,0,1,1,010 010 010 011,valid,0,0 V (no output),none,0,""
#3219,1,1,0,0,1,0,0,1,0,0,1,1,110 010 010 011,valid,4,4 V,series,1,"1"
#3220,0,0,1,0,1,0,0,1,0,0,1,1,001 010 010 011,valid,0,0 V (no output),none,0,""
#3221,1,0,1,0,1,0,0,1,0,0,1,1,101 010 010 011,valid,8,8 V,series,2,"1 2"
#3222,0,1,1,0,1,0,0,1,0,0,1,1,011 010 010 011,short-circuit,0,Short Circuit,none,0,""
#3223,1,1,1,0,1,0,0,1,0,0,1,1,111 010 010 011,short-circuit,0,Short Circuit,none,0,""
#3224,0,0,0,1,1,0,0,1,0,0,1,1,000 110 010 011,valid,4,4 V,series,1,"2"
#3225,1,0,0,1,1,0,0,1,0,0,1,1,100 110 010 011,valid,4,4 V,series,1,"2"
#3226,0,1,0,1,1,0,0,1,0,0,1,1,010 110 010 011,valid,4,4 V,series,1,"2"
#3227,1,1,0,1,1,0,0,1,0,0,1,1,110 110 010 011,valid,4,4 V,parallel,1,"1 2"
#3228,0,0,1,1,1,0,0,1,0,0,1,1,001 110 010 011,valid,4,4 V,series,1,"2"
#3229,1,0,1,1,1,0,0,1,0,0,1,1,101 110 010 011,short-circuit,0,Short Circuit,none,0,""
#3230,0,1,1,1,1,0,0,1,0,0,1,1,011 110 010 011,short-circuit,0,Short Circuit,none,0,""
#3231,1,1,1,1,1,0,0,1,0,0,1,1,111 110 010 011,short-circuit,0,Short Circuit,none,0,""
#3232,0,0,0,0,0,1,0,1,0,0,1,1,000 001 010 011,valid,0,0 V (no output),none,0,""
#3233,1,0,0,0,0,1,0,1,0,0,1,1,100 001 010 011,valid,0,0 V (no output),none,0,""
#3234,0,1,0,0,0,1,0,1,0,0,1,1,010 001 010 011,valid,0,0 V (no output),none,0,""
#3235,1,1,0,0,0,1,0,1,0,0,1,1,110 001 010 011,valid,4,4 V,series,1,"1"
#3236,0,0,1,0,0,1,0,1,0,0,1,1,001 001 010 011,valid,0,0 V (no output),none,0,""
#3237,1,0,1,0,0,1,0,1,0,0,1,1,101 001 010 011,valid,12,12 V,series,3,"1 2 3"
#3238,0,1,1,0,0,1,0,1,0,0,1,1,011 001 010 011,short-circuit,0,Short Circuit,none,0,""
#3239,1,1,1,0,0,1,0,1,0,0,1,1,111 001 010 011,short-circuit,0,Short Circuit,none,0,""
#3240,0,0,0,1,0,1,0,1,0,0,1,1,000 101 010 011,valid,8,8 V,series,2,"2 3"
#3241,1,0,0,1,0,1,0,1,0,0,1,1,100 101 010 011,valid,8,8 V,series,2,"2 3"
#3242,0,1,0,1,0,1,0,1,0,0,1,1,010 101 010 011,valid,8,8 V,series,2,"2 3"
#3243,1,1,0,1,0,1,0,1,0,0,1,1,110 101 010 011,short-circuit,0,Short Circuit,none,0,""
#3244,0,0,1,1,0,1,0,1,0,0,1,1,001 101 010 011,valid,8,8 V,series,2,"2 3"
#3245,1,0,1,1,0,1,0,1,0,0,1,1,101 101 010 011,short-circuit,0,Short Circuit,none,0,""
#3246,0,1,1,1,0,1,0,1,0,0,1,1,011 101 010 011,short-circuit,0,Short Circuit,none,0,""
#3247,1,1,1,1,0,1,0,1,0,0,1,1,111 101 010 011,short-circuit,0,Short Circuit,none,0,""
#3248,0,0,0,0,1,1,0,1,0,0,1,1,000 011 010 011,short-circuit,0,Short Circuit,none,0,""
#3249,1,0,0,0,1,1,0,1,0,0,1,1,100 011 010 011,short-circuit,0,Short Circuit,none,0,""
#3250,0,1,0,0,1,1,0,1,0,0,1,1,010 011 010 011,short-circuit,0,Short Circuit,none,0,""
#3251,1,1,0,0,1,1,0,1,0,0,1,1,110 011 010 011,short-circuit,0,Short Circuit,none,0,""
#3252,0,0,1,0,1,1,0,1,0,0,1,1,001 011 010 011,short-circuit,0,Short Circuit,none,0,""
#3253,1,0,1,0,1,1,0,1,0,0,1,1,101 011 010 011,short-circuit,0,Short Circuit,none,0,""
#3254,0,1,1,0,1,1,0,1,0,0,1,1,011 011 010 011,short-circuit,0,Short Circuit,none,0,""
#3255,1,1,1,0,1,1,0,1,0,0,1,1,111 011 010 011,short-circuit,0,Short Circuit,none,0,""
#3256,0,0,0,1,1,1,0,1,0,0,1,1,000 111 010 011,short-circuit,0,Short Circuit,none,0,""
#3257,1,0,0,1,1,1,0,1,0,0,1,1,100 111 010 011,short-circuit,0,Short Circuit,none,0,""
#3258,0,1,0,1,1,1,0,1,0,0,1,1,010 111 010 011,short-circuit,0,Short Circuit,none,0,""
#3259,1,1,0,1,1,1,0,1,0,0,1,1,110 111 010 011,short-circuit,0,Short Circuit,none,0,""
#3260,0,0,1,1,1,1,0,1,0,0,1,1,001 111 010 011,short-circuit,0,Short Circuit,none,0,""
#3261,1,0,1,1,1,1,0,1,0,0,1,1,101 111 010 011,short-circuit,0,Short Circuit,none,0,""
#3262,0,1,1,1,1,1,0,1,0,0,1,1,011 111 010 011,short-circuit,0,Short Circuit,none,0,""
#3263,1,1,1,1,1,1,0,1,0,0,1,1,111 111 010 011,short-circuit,0,Short Circuit,none,0,""
#3264,0,0,0,0,0,0,1,1,0,0,1,1,000 000 110 011,valid,4,4 V,series,1,"3"
#3265,1,0,0,0,0,0,1,1,0,0,1,1,100 000 110 011,valid,4,4 V,series,1,"3"
#3266,0,1,0,0,0,0,1,1,0,0,1,1,010 000 110 011,valid,4,4 V,series,1,"3"
#3267,1,1,0,0,0,0,1,1,0,0,1,1,110 000 110 011,valid,4,4 V,parallel,1,"1 3"
#3268,0,0,1,0,0,0,1,1,0,0,1,1,001 000 110 011,valid,4,4 V,series,1,"3"
#3269,1,0,1,0,0,0,1,1,0,0,1,1,101 000 110 011,valid,4,4 V,series,1,"3"
#3270,0,1,1,0,0,0,1,1,0,0,1,1,011 000 110 011,valid,4,4 V,series,1,"3"
#3271,1,1,1,0,0,0,1,1,0,0,1,1,111 000 110 011,valid,4,4 V,parallel,1,"1 3"
#3272,0,0,0,1,0,0,1,1,0,0,1,1,000 100 110 011,valid,4,4 V,series,1,"3"
#3273,1,0,0,1,0,0,1,1,0,0,1,1,100 100 110 011,valid,4,4 V,series,1,"3"
#3274,0,1,0,1,0,0,1,1,0,0,1,1,010 100 110 011,valid,4,4 V,series,1,"3"
#3275,1,1,0,1,0,0,1,1,0,0,1,1,110 100 110 011,valid,4,4 V,parallel,1,"1 3"
#3276,0,0,1,1,0,0,1,1,0,0,1,1,001 100 110 011,valid,4,4 V,series,1,"3"
#3277,1,0,1,1,0,0,1,1,0,0,1,1,101 100 110 011,short-circuit,0,Short Circuit,none,0,""
#3278,0,1,1,1,0,0,1,1,0,0,1,1,011 100 110 011,short-circuit,0,Short Circuit,none,0,""
#3279,1,1,1,1,0,0,1,1,0,0,1,1,111 100 110 011,short-circuit,0,Short Circuit,none,0,""
#3280,0,0,0,0,1,0,1,1,0,0,1,1,000 010 110 011,valid,4,4 V,series,1,"3"
#3281,1,0,0,0,1,0,1,1,0,0,1,1,100 010 110 011,valid,4,4 V,series,1,"3"
#3282,0,1,0,0,1,0,1,1,0,0,1,1,010 010 110 011,valid,4,4 V,series,1,"3"
#3283,1,1,0,0,1,0,1,1,0,0,1,1,110 010 110 011,valid,4,4 V,parallel,1,"1 3"
#3284,0,0,1,0,1,0,1,1,0,0,1,1,001 010 110 011,valid,4,4 V,series,1,"3"
#3285,1,0,1,0,1,0,1,1,0,0,1,1,101 010 110 011,short-circuit,0,Short Circuit,none,0,""
#3286,0,1,1,0,1,0,1,1,0,0,1,1,011 010 110 011,short-circuit,0,Short Circuit,none,0,""
#3287,1,1,1,0,1,0,1,1,0,0,1,1,111 010 110 011,short-circuit,0,Short Circuit,none,0,""
#3288,0,0,0,1,1,0,1,1,0,0,1,1,000 110 110 011,valid,4,4 V,parallel,1,"2 3"
#3289,1,0,0,1,1,0,1,1,0,0,1,1,100 110 110 011,valid,4,4 V,parallel,1,"2 3"
#3290,0,1,0,1,1,0,1,1,0,0,1,1,010 110 110 011,valid,4,4 V,parallel,1,"2 3"
#3291,1,1,0,1,1,0,1,1,0,0,1,1,110 110 110 011,valid,4,4 V,parallel,1,"1 2 3"
#3292,0,0,1,1,1,0,1,1,0,0,1,1,001 110 110 011,valid,4,4 V,parallel,1,"2 3"
#3293,1,0,1,1,1,0,1,1,0,0,1,1,101 110 110 011,short-circuit,0,Short Circuit,none,0,""
#3294,0,1,1,1,1,0,1,1,0,0,1,1,011 110 110 011,short-circuit,0,Short Circuit,none,0,""
#3295,1,1,1,1,1,0,1,1,0,0,1,1,111 110 110 011,short-circuit,0,Short Circuit,none,0,""
#3296,0,0,0,0,0,1,1,1,0,0,1,1,000 001 110 011,valid,4,4 V,series,1,"3"
#3297,1,0,0,0,0,1,1,1,0,0,1,1,100 001 110 011,valid,4,4 V,series,1,"3"
#3298,0,1,0,0,0,1,1,1,0,0,1,1,010 001 110 011,valid,4,4 V,series,1,"3"
#3299,1,1,0,0,0,1,1,1,0,0,1,1,110 001 110 011,valid,4,4 V,parallel,1,"1 3"
#3300,0,0,1,0,0,1,1,1,0,0,1,1,001 001 110 011,valid,4,4 V,series,1,"3"
#3301,1,0,1,0,0,1,1,1,0,0,1,1,101 001 110 011,short-circuit,0,Short Circuit,none,0,""
#3302,0,1,1,0,0,1,1,1,0,0,1,1,011 001 110 011,short-circuit,0,Short Circuit,none,0,""
#3303,1,1,1,0,0,1,1,1,0,0,1,1,111 001 110 011,short-circuit,0,Short Circuit,none,0,""
#3304,0,0,0,1,0,1,1,1,0,0,1,1,000 101 110 011,short-circuit,0,Short Circuit,none,0,""
#3305,1,0,0,1,0,1,1,1,0,0,1,1,100 101 110 011,short-circuit,0,Short Circuit,none,0,""
#3306,0,1,0,1,0,1,1,1,0,0,1,1,010 101 110 011,short-circuit,0,Short Circuit,none,0,""
#3307,1,1,0,1,0,1,1,1,0,0,1,1,110 101 110 011,short-circuit,0,Short Circuit,none,0,""
#3308,0,0,1,1,0,1,1,1,0,0,1,1,001 101 110 011,short-circuit,0,Short Circuit,none,0,""
#3309,1,0,1,1,0,1,1,1,0,0,1,1,101 101 110 011,short-circuit,0,Short Circuit,none,0,""
#3310,0,1,1,1,0,1,1,1,0,0,1,1,011 101 110 011,short-circuit,0,Short Circuit,none,0,""
#3311,1,1,1,1,0,1,1,1,0,0,1,1,111 101 110 011,short-circuit,0,Short Circuit,none,0,""
#3312,0,0,0,0,1,1,1,1,0,0,1,1,000 011 110 011,short-circuit,0,Short Circuit,none,0,""
#3313,1,0,0,0,1,1,1,1,0,0,1,1,100 011 110 011,short-circuit,0,Short Circuit,none,0,""
#3314,0,1,0,0,1,1,1,1,0,0,1,1,010 011 110 011,short-circuit,0,Short Circuit,none,0,""
#3315,1,1,0,0,1,1,1,1,0,0,1,1,110 011 110 011,short-circuit,0,Short Circuit,none,0,""
#3316,0,0,1,0,1,1,1,1,0,0,1,1,001 011 110 011,short-circuit,0,Short Circuit,none,0,""
#3317,1,0,1,0,1,1,1,1,0,0,1,1,101 011 110 011,short-circuit,0,Short Circuit,none,0,""
#3318,0,1,1,0,1,1,1,1,0,0,1,1,011 011 110 011,short-circuit,0,Short Circuit,none,0,""
#3319,1,1,1,0,1,1,1,1,0,0,1,1,111 011 110 011,short-circuit,0,Short Circuit,none,0,""
#3320,0,0,0,1,1,1,1,1,0,0,1,1,000 111 110 011,short-circuit,0,Short Circuit,none,0,""
#3321,1,0,0,1,1,1,1,1,0,0,1,1,100 111 110 011,short-circuit,0,Short Circuit,none,0,""
#3322,0,1,0,1,1,1,1,1,0,0,1,1,010 111 110 011,short-circuit,0,Short Circuit,none,0,""
#3323,1,1,0,1,1,1,1,1,0,0,1,1,110 111 110 011,short-circuit,0,Short Circuit,none,0,""
#3324,0,0,1,1,1,1,1,1,0,0,1,1,001 111 110 011,short-circuit,0,Short Circuit,none,0,""
#3325,1,0,1,1,1,1,1,1,0,0,1,1,101 111 110 011,short-circuit,0,Short Circuit,none,0,""
#3326,0,1,1,1,1,1,1,1,0,0,1,1,011 111 110 011,short-circuit,0,Short Circuit,none,0,""
#3327,1,1,1,1,1,1,1,1,0,0,1,1,111 111 110 011,short-circuit,0,Short Circuit,none,0,""
#3328,0,0,0,0,0,0,0,0,1,0,1,1,000 000 001 011,valid,0,0 V (no output),none,0,""
#3329,1,0,0,0,0,0,0,0,1,0,1,1,100 000 001 011,valid,0,0 V (no output),none,0,""
#3330,0,1,0,0,0,0,0,0,1,0,1,1,010 000 001 011,valid,0,0 V (no output),none,0,""
#3331,1,1,0,0,0,0,0,0,1,0,1,1,110 000 001 011,valid,4,4 V,series,1,"1"
#3332,0,0,1,0,0,0,0,0,1,0,1,1,001 000 001 011,valid,0,0 V (no output),none,0,""
#3333,1,0,1,0,0,0,0,0,1,0,1,1,101 000 001 011,valid,0,0 V (no output),none,0,""
#3334,0,1,1,0,0,0,0,0,1,0,1,1,011 000 001 011,valid,0,0 V (no output),none,0,""
#3335,1,1,1,0,0,0,0,0,1,0,1,1,111 000 001 011,valid,4,4 V,series,1,"1"
#3336,0,0,0,1,0,0,0,0,1,0,1,1,000 100 001 011,valid,0,0 V (no output),none,0,""
#3337,1,0,0,1,0,0,0,0,1,0,1,1,100 100 001 011,valid,0,0 V (no output),none,0,""
#3338,0,1,0,1,0,0,0,0,1,0,1,1,010 100 001 011,valid,0,0 V (no output),none,0,""
#3339,1,1,0,1,0,0,0,0,1,0,1,1,110 100 001 011,valid,4,4 V,series,1,"1"
#3340,0,0,1,1,0,0,0,0,1,0,1,1,001 100 001 011,valid,0,0 V (no output),none,0,""
#3341,1,0,1,1,0,0,0,0,1,0,1,1,101 100 001 011,short-circuit,0,Short Circuit,none,0,""
#3342,0,1,1,1,0,0,0,0,1,0,1,1,011 100 001 011,valid,0,0 V (no output),none,0,""
#3343,1,1,1,1,0,0,0,0,1,0,1,1,111 100 001 011,short-circuit,0,Short Circuit,none,0,""
#3344,0,0,0,0,1,0,0,0,1,0,1,1,000 010 001 011,valid,0,0 V (no output),none,0,""
#3345,1,0,0,0,1,0,0,0,1,0,1,1,100 010 001 011,valid,0,0 V (no output),none,0,""
#3346,0,1,0,0,1,0,0,0,1,0,1,1,010 010 001 011,valid,0,0 V (no output),none,0,""
#3347,1,1,0,0,1,0,0,0,1,0,1,1,110 010 001 011,valid,4,4 V,series,1,"1"
#3348,0,0,1,0,1,0,0,0,1,0,1,1,001 010 001 011,valid,0,0 V (no output),none,0,""
#3349,1,0,1,0,1,0,0,0,1,0,1,1,101 010 001 011,valid,8,8 V,series,2,"1 2"
#3350,0,1,1,0,1,0,0,0,1,0,1,1,011 010 001 011,short-circuit,0,Short Circuit,none,0,""
#3351,1,1,1,0,1,0,0,0,1,0,1,1,111 010 001 011,short-circuit,0,Short Circuit,none,0,""
#3352,0,0,0,1,1,0,0,0,1,0,1,1,000 110 001 011,valid,4,4 V,series,1,"2"
#3353,1,0,0,1,1,0,0,0,1,0,1,1,100 110 001 011,valid,4,4 V,series,1,"2"
#3354,0,1,0,1,1,0,0,0,1,0,1,1,010 110 001 011,valid,4,4 V,series,1,"2"
#3355,1,1,0,1,1,0,0,0,1,0,1,1,110 110 001 011,valid,4,4 V,parallel,1,"1 2"
#3356,0,0,1,1,1,0,0,0,1,0,1,1,001 110 001 011,valid,4,4 V,series,1,"2"
#3357,1,0,1,1,1,0,0,0,1,0,1,1,101 110 001 011,short-circuit,0,Short Circuit,none,0,""
#3358,0,1,1,1,1,0,0,0,1,0,1,1,011 110 001 011,short-circuit,0,Short Circuit,none,0,""
#3359,1,1,1,1,1,0,0,0,1,0,1,1,111 110 001 011,short-circuit,0,Short Circuit,none,0,""
#3360,0,0,0,0,0,1,0,0,1,0,1,1,000 001 001 011,valid,0,0 V (no output),none,0,""
#3361,1,0,0,0,0,1,0,0,1,0,1,1,100 001 001 011,valid,0,0 V (no output),none,0,""
#3362,0,1,0,0,0,1,0,0,1,0,1,1,010 001 001 011,valid,0,0 V (no output),none,0,""
#3363,1,1,0,0,0,1,0,0,1,0,1,1,110 001 001 011,valid,4,4 V,series,1,"1"
#3364,0,0,1,0,0,1,0,0,1,0,1,1,001 001 001 011,valid,0,0 V (no output),none,0,""
#3365,1,0,1,0,0,1,0,0,1,0,1,1,101 001 001 011,valid,16,16 V,series,4,"1 2 3 4"
#3366,0,1,1,0,0,1,0,0,1,0,1,1,011 001 001 011,short-circuit,0,Short Circuit,none,0,""
#3367,1,1,1,0,0,1,0,0,1,0,1,1,111 001 001 011,short-circuit,0,Short Circuit,none,0,""
#3368,0,0,0,1,0,1,0,0,1,0,1,1,000 101 001 011,valid,12,12 V,series,3,"2 3 4"
#3369,1,0,0,1,0,1,0,0,1,0,1,1,100 101 001 011,valid,12,12 V,series,3,"2 3 4"
#3370,0,1,0,1,0,1,0,0,1,0,1,1,010 101 001 011,valid,12,12 V,series,3,"2 3 4"
#3371,1,1,0,1,0,1,0,0,1,0,1,1,110 101 001 011,short-circuit,0,Short Circuit,none,0,""
#3372,0,0,1,1,0,1,0,0,1,0,1,1,001 101 001 011,valid,12,12 V,series,3,"2 3 4"
#3373,1,0,1,1,0,1,0,0,1,0,1,1,101 101 001 011,short-circuit,0,Short Circuit,none,0,""
#3374,0,1,1,1,0,1,0,0,1,0,1,1,011 101 001 011,short-circuit,0,Short Circuit,none,0,""
#3375,1,1,1,1,0,1,0,0,1,0,1,1,111 101 001 011,short-circuit,0,Short Circuit,none,0,""
#3376,0,0,0,0,1,1,0,0,1,0,1,1,000 011 001 011,short-circuit,0,Short Circuit,none,0,""
#3377,1,0,0,0,1,1,0,0,1,0,1,1,100 011 001 011,short-circuit,0,Short Circuit,none,0,""
#3378,0,1,0,0,1,1,0,0,1,0,1,1,010 011 001 011,short-circuit,0,Short Circuit,none,0,""
#3379,1,1,0,0,1,1,0,0,1,0,1,1,110 011 001 011,short-circuit,0,Short Circuit,none,0,""
#3380,0,0,1,0,1,1,0,0,1,0,1,1,001 011 001 011,short-circuit,0,Short Circuit,none,0,""
#3381,1,0,1,0,1,1,0,0,1,0,1,1,101 011 001 011,short-circuit,0,Short Circuit,none,0,""
#3382,0,1,1,0,1,1,0,0,1,0,1,1,011 011 001 011,short-circuit,0,Short Circuit,none,0,""
#3383,1,1,1,0,1,1,0,0,1,0,1,1,111 011 001 011,short-circuit,0,Short Circuit,none,0,""
#3384,0,0,0,1,1,1,0,0,1,0,1,1,000 111 001 011,short-circuit,0,Short Circuit,none,0,""
#3385,1,0,0,1,1,1,0,0,1,0,1,1,100 111 001 011,short-circuit,0,Short Circuit,none,0,""
#3386,0,1,0,1,1,1,0,0,1,0,1,1,010 111 001 011,short-circuit,0,Short Circuit,none,0,""
#3387,1,1,0,1,1,1,0,0,1,0,1,1,110 111 001 011,short-circuit,0,Short Circuit,none,0,""
#3388,0,0,1,1,1,1,0,0,1,0,1,1,001 111 001 011,short-circuit,0,Short Circuit,none,0,""
#3389,1,0,1,1,1,1,0,0,1,0,1,1,101 111 001 011,short-circuit,0,Short Circuit,none,0,""
#3390,0,1,1,1,1,1,0,0,1,0,1,1,011 111 001 011,short-circuit,0,Short Circuit,none,0,""
#3391,1,1,1,1,1,1,0,0,1,0,1,1,111 111 001 011,short-circuit,0,Short Circuit,none,0,""
#3392,0,0,0,0,0,0,1,0,1,0,1,1,000 000 101 011,valid,8,8 V,series,2,"3 4"
#3393,1,0,0,0,0,0,1,0,1,0,1,1,100 000 101 011,valid,8,8 V,series,2,"3 4"
#3394,0,1,0,0,0,0,1,0,1,0,1,1,010 000 101 011,valid,8,8 V,series,2,"3 4"
#3395,1,1,0,0,0,0,1,0,1,0,1,1,110 000 101 011,short-circuit,0,Short Circuit,none,0,""
#3396,0,0,1,0,0,0,1,0,1,0,1,1,001 000 101 011,valid,8,8 V,series,2,"3 4"
#3397,1,0,1,0,0,0,1,0,1,0,1,1,101 000 101 011,valid,8,8 V,series,2,"3 4"
#3398,0,1,1,0,0,0,1,0,1,0,1,1,011 000 101 011,valid,8,8 V,series,2,"3 4"
#3399,1,1,1,0,0,0,1,0,1,0,1,1,111 000 101 011,short-circuit,0,Short Circuit,none,0,""
#3400,0,0,0,1,0,0,1,0,1,0,1,1,000 100 101 011,valid,8,8 V,series,2,"3 4"
#3401,1,0,0,1,0,0,1,0,1,0,1,1,100 100 101 011,valid,8,8 V,series,2,"3 4"
#3402,0,1,0,1,0,0,1,0,1,0,1,1,010 100 101 011,valid,8,8 V,series,2,"3 4"
#3403,1,1,0,1,0,0,1,0,1,0,1,1,110 100 101 011,short-circuit,0,Short Circuit,none,0,""
#3404,0,0,1,1,0,0,1,0,1,0,1,1,001 100 101 011,valid,8,8 V,series,2,"3 4"
#3405,1,0,1,1,0,0,1,0,1,0,1,1,101 100 101 011,short-circuit,0,Short Circuit,none,0,""
#3406,0,1,1,1,0,0,1,0,1,0,1,1,011 100 101 011,short-circuit,0,Short Circuit,none,0,""
#3407,1,1,1,1,0,0,1,0,1,0,1,1,111 100 101 011,short-circuit,0,Short Circuit,none,0,""
#3408,0,0,0,0,1,0,1,0,1,0,1,1,000 010 101 011,valid,8,8 V,series,2,"3 4"
#3409,1,0,0,0,1,0,1,0,1,0,1,1,100 010 101 011,valid,8,8 V,series,2,"3 4"
#3410,0,1,0,0,1,0,1,0,1,0,1,1,010 010 101 011,valid,8,8 V,series,2,"3 4"
#3411,1,1,0,0,1,0,1,0,1,0,1,1,110 010 101 011,short-circuit,0,Short Circuit,none,0,""
#3412,0,0,1,0,1,0,1,0,1,0,1,1,001 010 101 011,valid,8,8 V,series,2,"3 4"
#3413,1,0,1,0,1,0,1,0,1,0,1,1,101 010 101 011,valid,8,8 V,both,2,"1 2 3 4"
#3414,0,1,1,0,1,0,1,0,1,0,1,1,011 010 101 011,short-circuit,0,Short Circuit,none,0,""
#3415,1,1,1,0,1,0,1,0,1,0,1,1,111 010 101 011,short-circuit,0,Short Circuit,none,0,""
#3416,0,0,0,1,1,0,1,0,1,0,1,1,000 110 101 011,short-circuit,0,Short Circuit,none,0,""
#3417,1,0,0,1,1,0,1,0,1,0,1,1,100 110 101 011,short-circuit,0,Short Circuit,none,0,""
#3418,0,1,0,1,1,0,1,0,1,0,1,1,010 110 101 011,short-circuit,0,Short Circuit,none,0,""
#3419,1,1,0,1,1,0,1,0,1,0,1,1,110 110 101 011,short-circuit,0,Short Circuit,none,0,""
#3420,0,0,1,1,1,0,1,0,1,0,1,1,001 110 101 011,short-circuit,0,Short Circuit,none,0,""
#3421,1,0,1,1,1,0,1,0,1,0,1,1,101 110 101 011,short-circuit,0,Short Circuit,none,0,""
#3422,0,1,1,1,1,0,1,0,1,0,1,1,011 110 101 011,short-circuit,0,Short Circuit,none,0,""
#3423,1,1,1,1,1,0,1,0,1,0,1,1,111 110 101 011,short-circuit,0,Short Circuit,none,0,""
#3424,0,0,0,0,0,1,1,0,1,0,1,1,000 001 101 011,valid,8,8 V,series,2,"3 4"
#3425,1,0,0,0,0,1,1,0,1,0,1,1,100 001 101 011,valid,8,8 V,series,2,"3 4"
#3426,0,1,0,0,0,1,1,0,1,0,1,1,010 001 101 011,valid,8,8 V,series,2,"3 4"
#3427,1,1,0,0,0,1,1,0,1,0,1,1,110 001 101 011,short-circuit,0,Short Circuit,none,0,""
#3428,0,0,1,0,0,1,1,0,1,0,1,1,001 001 101 011,valid,8,8 V,series,2,"3 4"
#3429,1,0,1,0,0,1,1,0,1,0,1,1,101 001 101 011,short-circuit,0,Short Circuit,none,0,""
#3430,0,1,1,0,0,1,1,0,1,0,1,1,011 001 101 011,short-circuit,0,Short Circuit,none,0,""
#3431,1,1,1,0,0,1,1,0,1,0,1,1,111 001 101 011,short-circuit,0,Short Circuit,none,0,""
#3432,0,0,0,1,0,1,1,0,1,0,1,1,000 101 101 011,short-circuit,0,Short Circuit,none,0,""
#3433,1,0,0,1,0,1,1,0,1,0,1,1,100 101 101 011,short-circuit,0,Short Circuit,none,0,""
#3434,0,1,0,1,0,1,1,0,1,0,1,1,010 101 101 011,short-circuit,0,Short Circuit,none,0,""
#3435,1,1,0,1,0,1,1,0,1,0,1,1,110 101 101 011,short-circuit,0,Short Circuit,none,0,""
#3436,0,0,1,1,0,1,1,0,1,0,1,1,001 101 101 011,short-circuit,0,Short Circuit,none,0,""
#3437,1,0,1,1,0,1,1,0,1,0,1,1,101 101 101 011,short-circuit,0,Short Circuit,none,0,""
#3438,0,1,1,1,0,1,1,0,1,0,1,1,011 101 101 011,short-circuit,0,Short Circuit,none,0,""
#3439,1,1,1,1,0,1,1,0,1,0,1,1,111 101 101 011,short-circuit,0,Short Circuit,none,0,""
#3440,0,0,0,0,1,1,1,0,1,0,1,1,000 011 101 011,short-circuit,0,Short Circuit,none,0,""
#3441,1,0,0,0,1,1,1,0,1,0,1,1,100 011 101 011,short-circuit,0,Short Circuit,none,0,""
#3442,0,1,0,0,1,1,1,0,1,0,1,1,010 011 101 011,short-circuit,0,Short Circuit,none,0,""
#3443,1,1,0,0,1,1,1,0,1,0,1,1,110 011 101 011,short-circuit,0,Short Circuit,none,0,""
#3444,0,0,1,0,1,1,1,0,1,0,1,1,001 011 101 011,short-circuit,0,Short Circuit,none,0,""
#3445,1,0,1,0,1,1,1,0,1,0,1,1,101 011 101 011,short-circuit,0,Short Circuit,none,0,""
#3446,0,1,1,0,1,1,1,0,1,0,1,1,011 011 101 011,short-circuit,0,Short Circuit,none,0,""
#3447,1,1,1,0,1,1,1,0,1,0,1,1,111 011 101 011,short-circuit,0,Short Circuit,none,0,""
#3448,0,0,0,1,1,1,1,0,1,0,1,1,000 111 101 011,short-circuit,0,Short Circuit,none,0,""
#3449,1,0,0,1,1,1,1,0,1,0,1,1,100 111 101 011,short-circuit,0,Short Circuit,none,0,""
#3450,0,1,0,1,1,1,1,0,1,0,1,1,010 111 101 011,short-circuit,0,Short Circuit,none,0,""
#3451,1,1,0,1,1,1,1,0,1,0,1,1,110 111 101 011,short-circuit,0,Short Circuit,none,0,""
#3452,0,0,1,1,1,1,1,0,1,0,1,1,001 111 101 011,short-circuit,0,Short Circuit,none,0,""
#3453,1,0,1,1,1,1,1,0,1,0,1,1,101 111 101 011,short-circuit,0,Short Circuit,none,0,""
#3454,0,1,1,1,1,1,1,0,1,0,1,1,011 111 101 011,short-circuit,0,Short Circuit,none,0,""
#3455,1,1,1,1,1,1,1,0,1,0,1,1,111 111 101 011,short-circuit,0,Short Circuit,none,0,""
#3456,0,0,0,0,0,0,0,1,1,0,1,1,000 000 011 011,short-circuit,0,Short Circuit,none,0,""
#3457,1,0,0,0,0,0,0,1,1,0,1,1,100 000 011 011,short-circuit,0,Short Circuit,none,0,""
#3458,0,1,0,0,0,0,0,1,1,0,1,1,010 000 011 011,short-circuit,0,Short Circuit,none,0,""
#3459,1,1,0,0,0,0,0,1,1,0,1,1,110 000 011 011,short-circuit,0,Short Circuit,none,0,""
#3460,0,0,1,0,0,0,0,1,1,0,1,1,001 000 011 011,short-circuit,0,Short Circuit,none,0,""
#3461,1,0,1,0,0,0,0,1,1,0,1,1,101 000 011 011,short-circuit,0,Short Circuit,none,0,""
#3462,0,1,1,0,0,0,0,1,1,0,1,1,011 000 011 011,short-circuit,0,Short Circuit,none,0,""
#3463,1,1,1,0,0,0,0,1,1,0,1,1,111 000 011 011,short-circuit,0,Short Circuit,none,0,""
#3464,0,0,0,1,0,0,0,1,1,0,1,1,000 100 011 011,short-circuit,0,Short Circuit,none,0,""
#3465,1,0,0,1,0,0,0,1,1,0,1,1,100 100 011 011,short-circuit,0,Short Circuit,none,0,""
#3466,0,1,0,1,0,0,0,1,1,0,1,1,010 100 011 011,short-circuit,0,Short Circuit,none,0,""
#3467,1,1,0,1,0,0,0,1,1,0,1,1,110 100 011 011,short-circuit,0,Short Circuit,none,0,""
#3468,0,0,1,1,0,0,0,1,1,0,1,1,001 100 011 011,short-circuit,0,Short Circuit,none,0,""
#3469,1,0,1,1,0,0,0,1,1,0,1,1,101 100 011 011,short-circuit,0,Short Circuit,none,0,""
#3470,0,1,1,1,0,0,0,1,1,0,1,1,011 100 011 011,short-circuit,0,Short Circuit,none,0,""
#3471,1,1,1,1,0,0,0,1,1,0,1,1,111 100 011 011,short-circuit,0,Short Circuit,none,0,""
#3472,0,0,0,0,1,0,0,1,1,0,1,1,000 010 011 011,short-circuit,0,Short Circuit,none,0,""
#3473,1,0,0,0,1,0,0,1,1,0,1,1,100 010 011 011,short-circuit,0,Short Circuit,none,0,""
#3474,0,1,0,0,1,0,0,1,1,0,1,1,010 010 011 011,short-circuit,0,Short Circuit,none,0,""
#3475,1,1,0,0,1,0,0,1,1,0,1,1,110 010 011 011,short-circuit,0,Short Circuit,none,0,""
#3476,0,0,1,0,1,0,0,1,1,0,1,1,001 010 011 011,short-circuit,0,Short Circuit,none,0,""
#3477,1,0,1,0,1,0,0,1,1,0,1,1,101 010 011 011,short-circuit,0,Short Circuit,none,0,""
#3478,0,1,1,0,1,0,0,1,1,0,1,1,011 010 011 011,short-circuit,0,Short Circuit,none,0,""
#3479,1,1,1,0,1,0,0,1,1,0,1,1,111 010 011 011,short-circuit,0,Short Circuit,none,0,""
#3480,0,0,0,1,1,0,0,1,1,0,1,1,000 110 011 011,short-circuit,0,Short Circuit,none,0,""
#3481,1,0,0,1,1,0,0,1,1,0,1,1,100 110 011 011,short-circuit,0,Short Circuit,none,0,""
#3482,0,1,0,1,1,0,0,1,1,0,1,1,010 110 011 011,short-circuit,0,Short Circuit,none,0,""
#3483,1,1,0,1,1,0,0,1,1,0,1,1,110 110 011 011,short-circuit,0,Short Circuit,none,0,""
#3484,0,0,1,1,1,0,0,1,1,0,1,1,001 110 011 011,short-circuit,0,Short Circuit,none,0,""
#3485,1,0,1,1,1,0,0,1,1,0,1,1,101 110 011 011,short-circuit,0,Short Circuit,none,0,""
#3486,0,1,1,1,1,0,0,1,1,0,1,1,011 110 011 011,short-circuit,0,Short Circuit,none,0,""
#3487,1,1,1,1,1,0,0,1,1,0,1,1,111 110 011 011,short-circuit,0,Short Circuit,none,0,""
#3488,0,0,0,0,0,1,0,1,1,0,1,1,000 001 011 011,short-circuit,0,Short Circuit,none,0,""
#3489,1,0,0,0,0,1,0,1,1,0,1,1,100 001 011 011,short-circuit,0,Short Circuit,none,0,""
#3490,0,1,0,0,0,1,0,1,1,0,1,1,010 001 011 011,short-circuit,0,Short Circuit,none,0,""
#3491,1,1,0,0,0,1,0,1,1,0,1,1,110 001 011 011,short-circuit,0,Short Circuit,none,0,""
#3492,0,0,1,0,0,1,0,1,1,0,1,1,001 001 011 011,short-circuit,0,Short Circuit,none,0,""
#3493,1,0,1,0,0,1,0,1,1,0,1,1,101 001 011 011,short-circuit,0,Short Circuit,none,0,""
#3494,0,1,1,0,0,1,0,1,1,0,1,1,011 001 011 011,short-circuit,0,Short Circuit,none,0,""
#3495,1,1,1,0,0,1,0,1,1,0,1,1,111 001 011 011,short-circuit,0,Short Circuit,none,0,""
#3496,0,0,0,1,0,1,0,1,1,0,1,1,000 101 011 011,short-circuit,0,Short Circuit,none,0,""
#3497,1,0,0,1,0,1,0,1,1,0,1,1,100 101 011 011,short-circuit,0,Short Circuit,none,0,""
#3498,0,1,0,1,0,1,0,1,1,0,1,1,010 101 011 011,short-circuit,0,Short Circuit,none,0,""
#3499,1,1,0,1,0,1,0,1,1,0,1,1,110 101 011 011,short-circuit,0,Short Circuit,none,0,""
#3500,0,0,1,1,0,1,0,1,1,0,1,1,001 101 011 011,short-circuit,0,Short Circuit,none,0,""
#3501,1,0,1,1,0,1,0,1,1,0,1,1,101 101 011 011,short-circuit,0,Short Circuit,none,0,""
#3502,0,1,1,1,0,1,0,1,1,0,1,1,011 101 011 011,short-circuit,0,Short Circuit,none,0,""
#3503,1,1,1,1,0,1,0,1,1,0,1,1,111 101 011 011,short-circuit,0,Short Circuit,none,0,""
#3504,0,0,0,0,1,1,0,1,1,0,1,1,000 011 011 011,short-circuit,0,Short Circuit,none,0,""
#3505,1,0,0,0,1,1,0,1,1,0,1,1,100 011 011 011,short-circuit,0,Short Circuit,none,0,""
#3506,0,1,0,0,1,1,0,1,1,0,1,1,010 011 011 011,short-circuit,0,Short Circuit,none,0,""
#3507,1,1,0,0,1,1,0,1,1,0,1,1,110 011 011 011,short-circuit,0,Short Circuit,none,0,""
#3508,0,0,1,0,1,1,0,1,1,0,1,1,001 011 011 011,short-circuit,0,Short Circuit,none,0,""
#3509,1,0,1,0,1,1,0,1,1,0,1,1,101 011 011 011,short-circuit,0,Short Circuit,none,0,""
#3510,0,1,1,0,1,1,0,1,1,0,1,1,011 011 011 011,short-circuit,0,Short Circuit,none,0,""
#3511,1,1,1,0,1,1,0,1,1,0,1,1,111 011 011 011,short-circuit,0,Short Circuit,none,0,""
#3512,0,0,0,1,1,1,0,1,1,0,1,1,000 111 011 011,short-circuit,0,Short Circuit,none,0,""
#3513,1,0,0,1,1,1,0,1,1,0,1,1,100 111 011 011,short-circuit,0,Short Circuit,none,0,""
#3514,0,1,0,1,1,1,0,1,1,0,1,1,010 111 011 011,short-circuit,0,Short Circuit,none,0,""
#3515,1,1,0,1,1,1,0,1,1,0,1,1,110 111 011 011,short-circuit,0,Short Circuit,none,0,""
#3516,0,0,1,1,1,1,0,1,1,0,1,1,001 111 011 011,short-circuit,0,Short Circuit,none,0,""
#3517,1,0,1,1,1,1,0,1,1,0,1,1,101 111 011 011,short-circuit,0,Short Circuit,none,0,""
#3518,0,1,1,1,1,1,0,1,1,0,1,1,011 111 011 011,short-circuit,0,Short Circuit,none,0,""
#3519,1,1,1,1,1,1,0,1,1,0,1,1,111 111 011 011,short-circuit,0,Short Circuit,none,0,""
#3520,0,0,0,0,0,0,1,1,1,0,1,1,000 000 111 011,short-circuit,0,Short Circuit,none,0,""
#3521,1,0,0,0,0,0,1,1,1,0,1,1,100 000 111 011,short-circuit,0,Short Circuit,none,0,""
#3522,0,1,0,0,0,0,1,1,1,0,1,1,010 000 111 011,short-circuit,0,Short Circuit,none,0,""
#3523,1,1,0,0,0,0,1,1,1,0,1,1,110 000 111 011,short-circuit,0,Short Circuit,none,0,""
#3524,0,0,1,0,0,0,1,1,1,0,1,1,001 000 111 011,short-circuit,0,Short Circuit,none,0,""
#3525,1,0,1,0,0,0,1,1,1,0,1,1,101 000 111 011,short-circuit,0,Short Circuit,none,0,""
#3526,0,1,1,0,0,0,1,1,1,0,1,1,011 000 111 011,short-circuit,0,Short Circuit,none,0,""
#3527,1,1,1,0,0,0,1,1,1,0,1,1,111 000 111 011,short-circuit,0,Short Circuit,none,0,""
#3528,0,0,0,1,0,0,1,1,1,0,1,1,000 100 111 011,short-circuit,0,Short Circuit,none,0,""
#3529,1,0,0,1,0,0,1,1,1,0,1,1,100 100 111 011,short-circuit,0,Short Circuit,none,0,""
#3530,0,1,0,1,0,0,1,1,1,0,1,1,010 100 111 011,short-circuit,0,Short Circuit,none,0,""
#3531,1,1,0,1,0,0,1,1,1,0,1,1,110 100 111 011,short-circuit,0,Short Circuit,none,0,""
#3532,0,0,1,1,0,0,1,1,1,0,1,1,001 100 111 011,short-circuit,0,Short Circuit,none,0,""
#3533,1,0,1,1,0,0,1,1,1,0,1,1,101 100 111 011,short-circuit,0,Short Circuit,none,0,""
#3534,0,1,1,1,0,0,1,1,1,0,1,1,011 100 111 011,short-circuit,0,Short Circuit,none,0,""
#3535,1,1,1,1,0,0,1,1,1,0,1,1,111 100 111 011,short-circuit,0,Short Circuit,none,0,""
#3536,0,0,0,0,1,0,1,1,1,0,1,1,000 010 111 011,short-circuit,0,Short Circuit,none,0,""
#3537,1,0,0,0,1,0,1,1,1,0,1,1,100 010 111 011,short-circuit,0,Short Circuit,none,0,""
#3538,0,1,0,0,1,0,1,1,1,0,1,1,010 010 111 011,short-circuit,0,Short Circuit,none,0,""
#3539,1,1,0,0,1,0,1,1,1,0,1,1,110 010 111 011,short-circuit,0,Short Circuit,none,0,""
#3540,0,0,1,0,1,0,1,1,1,0,1,1,001 010 111 011,short-circuit,0,Short Circuit,none,0,""
#3541,1,0,1,0,1,0,1,1,1,0,1,1,101 010 111 011,short-circuit,0,Short Circuit,none,0,""
#3542,0,1,1,0,1,0,1,1,1,0,1,1,011 010 111 011,short-circuit,0,Short Circuit,none,0,""
#3543,1,1,1,0,1,0,1,1,1,0,1,1,111 010 111 011,short-circuit,0,Short Circuit,none,0,""
#3544,0,0,0,1,1,0,1,1,1,0,1,1,000 110 111 011,short-circuit,0,Short Circuit,none,0,""
#3545,1,0,0,1,1,0,1,1,1,0,1,1,100 110 111 011,short-circuit,0,Short Circuit,none,0,""
#3546,0,1,0,1,1,0,1,1,1,0,1,1,010 110 111 011,short-circuit,0,Short Circuit,none,0,""
#3547,1,1,0,1,1,0,1,1,1,0,1,1,110 110 111 011,short-circuit,0,Short Circuit,none,0,""
#3548,0,0,1,1,1,0,1,1,1,0,1,1,001 110 111 011,short-circuit,0,Short Circuit,none,0,""
#3549,1,0,1,1,1,0,1,1,1,0,1,1,101 110 111 011,short-circuit,0,Short Circuit,none,0,""
#3550,0,1,1,1,1,0,1,1,1,0,1,1,011 110 111 011,short-circuit,0,Short Circuit,none,0,""
#3551,1,1,1,1,1,0,1,1,1,0,1,1,111 110 111 011,short-circuit,0,Short Circuit,none,0,""
#3552,0,0,0,0,0,1,1,1,1,0,1,1,000 001 111 011,short-circuit,0,Short Circuit,none,0,""
#3553,1,0,0,0,0,1,1,1,1,0,1,1,100 001 111 011,short-circuit,0,Short Circuit,none,0,""
#3554,0,1,0,0,0,1,1,1,1,0,1,1,010 001 111 011,short-circuit,0,Short Circuit,none,0,""
#3555,1,1,0,0,0,1,1,1,1,0,1,1,110 001 111 011,short-circuit,0,Short Circuit,none,0,""
#3556,0,0,1,0,0,1,1,1,1,0,1,1,001 001 111 011,short-circuit,0,Short Circuit,none,0,""
#3557,1,0,1,0,0,1,1,1,1,0,1,1,101 001 111 011,short-circuit,0,Short Circuit,none,0,""
#3558,0,1,1,0,0,1,1,1,1,0,1,1,011 001 111 011,short-circuit,0,Short Circuit,none,0,""
#3559,1,1,1,0,0,1,1,1,1,0,1,1,111 001 111 011,short-circuit,0,Short Circuit,none,0,""
#3560,0,0,0,1,0,1,1,1,1,0,1,1,000 101 111 011,short-circuit,0,Short Circuit,none,0,""
#3561,1,0,0,1,0,1,1,1,1,0,1,1,100 101 111 011,short-circuit,0,Short Circuit,none,0,""
#3562,0,1,0,1,0,1,1,1,1,0,1,1,010 101 111 011,short-circuit,0,Short Circuit,none,0,""
#3563,1,1,0,1,0,1,1,1,1,0,1,1,110 101 111 011,short-circuit,0,Short Circuit,none,0,""
#3564,0,0,1,1,0,1,1,1,1,0,1,1,001 101 111 011,short-circuit,0,Short Circuit,none,0,""
#3565,1,0,1,1,0,1,1,1,1,0,1,1,101 101 111 011,short-circuit,0,Short Circuit,none,0,""
#3566,0,1,1,1,0,1,1,1,1,0,1,1,011 101 111 011,short-circuit,0,Short Circuit,none,0,""
#3567,1,1,1,1,0,1,1,1,1,0,1,1,111 101 111 011,short-circuit,0,Short Circuit,none,0,""
#3568,0,0,0,0,1,1,1,1,1,0,1,1,000 011 111 011,short-circuit,0,Short Circuit,none,0,""
#3569,1,0,0,0,1,1,1,1,1,0,1,1,100 011 111 011,short-circuit,0,Short Circuit,none,0,""
#3570,0,1,0,0,1,1,1,1,1,0,1,1,010 011 111 011,short-circuit,0,Short Circuit,none,0,""
#3571,1,1,0,0,1,1,1,1,1,0,1,1,110 011 111 011,short-circuit,0,Short Circuit,none,0,""
#3572,0,0,1,0,1,1,1,1,1,0,1,1,001 011 111 011,short-circuit,0,Short Circuit,none,0,""
#3573,1,0,1,0,1,1,1,1,1,0,1,1,101 011 111 011,short-circuit,0,Short Circuit,none,0,""
#3574,0,1,1,0,1,1,1,1,1,0,1,1,011 011 111 011,short-circuit,0,Short Circuit,none,0,""
#3575,1,1,1,0,1,1,1,1,1,0,1,1,111 011 111 011,short-circuit,0,Short Circuit,none,0,""
#3576,0,0,0,1,1,1,1,1,1,0,1,1,000 111 111 011,short-circuit,0,Short Circuit,none,0,""
#3577,1,0,0,1,1,1,1,1,1,0,1,1,100 111 111 011,short-circuit,0,Short Circuit,none,0,""
#3578,0,1,0,1,1,1,1,1,1,0,1,1,010 111 111 011,short-circuit,0,Short Circuit,none,0,""
#3579,1,1,0,1,1,1,1,1,1,0,1,1,110 111 111 011,short-circuit,0,Short Circuit,none,0,""
#3580,0,0,1,1,1,1,1,1,1,0,1,1,001 111 111 011,short-circuit,0,Short Circuit,none,0,""
#3581,1,0,1,1,1,1,1,1,1,0,1,1,101 111 111 011,short-circuit,0,Short Circuit,none,0,""
#3582,0,1,1,1,1,1,1,1,1,0,1,1,011 111 111 011,short-circuit,0,Short Circuit,none,0,""
#3583,1,1,1,1,1,1,1,1,1,0,1,1,111 111 111 011,short-circuit,0,Short Circuit,none,0,""
#3584,0,0,0,0,0,0,0,0,0,1,1,1,000 000 000 111,valid,4,4 V,series,1,"4"
#3585,1,0,0,0,0,0,0,0,0,1,1,1,100 000 000 111,valid,4,4 V,series,1,"4"
#3586,0,1,0,0,0,0,0,0,0,1,1,1,010 000 000 111,valid,4,4 V,series,1,"4"
#3587,1,1,0,0,0,0,0,0,0,1,1,1,110 000 000 111,valid,4,4 V,parallel,1,"1 4"
#3588,0,0,1,0,0,0,0,0,0,1,1,1,001 000 000 111,valid,4,4 V,series,1,"4"
#3589,1,0,1,0,0,0,0,0,0,1,1,1,101 000 000 111,valid,4,4 V,series,1,"4"
#3590,0,1,1,0,0,0,0,0,0,1,1,1,011 000 000 111,valid,4,4 V,series,1,"4"
#3591,1,1,1,0,0,0,0,0,0,1,1,1,111 000 000 111,valid,4,4 V,parallel,1,"1 4"
#3592,0,0,0,1,0,0,0,0,0,1,1,1,000 100 000 111,valid,4,4 V,series,1,"4"
#3593,1,0,0,1,0,0,0,0,0,1,1,1,100 100 000 111,valid,4,4 V,series,1,"4"
#3594,0,1,0,1,0,0,0,0,0,1,1,1,010 100 000 111,valid,4,4 V,series,1,"4"
#3595,1,1,0,1,0,0,0,0,0,1,1,1,110 100 000 111,valid,4,4 V,parallel,1,"1 4"
#3596,0,0,1,1,0,0,0,0,0,1,1,1,001 100 000 111,valid,4,4 V,series,1,"4"
#3597,1,0,1,1,0,0,0,0,0,1,1,1,101 100 000 111,short-circuit,0,Short Circuit,none,0,""
#3598,0,1,1,1,0,0,0,0,0,1,1,1,011 100 000 111,short-circuit,0,Short Circuit,none,0,""
#3599,1,1,1,1,0,0,0,0,0,1,1,1,111 100 000 111,short-circuit,0,Short Circuit,none,0,""
#3600,0,0,0,0,1,0,0,0,0,1,1,1,000 010 000 111,valid,4,4 V,series,1,"4"
#3601,1,0,0,0,1,0,0,0,0,1,1,1,100 010 000 111,valid,4,4 V,series,1,"4"
#3602,0,1,0,0,1,0,0,0,0,1,1,1,010 010 000 111,valid,4,4 V,series,1,"4"
#3603,1,1,0,0,1,0,0,0,0,1,1,1,110 010 000 111,valid,4,4 V,parallel,1,"1 4"
#3604,0,0,1,0,1,0,0,0,0,1,1,1,001 010 000 111,valid,4,4 V,series,1,"4"
#3605,1,0,1,0,1,0,0,0,0,1,1,1,101 010 000 111,short-circuit,0,Short Circuit,none,0,""
#3606,0,1,1,0,1,0,0,0,0,1,1,1,011 010 000 111,short-circuit,0,Short Circuit,none,0,""
#3607,1,1,1,0,1,0,0,0,0,1,1,1,111 010 000 111,short-circuit,0,Short Circuit,none,0,""
#3608,0,0,0,1,1,0,0,0,0,1,1,1,000 110 000 111,valid,4,4 V,parallel,1,"2 4"
#3609,1,0,0,1,1,0,0,0,0,1,1,1,100 110 000 111,valid,4,4 V,parallel,1,"2 4"
#3610,0,1,0,1,1,0,0,0,0,1,1,1,010 110 000 111,valid,4,4 V,parallel,1,"2 4"
#3611,1,1,0,1,1,0,0,0,0,1,1,1,110 110 000 111,valid,4,4 V,parallel,1,"1 2 4"
#3612,0,0,1,1,1,0,0,0,0,1,1,1,001 110 000 111,valid,4,4 V,parallel,1,"2 4"
#3613,1,0,1,1,1,0,0,0,0,1,1,1,101 110 000 111,short-circuit,0,Short Circuit,none,0,""
#3614,0,1,1,1,1,0,0,0,0,1,1,1,011 110 000 111,short-circuit,0,Short Circuit,none,0,""
#3615,1,1,1,1,1,0,0,0,0,1,1,1,111 110 000 111,short-circuit,0,Short Circuit,none,0,""
#3616,0,0,0,0,0,1,0,0,0,1,1,1,000 001 000 111,valid,4,4 V,series,1,"4"
#3617,1,0,0,0,0,1,0,0,0,1,1,1,100 001 000 111,valid,4,4 V,series,1,"4"
#3618,0,1,0,0,0,1,0,0,0,1,1,1,010 001 000 111,valid,4,4 V,series,1,"4"
#3619,1,1,0,0,0,1,0,0,0,1,1,1,110 001 000 111,valid,4,4 V,parallel,1,"1 4"
#3620,0,0,1,0,0,1,0,0,0,1,1,1,001 001 000 111,valid,4,4 V,series,1,"4"
#3621,1,0,1,0,0,1,0,0,0,1,1,1,101 001 000 111,valid,4,4 V,series,1,"4"
#3622,0,1,1,0,0,1,0,0,0,1,1,1,011 001 000 111,valid,4,4 V,series,1,"4"
#3623,1,1,1,0,0,1,0,0,0,1,1,1,111 001 000 111,valid,4,4 V,parallel,1,"1 4"
#3624,0,0,0,1,0,1,0,0,0,1,1,1,000 101 000 111,valid,4,4 V,series,1,"4"
#3625,1,0,0,1,0,1,0,0,0,1,1,1,100 101 000 111,valid,4,4 V,series,1,"4"
#3626,0,1,0,1,0,1,0,0,0,1,1,1,010 101 000 111,valid,4,4 V,series,1,"4"
#3627,1,1,0,1,0,1,0,0,0,1,1,1,110 101 000 111,valid,4,4 V,parallel,1,"1 4"
#3628,0,0,1,1,0,1,0,0,0,1,1,1,001 101 000 111,valid,4,4 V,series,1,"4"
#3629,1,0,1,1,0,1,0,0,0,1,1,1,101 101 000 111,short-circuit,0,Short Circuit,none,0,""
#3630,0,1,1,1,0,1,0,0,0,1,1,1,011 101 000 111,short-circuit,0,Short Circuit,none,0,""
#3631,1,1,1,1,0,1,0,0,0,1,1,1,111 101 000 111,short-circuit,0,Short Circuit,none,0,""
#3632,0,0,0,0,1,1,0,0,0,1,1,1,000 011 000 111,valid,4,4 V,series,1,"4"
#3633,1,0,0,0,1,1,0,0,0,1,1,1,100 011 000 111,valid,4,4 V,series,1,"4"
#3634,0,1,0,0,1,1,0,0,0,1,1,1,010 011 000 111,valid,4,4 V,series,1,"4"
#3635,1,1,0,0,1,1,0,0,0,1,1,1,110 011 000 111,valid,4,4 V,parallel,1,"1 4"
#3636,0,0,1,0,1,1,0,0,0,1,1,1,001 011 000 111,valid,4,4 V,series,1,"4"
#3637,1,0,1,0,1,1,0,0,0,1,1,1,101 011 000 111,short-circuit,0,Short Circuit,none,0,""
#3638,0,1,1,0,1,1,0,0,0,1,1,1,011 011 000 111,short-circuit,0,Short Circuit,none,0,""
#3639,1,1,1,0,1,1,0,0,0,1,1,1,111 011 000 111,short-circuit,0,Short Circuit,none,0,""
#3640,0,0,0,1,1,1,0,0,0,1,1,1,000 111 000 111,valid,4,4 V,parallel,1,"2 4"
#3641,1,0,0,1,1,1,0,0,0,1,1,1,100 111 000 111,valid,4,4 V,parallel,1,"2 4"
#3642,0,1,0,1,1,1,0,0,0,1,1,1,010 111 000 111,valid,4,4 V,parallel,1,"2 4"
#3643,1,1,0,1,1,1,0,0,0,1,1,1,110 111 000 111,valid,4,4 V,parallel,1,"1 2 4"
#3644,0,0,1,1,1,1,0,0,0,1,1,1,001 111 000 111,valid,4,4 V,parallel,1,"2 4"
#3645,1,0,1,1,1,1,0,0,0,1,1,1,101 111 000 111,short-circuit,0,Short Circuit,none,0,""
#3646,0,1,1,1,1,1,0,0,0,1,1,1,011 111 000 111,short-circuit,0,Short Circuit,none,0,""
#3647,1,1,1,1,1,1,0,0,0,1,1,1,111 111 000 111,short-circuit,0,Short Circuit,none,0,""
#3648,0,0,0,0,0,0,1,0,0,1,1,1,000 000 100 111,valid,4,4 V,series,1,"4"
#3649,1,0,0,0,0,0,1,0,0,1,1,1,100 000 100 111,valid,4,4 V,series,1,"4"
#3650,0,1,0,0,0,0,1,0,0,1,1,1,010 000 100 111,valid,4,4 V,series,1,"4"
#3651,1,1,0,0,0,0,1,0,0,1,1,1,110 000 100 111,valid,4,4 V,parallel,1,"1 4"
#3652,0,0,1,0,0,0,1,0,0,1,1,1,001 000 100 111,valid,4,4 V,series,1,"4"
#3653,1,0,1,0,0,0,1,0,0,1,1,1,101 000 100 111,valid,4,4 V,series,1,"4"
#3654,0,1,1,0,0,0,1,0,0,1,1,1,011 000 100 111,valid,4,4 V,series,1,"4"
#3655,1,1,1,0,0,0,1,0,0,1,1,1,111 000 100 111,valid,4,4 V,parallel,1,"1 4"
#3656,0,0,0,1,0,0,1,0,0,1,1,1,000 100 100 111,valid,4,4 V,series,1,"4"
#3657,1,0,0,1,0,0,1,0,0,1,1,1,100 100 100 111,valid,4,4 V,series,1,"4"
#3658,0,1,0,1,0,0,1,0,0,1,1,1,010 100 100 111,valid,4,4 V,series,1,"4"
#3659,1,1,0,1,0,0,1,0,0,1,1,1,110 100 100 111,valid,4,4 V,parallel,1,"1 4"
#3660,0,0,1,1,0,0,1,0,0,1,1,1,001 100 100 111,valid,4,4 V,series,1,"4"
#3661,1,0,1,1,0,0,1,0,0,1,1,1,101 100 100 111,short-circuit,0,Short Circuit,none,0,""
#3662,0,1,1,1,0,0,1,0,0,1,1,1,011 100 100 111,short-circuit,0,Short Circuit,none,0,""
#3663,1,1,1,1,0,0,1,0,0,1,1,1,111 100 100 111,short-circuit,0,Short Circuit,none,0,""
#3664,0,0,0,0,1,0,1,0,0,1,1,1,000 010 100 111,valid,4,4 V,series,1,"4"
#3665,1,0,0,0,1,0,1,0,0,1,1,1,100 010 100 111,valid,4,4 V,series,1,"4"
#3666,0,1,0,0,1,0,1,0,0,1,1,1,010 010 100 111,valid,4,4 V,series,1,"4"
#3667,1,1,0,0,1,0,1,0,0,1,1,1,110 010 100 111,valid,4,4 V,parallel,1,"1 4"
#3668,0,0,1,0,1,0,1,0,0,1,1,1,001 010 100 111,valid,4,4 V,series,1,"4"
#3669,1,0,1,0,1,0,1,0,0,1,1,1,101 010 100 111,short-circuit,0,Short Circuit,none,0,""
#3670,0,1,1,0,1,0,1,0,0,1,1,1,011 010 100 111,short-circuit,0,Short Circuit,none,0,""
#3671,1,1,1,0,1,0,1,0,0,1,1,1,111 010 100 111,short-circuit,0,Short Circuit,none,0,""
#3672,0,0,0,1,1,0,1,0,0,1,1,1,000 110 100 111,valid,4,4 V,parallel,1,"2 4"
#3673,1,0,0,1,1,0,1,0,0,1,1,1,100 110 100 111,valid,4,4 V,parallel,1,"2 4"
#3674,0,1,0,1,1,0,1,0,0,1,1,1,010 110 100 111,valid,4,4 V,parallel,1,"2 4"
#3675,1,1,0,1,1,0,1,0,0,1,1,1,110 110 100 111,valid,4,4 V,parallel,1,"1 2 4"
#3676,0,0,1,1,1,0,1,0,0,1,1,1,001 110 100 111,valid,4,4 V,parallel,1,"2 4"
#3677,1,0,1,1,1,0,1,0,0,1,1,1,101 110 100 111,short-circuit,0,Short Circuit,none,0,""
#3678,0,1,1,1,1,0,1,0,0,1,1,1,011 110 100 111,short-circuit,0,Short Circuit,none,0,""
#3679,1,1,1,1,1,0,1,0,0,1,1,1,111 110 100 111,short-circuit,0,Short Circuit,none,0,""
#3680,0,0,0,0,0,1,1,0,0,1,1,1,000 001 100 111,valid,4,4 V,series,1,"4"
#3681,1,0,0,0,0,1,1,0,0,1,1,1,100 001 100 111,valid,4,4 V,series,1,"4"
#3682,0,1,0,0,0,1,1,0,0,1,1,1,010 001 100 111,valid,4,4 V,series,1,"4"
#3683,1,1,0,0,0,1,1,0,0,1,1,1,110 001 100 111,valid,4,4 V,parallel,1,"1 4"
#3684,0,0,1,0,0,1,1,0,0,1,1,1,001 001 100 111,valid,4,4 V,series,1,"4"
#3685,1,0,1,0,0,1,1,0,0,1,1,1,101 001 100 111,short-circuit,0,Short Circuit,none,0,""
#3686,0,1,1,0,0,1,1,0,0,1,1,1,011 001 100 111,short-circuit,0,Short Circuit,none,0,""
#3687,1,1,1,0,0,1,1,0,0,1,1,1,111 001 100 111,short-circuit,0,Short Circuit,none,0,""
#3688,0,0,0,1,0,1,1,0,0,1,1,1,000 101 100 111,short-circuit,0,Short Circuit,none,0,""
#3689,1,0,0,1,0,1,1,0,0,1,1,1,100 101 100 111,short-circuit,0,Short Circuit,none,0,""
#3690,0,1,0,1,0,1,1,0,0,1,1,1,010 101 100 111,short-circuit,0,Short Circuit,none,0,""
#3691,1,1,0,1,0,1,1,0,0,1,1,1,110 101 100 111,short-circuit,0,Short Circuit,none,0,""
#3692,0,0,1,1,0,1,1,0,0,1,1,1,001 101 100 111,short-circuit,0,Short Circuit,none,0,""
#3693,1,0,1,1,0,1,1,0,0,1,1,1,101 101 100 111,short-circuit,0,Short Circuit,none,0,""
#3694,0,1,1,1,0,1,1,0,0,1,1,1,011 101 100 111,short-circuit,0,Short Circuit,none,0,""
#3695,1,1,1,1,0,1,1,0,0,1,1,1,111 101 100 111,short-circuit,0,Short Circuit,none,0,""
#3696,0,0,0,0,1,1,1,0,0,1,1,1,000 011 100 111,short-circuit,0,Short Circuit,none,0,""
#3697,1,0,0,0,1,1,1,0,0,1,1,1,100 011 100 111,short-circuit,0,Short Circuit,none,0,""
#3698,0,1,0,0,1,1,1,0,0,1,1,1,010 011 100 111,short-circuit,0,Short Circuit,none,0,""
#3699,1,1,0,0,1,1,1,0,0,1,1,1,110 011 100 111,short-circuit,0,Short Circuit,none,0,""
#3700,0,0,1,0,1,1,1,0,0,1,1,1,001 011 100 111,short-circuit,0,Short Circuit,none,0,""
#3701,1,0,1,0,1,1,1,0,0,1,1,1,101 011 100 111,short-circuit,0,Short Circuit,none,0,""
#3702,0,1,1,0,1,1,1,0,0,1,1,1,011 011 100 111,short-circuit,0,Short Circuit,none,0,""
#3703,1,1,1,0,1,1,1,0,0,1,1,1,111 011 100 111,short-circuit,0,Short Circuit,none,0,""
#3704,0,0,0,1,1,1,1,0,0,1,1,1,000 111 100 111,short-circuit,0,Short Circuit,none,0,""
#3705,1,0,0,1,1,1,1,0,0,1,1,1,100 111 100 111,short-circuit,0,Short Circuit,none,0,""
#3706,0,1,0,1,1,1,1,0,0,1,1,1,010 111 100 111,short-circuit,0,Short Circuit,none,0,""
#3707,1,1,0,1,1,1,1,0,0,1,1,1,110 111 100 111,short-circuit,0,Short Circuit,none,0,""
#3708,0,0,1,1,1,1,1,0,0,1,1,1,001 111 100 111,short-circuit,0,Short Circuit,none,0,""
#3709,1,0,1,1,1,1,1,0,0,1,1,1,101 111 100 111,short-circuit,0,Short Circuit,none,0,""
#3710,0,1,1,1,1,1,1,0,0,1,1,1,011 111 100 111,short-circuit,0,Short Circuit,none,0,""
#3711,1,1,1,1,1,1,1,0,0,1,1,1,111 111 100 111,short-circuit,0,Short Circuit,none,0,""
#3712,0,0,0,0,0,0,0,1,0,1,1,1,000 000 010 111,valid,4,4 V,series,1,"4"
#3713,1,0,0,0,0,0,0,1,0,1,1,1,100 000 010 111,valid,4,4 V,series,1,"4"
#3714,0,1,0,0,0,0,0,1,0,1,1,1,010 000 010 111,valid,4,4 V,series,1,"4"
#3715,1,1,0,0,0,0,0,1,0,1,1,1,110 000 010 111,valid,4,4 V,parallel,1,"1 4"
#3716,0,0,1,0,0,0,0,1,0,1,1,1,001 000 010 111,valid,4,4 V,series,1,"4"
#3717,1,0,1,0,0,0,0,1,0,1,1,1,101 000 010 111,valid,4,4 V,series,1,"4"
#3718,0,1,1,0,0,0,0,1,0,1,1,1,011 000 010 111,valid,4,4 V,series,1,"4"
#3719,1,1,1,0,0,0,0,1,0,1,1,1,111 000 010 111,valid,4,4 V,parallel,1,"1 4"
#3720,0,0,0,1,0,0,0,1,0,1,1,1,000 100 010 111,valid,4,4 V,series,1,"4"
#3721,1,0,0,1,0,0,0,1,0,1,1,1,100 100 010 111,valid,4,4 V,series,1,"4"
#3722,0,1,0,1,0,0,0,1,0,1,1,1,010 100 010 111,valid,4,4 V,series,1,"4"
#3723,1,1,0,1,0,0,0,1,0,1,1,1,110 100 010 111,valid,4,4 V,parallel,1,"1 4"
#3724,0,0,1,1,0,0,0,1,0,1,1,1,001 100 010 111,valid,4,4 V,series,1,"4"
#3725,1,0,1,1,0,0,0,1,0,1,1,1,101 100 010 111,short-circuit,0,Short Circuit,none,0,""
#3726,0,1,1,1,0,0,0,1,0,1,1,1,011 100 010 111,short-circuit,0,Short Circuit,none,0,""
#3727,1,1,1,1,0,0,0,1,0,1,1,1,111 100 010 111,short-circuit,0,Short Circuit,none,0,""
#3728,0,0,0,0,1,0,0,1,0,1,1,1,000 010 010 111,valid,4,4 V,series,1,"4"
#3729,1,0,0,0,1,0,0,1,0,1,1,1,100 010 010 111,valid,4,4 V,series,1,"4"
#3730,0,1,0,0,1,0,0,1,0,1,1,1,010 010 010 111,valid,4,4 V,series,1,"4"
#3731,1,1,0,0,1,0,0,1,0,1,1,1,110 010 010 111,valid,4,4 V,parallel,1,"1 4"
#3732,0,0,1,0,1,0,0,1,0,1,1,1,001 010 010 111,valid,4,4 V,series,1,"4"
#3733,1,0,1,0,1,0,0,1,0,1,1,1,101 010 010 111,short-circuit,0,Short Circuit,none,0,""
#3734,0,1,1,0,1,0,0,1,0,1,1,1,011 010 010 111,short-circuit,0,Short Circuit,none,0,""
#3735,1,1,1,0,1,0,0,1,0,1,1,1,111 010 010 111,short-circuit,0,Short Circuit,none,0,""
#3736,0,0,0,1,1,0,0,1,0,1,1,1,000 110 010 111,valid,4,4 V,parallel,1,"2 4"
#3737,1,0,0,1,1,0,0,1,0,1,1,1,100 110 010 111,valid,4,4 V,parallel,1,"2 4"
#3738,0,1,0,1,1,0,0,1,0,1,1,1,010 110 010 111,valid,4,4 V,parallel,1,"2 4"
#3739,1,1,0,1,1,0,0,1,0,1,1,1,110 110 010 111,valid,4,4 V,parallel,1,"1 2 4"
#3740,0,0,1,1,1,0,0,1,0,1,1,1,001 110 010 111,valid,4,4 V,parallel,1,"2 4"
#3741,1,0,1,1,1,0,0,1,0,1,1,1,101 110 010 111,short-circuit,0,Short Circuit,none,0,""
#3742,0,1,1,1,1,0,0,1,0,1,1,1,011 110 010 111,short-circuit,0,Short Circuit,none,0,""
#3743,1,1,1,1,1,0,0,1,0,1,1,1,111 110 010 111,short-circuit,0,Short Circuit,none,0,""
#3744,0,0,0,0,0,1,0,1,0,1,1,1,000 001 010 111,valid,4,4 V,series,1,"4"
#3745,1,0,0,0,0,1,0,1,0,1,1,1,100 001 010 111,valid,4,4 V,series,1,"4"
#3746,0,1,0,0,0,1,0,1,0,1,1,1,010 001 010 111,valid,4,4 V,series,1,"4"
#3747,1,1,0,0,0,1,0,1,0,1,1,1,110 001 010 111,valid,4,4 V,parallel,1,"1 4"
#3748,0,0,1,0,0,1,0,1,0,1,1,1,001 001 010 111,valid,4,4 V,series,1,"4"
#3749,1,0,1,0,0,1,0,1,0,1,1,1,101 001 010 111,short-circuit,0,Short Circuit,none,0,""
#3750,0,1,1,0,0,1,0,1,0,1,1,1,011 001 010 111,short-circuit,0,Short Circuit,none,0,""
#3751,1,1,1,0,0,1,0,1,0,1,1,1,111 001 010 111,short-circuit,0,Short Circuit,none,0,""
#3752,0,0,0,1,0,1,0,1,0,1,1,1,000 101 010 111,short-circuit,0,Short Circuit,none,0,""
#3753,1,0,0,1,0,1,0,1,0,1,1,1,100 101 010 111,short-circuit,0,Short Circuit,none,0,""
#3754,0,1,0,1,0,1,0,1,0,1,1,1,010 101 010 111,short-circuit,0,Short Circuit,none,0,""
#3755,1,1,0,1,0,1,0,1,0,1,1,1,110 101 010 111,short-circuit,0,Short Circuit,none,0,""
#3756,0,0,1,1,0,1,0,1,0,1,1,1,001 101 010 111,short-circuit,0,Short Circuit,none,0,""
#3757,1,0,1,1,0,1,0,1,0,1,1,1,101 101 010 111,short-circuit,0,Short Circuit,none,0,""
#3758,0,1,1,1,0,1,0,1,0,1,1,1,011 101 010 111,short-circuit,0,Short Circuit,none,0,""
#3759,1,1,1,1,0,1,0,1,0,1,1,1,111 101 010 111,short-circuit,0,Short Circuit,none,0,""
#3760,0,0,0,0,1,1,0,1,0,1,1,1,000 011 010 111,short-circuit,0,Short Circuit,none,0,""
#3761,1,0,0,0,1,1,0,1,0,1,1,1,100 011 010 111,short-circuit,0,Short Circuit,none,0,""
#3762,0,1,0,0,1,1,0,1,0,1,1,1,010 011 010 111,short-circuit,0,Short Circuit,none,0,""
#3763,1,1,0,0,1,1,0,1,0,1,1,1,110 011 010 111,short-circuit,0,Short Circuit,none,0,""
#3764,0,0,1,0,1,1,0,1,0,1,1,1,001 011 010 111,short-circuit,0,Short Circuit,none,0,""
#3765,1,0,1,0,1,1,0,1,0,1,1,1,101 011 010 111,short-circuit,0,Short Circuit,none,0,""
#3766,0,1,1,0,1,1,0,1,0,1,1,1,011 011 010 111,short-circuit,0,Short Circuit,none,0,""
#3767,1,1,1,0,1,1,0,1,0,1,1,1,111 011 010 111,short-circuit,0,Short Circuit,none,0,""
#3768,0,0,0,1,1,1,0,1,0,1,1,1,000 111 010 111,short-circuit,0,Short Circuit,none,0,""
#3769,1,0,0,1,1,1,0,1,0,1,1,1,100 111 010 111,short-circuit,0,Short Circuit,none,0,""
#3770,0,1,0,1,1,1,0,1,0,1,1,1,010 111 010 111,short-circuit,0,Short Circuit,none,0,""
#3771,1,1,0,1,1,1,0,1,0,1,1,1,110 111 010 111,short-circuit,0,Short Circuit,none,0,""
#3772,0,0,1,1,1,1,0,1,0,1,1,1,001 111 010 111,short-circuit,0,Short Circuit,none,0,""
#3773,1,0,1,1,1,1,0,1,0,1,1,1,101 111 010 111,short-circuit,0,Short Circuit,none,0,""
#3774,0,1,1,1,1,1,0,1,0,1,1,1,011 111 010 111,short-circuit,0,Short Circuit,none,0,""
#3775,1,1,1,1,1,1,0,1,0,1,1,1,111 111 010 111,short-circuit,0,Short Circuit,none,0,""
#3776,0,0,0,0,0,0,1,1,0,1,1,1,000 000 110 111,valid,4,4 V,parallel,1,"3 4"
#3777,1,0,0,0,0,0,1,1,0,1,1,1,100 000 110 111,valid,4,4 V,parallel,1,"3 4"
#3778,0,1,0,0,0,0,1,1,0,1,1,1,010 000 110 111,valid,4,4 V,parallel,1,"3 4"
#3779,1,1,0,0,0,0,1,1,0,1,1,1,110 000 110 111,valid,4,4 V,parallel,1,"1 3 4"
#3780,0,0,1,0,0,0,1,1,0,1,1,1,001 000 110 111,valid,4,4 V,parallel,1,"3 4"
#3781,1,0,1,0,0,0,1,1,0,1,1,1,101 000 110 111,valid,4,4 V,parallel,1,"3 4"
#3782,0,1,1,0,0,0,1,1,0,1,1,1,011 000 110 111,valid,4,4 V,parallel,1,"3 4"
#3783,1,1,1,0,0,0,1,1,0,1,1,1,111 000 110 111,valid,4,4 V,parallel,1,"1 3 4"
#3784,0,0,0,1,0,0,1,1,0,1,1,1,000 100 110 111,valid,4,4 V,parallel,1,"3 4"
#3785,1,0,0,1,0,0,1,1,0,1,1,1,100 100 110 111,valid,4,4 V,parallel,1,"3 4"
#3786,0,1,0,1,0,0,1,1,0,1,1,1,010 100 110 111,valid,4,4 V,parallel,1,"3 4"
#3787,1,1,0,1,0,0,1,1,0,1,1,1,110 100 110 111,valid,4,4 V,parallel,1,"1 3 4"
#3788,0,0,1,1,0,0,1,1,0,1,1,1,001 100 110 111,valid,4,4 V,parallel,1,"3 4"
#3789,1,0,1,1,0,0,1,1,0,1,1,1,101 100 110 111,short-circuit,0,Short Circuit,none,0,""
#3790,0,1,1,1,0,0,1,1,0,1,1,1,011 100 110 111,short-circuit,0,Short Circuit,none,0,""
#3791,1,1,1,1,0,0,1,1,0,1,1,1,111 100 110 111,short-circuit,0,Short Circuit,none,0,""
#3792,0,0,0,0,1,0,1,1,0,1,1,1,000 010 110 111,valid,4,4 V,parallel,1,"3 4"
#3793,1,0,0,0,1,0,1,1,0,1,1,1,100 010 110 111,valid,4,4 V,parallel,1,"3 4"
#3794,0,1,0,0,1,0,1,1,0,1,1,1,010 010 110 111,valid,4,4 V,parallel,1,"3 4"
#3795,1,1,0,0,1,0,1,1,0,1,1,1,110 010 110 111,valid,4,4 V,parallel,1,"1 3 4"
#3796,0,0,1,0,1,0,1,1,0,1,1,1,001 010 110 111,valid,4,4 V,parallel,1,"3 4"
#3797,1,0,1,0,1,0,1,1,0,1,1,1,101 010 110 111,short-circuit,0,Short Circuit,none,0,""
#3798,0,1,1,0,1,0,1,1,0,1,1,1,011 010 110 111,short-circuit,0,Short Circuit,none,0,""
#3799,1,1,1,0,1,0,1,1,0,1,1,1,111 010 110 111,short-circuit,0,Short Circuit,none,0,""
#3800,0,0,0,1,1,0,1,1,0,1,1,1,000 110 110 111,valid,4,4 V,parallel,1,"2 3 4"
#3801,1,0,0,1,1,0,1,1,0,1,1,1,100 110 110 111,valid,4,4 V,parallel,1,"2 3 4"
#3802,0,1,0,1,1,0,1,1,0,1,1,1,010 110 110 111,valid,4,4 V,parallel,1,"2 3 4"
#3803,1,1,0,1,1,0,1,1,0,1,1,1,110 110 110 111,valid,4,4 V,parallel,1,"1 2 3 4"
#3804,0,0,1,1,1,0,1,1,0,1,1,1,001 110 110 111,valid,4,4 V,parallel,1,"2 3 4"
#3805,1,0,1,1,1,0,1,1,0,1,1,1,101 110 110 111,short-circuit,0,Short Circuit,none,0,""
#3806,0,1,1,1,1,0,1,1,0,1,1,1,011 110 110 111,short-circuit,0,Short Circuit,none,0,""
#3807,1,1,1,1,1,0,1,1,0,1,1,1,111 110 110 111,short-circuit,0,Short Circuit,none,0,""
#3808,0,0,0,0,0,1,1,1,0,1,1,1,000 001 110 111,valid,4,4 V,parallel,1,"3 4"
#3809,1,0,0,0,0,1,1,1,0,1,1,1,100 001 110 111,valid,4,4 V,parallel,1,"3 4"
#3810,0,1,0,0,0,1,1,1,0,1,1,1,010 001 110 111,valid,4,4 V,parallel,1,"3 4"
#3811,1,1,0,0,0,1,1,1,0,1,1,1,110 001 110 111,valid,4,4 V,parallel,1,"1 3 4"
#3812,0,0,1,0,0,1,1,1,0,1,1,1,001 001 110 111,valid,4,4 V,parallel,1,"3 4"
#3813,1,0,1,0,0,1,1,1,0,1,1,1,101 001 110 111,short-circuit,0,Short Circuit,none,0,""
#3814,0,1,1,0,0,1,1,1,0,1,1,1,011 001 110 111,short-circuit,0,Short Circuit,none,0,""
#3815,1,1,1,0,0,1,1,1,0,1,1,1,111 001 110 111,short-circuit,0,Short Circuit,none,0,""
#3816,0,0,0,1,0,1,1,1,0,1,1,1,000 101 110 111,short-circuit,0,Short Circuit,none,0,""
#3817,1,0,0,1,0,1,1,1,0,1,1,1,100 101 110 111,short-circuit,0,Short Circuit,none,0,""
#3818,0,1,0,1,0,1,1,1,0,1,1,1,010 101 110 111,short-circuit,0,Short Circuit,none,0,""
#3819,1,1,0,1,0,1,1,1,0,1,1,1,110 101 110 111,short-circuit,0,Short Circuit,none,0,""
#3820,0,0,1,1,0,1,1,1,0,1,1,1,001 101 110 111,short-circuit,0,Short Circuit,none,0,""
#3821,1,0,1,1,0,1,1,1,0,1,1,1,101 101 110 111,short-circuit,0,Short Circuit,none,0,""
#3822,0,1,1,1,0,1,1,1,0,1,1,1,011 101 110 111,short-circuit,0,Short Circuit,none,0,""
#3823,1,1,1,1,0,1,1,1,0,1,1,1,111 101 110 111,short-circuit,0,Short Circuit,none,0,""
#3824,0,0,0,0,1,1,1,1,0,1,1,1,000 011 110 111,short-circuit,0,Short Circuit,none,0,""
#3825,1,0,0,0,1,1,1,1,0,1,1,1,100 011 110 111,short-circuit,0,Short Circuit,none,0,""
#3826,0,1,0,0,1,1,1,1,0,1,1,1,010 011 110 111,short-circuit,0,Short Circuit,none,0,""
#3827,1,1,0,0,1,1,1,1,0,1,1,1,110 011 110 111,short-circuit,0,Short Circuit,none,0,""
#3828,0,0,1,0,1,1,1,1,0,1,1,1,001 011 110 111,short-circuit,0,Short Circuit,none,0,""
#3829,1,0,1,0,1,1,1,1,0,1,1,1,101 011 110 111,short-circuit,0,Short Circuit,none,0,""
#3830,0,1,1,0,1,1,1,1,0,1,1,1,011 011 110 111,short-circuit,0,Short Circuit,none,0,""
#3831,1,1,1,0,1,1,1,1,0,1,1,1,111 011 110 111,short-circuit,0,Short Circuit,none,0,""
#3832,0,0,0,1,1,1,1,1,0,1,1,1,000 111 110 111,short-circuit,0,Short Circuit,none,0,""
#3833,1,0,0,1,1,1,1,1,0,1,1,1,100 111 110 111,short-circuit,0,Short Circuit,none,0,""
#3834,0,1,0,1,1,1,1,1,0,1,1,1,010 111 110 111,short-circuit,0,Short Circuit,none,0,""
#3835,1,1,0,1,1,1,1,1,0,1,1,1,110 111 110 111,short-circuit,0,Short Circuit,none,0,""
#3836,0,0,1,1,1,1,1,1,0,1,1,1,001 111 110 111,short-circuit,0,Short Circuit,none,0,""
#3837,1,0,1,1,1,1,1,1,0,1,1,1,101 111 110 111,short-circuit,0,Short Circuit,none,0,""
#3838,0,1,1,1,1,1,1,1,0,1,1,1,011 111 110 111,short-circuit,0,Short Circuit,none,0,""
#3839,1,1,1,1,1,1,1,1,0,1,1,1,111 111 110 111,short-circuit,0,Short Circuit,none,0,""
#3840,0,0,0,0,0,0,0,0,1,1,1,1,000 000 001 111,valid,4,4 V,series,1,"4"
#3841,1,0,0,0,0,0,0,0,1,1,1,1,100 000 001 111,valid,4,4 V,series,1,"4"
#3842,0,1,0,0,0,0,0,0,1,1,1,1,010 000 001 111,valid,4,4 V,series,1,"4"
#3843,1,1,0,0,0,0,0,0,1,1,1,1,110 000 001 111,valid,4,4 V,parallel,1,"1 4"
#3844,0,0,1,0,0,0,0,0,1,1,1,1,001 000 001 111,valid,4,4 V,series,1,"4"
#3845,1,0,1,0,0,0,0,0,1,1,1,1,101 000 001 111,valid,4,4 V,series,1,"4"
#3846,0,1,1,0,0,0,0,0,1,1,1,1,011 000 001 111,valid,4,4 V,series,1,"4"
#3847,1,1,1,0,0,0,0,0,1,1,1,1,111 000 001 111,valid,4,4 V,parallel,1,"1 4"
#3848,0,0,0,1,0,0,0,0,1,1,1,1,000 100 001 111,valid,4,4 V,series,1,"4"
#3849,1,0,0,1,0,0,0,0,1,1,1,1,100 100 001 111,valid,4,4 V,series,1,"4"
#3850,0,1,0,1,0,0,0,0,1,1,1,1,010 100 001 111,valid,4,4 V,series,1,"4"
#3851,1,1,0,1,0,0,0,0,1,1,1,1,110 100 001 111,valid,4,4 V,parallel,1,"1 4"
#3852,0,0,1,1,0,0,0,0,1,1,1,1,001 100 001 111,valid,4,4 V,series,1,"4"
#3853,1,0,1,1,0,0,0,0,1,1,1,1,101 100 001 111,short-circuit,0,Short Circuit,none,0,""
#3854,0,1,1,1,0,0,0,0,1,1,1,1,011 100 001 111,short-circuit,0,Short Circuit,none,0,""
#3855,1,1,1,1,0,0,0,0,1,1,1,1,111 100 001 111,short-circuit,0,Short Circuit,none,0,""
#3856,0,0,0,0,1,0,0,0,1,1,1,1,000 010 001 111,valid,4,4 V,series,1,"4"
#3857,1,0,0,0,1,0,0,0,1,1,1,1,100 010 001 111,valid,4,4 V,series,1,"4"
#3858,0,1,0,0,1,0,0,0,1,1,1,1,010 010 001 111,valid,4,4 V,series,1,"4"
#3859,1,1,0,0,1,0,0,0,1,1,1,1,110 010 001 111,valid,4,4 V,parallel,1,"1 4"
#3860,0,0,1,0,1,0,0,0,1,1,1,1,001 010 001 111,valid,4,4 V,series,1,"4"
#3861,1,0,1,0,1,0,0,0,1,1,1,1,101 010 001 111,short-circuit,0,Short Circuit,none,0,""
#3862,0,1,1,0,1,0,0,0,1,1,1,1,011 010 001 111,short-circuit,0,Short Circuit,none,0,""
#3863,1,1,1,0,1,0,0,0,1,1,1,1,111 010 001 111,short-circuit,0,Short Circuit,none,0,""
#3864,0,0,0,1,1,0,0,0,1,1,1,1,000 110 001 111,valid,4,4 V,parallel,1,"2 4"
#3865,1,0,0,1,1,0,0,0,1,1,1,1,100 110 001 111,valid,4,4 V,parallel,1,"2 4"
#3866,0,1,0,1,1,0,0,0,1,1,1,1,010 110 001 111,valid,4,4 V,parallel,1,"2 4"
#3867,1,1,0,1,1,0,0,0,1,1,1,1,110 110 001 111,valid,4,4 V,parallel,1,"1 2 4"
#3868,0,0,1,1,1,0,0,0,1,1,1,1,001 110 001 111,valid,4,4 V,parallel,1,"2 4"
#3869,1,0,1,1,1,0,0,0,1,1,1,1,101 110 001 111,short-circuit,0,Short Circuit,none,0,""
#3870,0,1,1,1,1,0,0,0,1,1,1,1,011 110 001 111,short-circuit,0,Short Circuit,none,0,""
#3871,1,1,1,1,1,0,0,0,1,1,1,1,111 110 001 111,short-circuit,0,Short Circuit,none,0,""
#3872,0,0,0,0,0,1,0,0,1,1,1,1,000 001 001 111,valid,4,4 V,series,1,"4"
#3873,1,0,0,0,0,1,0,0,1,1,1,1,100 001 001 111,valid,4,4 V,series,1,"4"
#3874,0,1,0,0,0,1,0,0,1,1,1,1,010 001 001 111,valid,4,4 V,series,1,"4"
#3875,1,1,0,0,0,1,0,0,1,1,1,1,110 001 001 111,valid,4,4 V,parallel,1,"1 4"
#3876,0,0,1,0,0,1,0,0,1,1,1,1,001 001 001 111,valid,4,4 V,series,1,"4"
#3877,1,0,1,0,0,1,0,0,1,1,1,1,101 001 001 111,short-circuit,0,Short Circuit,none,0,""
#3878,0,1,1,0,0,1,0,0,1,1,1,1,011 001 001 111,short-circuit,0,Short Circuit,none,0,""
#3879,1,1,1,0,0,1,0,0,1,1,1,1,111 001 001 111,short-circuit,0,Short Circuit,none,0,""
#3880,0,0,0,1,0,1,0,0,1,1,1,1,000 101 001 111,short-circuit,0,Short Circuit,none,0,""
#3881,1,0,0,1,0,1,0,0,1,1,1,1,100 101 001 111,short-circuit,0,Short Circuit,none,0,""
#3882,0,1,0,1,0,1,0,0,1,1,1,1,010 101 001 111,short-circuit,0,Short Circuit,none,0,""
#3883,1,1,0,1,0,1,0,0,1,1,1,1,110 101 001 111,short-circuit,0,Short Circuit,none,0,""
#3884,0,0,1,1,0,1,0,0,1,1,1,1,001 101 001 111,short-circuit,0,Short Circuit,none,0,""
#3885,1,0,1,1,0,1,0,0,1,1,1,1,101 101 001 111,short-circuit,0,Short Circuit,none,0,""
#3886,0,1,1,1,0,1,0,0,1,1,1,1,011 101 001 111,short-circuit,0,Short Circuit,none,0,""
#3887,1,1,1,1,0,1,0,0,1,1,1,1,111 101 001 111,short-circuit,0,Short Circuit,none,0,""
#3888,0,0,0,0,1,1,0,0,1,1,1,1,000 011 001 111,short-circuit,0,Short Circuit,none,0,""
#3889,1,0,0,0,1,1,0,0,1,1,1,1,100 011 001 111,short-circuit,0,Short Circuit,none,0,""
#3890,0,1,0,0,1,1,0,0,1,1,1,1,010 011 001 111,short-circuit,0,Short Circuit,none,0,""
#3891,1,1,0,0,1,1,0,0,1,1,1,1,110 011 001 111,short-circuit,0,Short Circuit,none,0,""
#3892,0,0,1,0,1,1,0,0,1,1,1,1,001 011 001 111,short-circuit,0,Short Circuit,none,0,""
#3893,1,0,1,0,1,1,0,0,1,1,1,1,101 011 001 111,short-circuit,0,Short Circuit,none,0,""
#3894,0,1,1,0,1,1,0,0,1,1,1,1,011 011 001 111,short-circuit,0,Short Circuit,none,0,""
#3895,1,1,1,0,1,1,0,0,1,1,1,1,111 011 001 111,short-circuit,0,Short Circuit,none,0,""
#3896,0,0,0,1,1,1,0,0,1,1,1,1,000 111 001 111,short-circuit,0,Short Circuit,none,0,""
#3897,1,0,0,1,1,1,0,0,1,1,1,1,100 111 001 111,short-circuit,0,Short Circuit,none,0,""
#3898,0,1,0,1,1,1,0,0,1,1,1,1,010 111 001 111,short-circuit,0,Short Circuit,none,0,""
#3899,1,1,0,1,1,1,0,0,1,1,1,1,110 111 001 111,short-circuit,0,Short Circuit,none,0,""
#3900,0,0,1,1,1,1,0,0,1,1,1,1,001 111 001 111,short-circuit,0,Short Circuit,none,0,""
#3901,1,0,1,1,1,1,0,0,1,1,1,1,101 111 001 111,short-circuit,0,Short Circuit,none,0,""
#3902,0,1,1,1,1,1,0,0,1,1,1,1,011 111 001 111,short-circuit,0,Short Circuit,none,0,""
#3903,1,1,1,1,1,1,0,0,1,1,1,1,111 111 001 111,short-circuit,0,Short Circuit,none,0,""
#3904,0,0,0,0,0,0,1,0,1,1,1,1,000 000 101 111,short-circuit,0,Short Circuit,none,0,""
#3905,1,0,0,0,0,0,1,0,1,1,1,1,100 000 101 111,short-circuit,0,Short Circuit,none,0,""
#3906,0,1,0,0,0,0,1,0,1,1,1,1,010 000 101 111,short-circuit,0,Short Circuit,none,0,""
#3907,1,1,0,0,0,0,1,0,1,1,1,1,110 000 101 111,short-circuit,0,Short Circuit,none,0,""
#3908,0,0,1,0,0,0,1,0,1,1,1,1,001 000 101 111,short-circuit,0,Short Circuit,none,0,""
#3909,1,0,1,0,0,0,1,0,1,1,1,1,101 000 101 111,short-circuit,0,Short Circuit,none,0,""
#3910,0,1,1,0,0,0,1,0,1,1,1,1,011 000 101 111,short-circuit,0,Short Circuit,none,0,""
#3911,1,1,1,0,0,0,1,0,1,1,1,1,111 000 101 111,short-circuit,0,Short Circuit,none,0,""
#3912,0,0,0,1,0,0,1,0,1,1,1,1,000 100 101 111,short-circuit,0,Short Circuit,none,0,""
#3913,1,0,0,1,0,0,1,0,1,1,1,1,100 100 101 111,short-circuit,0,Short Circuit,none,0,""
#3914,0,1,0,1,0,0,1,0,1,1,1,1,010 100 101 111,short-circuit,0,Short Circuit,none,0,""
#3915,1,1,0,1,0,0,1,0,1,1,1,1,110 100 101 111,short-circuit,0,Short Circuit,none,0,""
#3916,0,0,1,1,0,0,1,0,1,1,1,1,001 100 101 111,short-circuit,0,Short Circuit,none,0,""
#3917,1,0,1,1,0,0,1,0,1,1,1,1,101 100 101 111,short-circuit,0,Short Circuit,none,0,""
#3918,0,1,1,1,0,0,1,0,1,1,1,1,011 100 101 111,short-circuit,0,Short Circuit,none,0,""
#3919,1,1,1,1,0,0,1,0,1,1,1,1,111 100 101 111,short-circuit,0,Short Circuit,none,0,""
#3920,0,0,0,0,1,0,1,0,1,1,1,1,000 010 101 111,short-circuit,0,Short Circuit,none,0,""
#3921,1,0,0,0,1,0,1,0,1,1,1,1,100 010 101 111,short-circuit,0,Short Circuit,none,0,""
#3922,0,1,0,0,1,0,1,0,1,1,1,1,010 010 101 111,short-circuit,0,Short Circuit,none,0,""
#3923,1,1,0,0,1,0,1,0,1,1,1,1,110 010 101 111,short-circuit,0,Short Circuit,none,0,""
#3924,0,0,1,0,1,0,1,0,1,1,1,1,001 010 101 111,short-circuit,0,Short Circuit,none,0,""
#3925,1,0,1,0,1,0,1,0,1,1,1,1,101 010 101 111,short-circuit,0,Short Circuit,none,0,""
#3926,0,1,1,0,1,0,1,0,1,1,1,1,011 010 101 111,short-circuit,0,Short Circuit,none,0,""
#3927,1,1,1,0,1,0,1,0,1,1,1,1,111 010 101 111,short-circuit,0,Short Circuit,none,0,""
#3928,0,0,0,1,1,0,1,0,1,1,1,1,000 110 101 111,short-circuit,0,Short Circuit,none,0,""
#3929,1,0,0,1,1,0,1,0,1,1,1,1,100 110 101 111,short-circuit,0,Short Circuit,none,0,""
#3930,0,1,0,1,1,0,1,0,1,1,1,1,010 110 101 111,short-circuit,0,Short Circuit,none,0,""
#3931,1,1,0,1,1,0,1,0,1,1,1,1,110 110 101 111,short-circuit,0,Short Circuit,none,0,""
#3932,0,0,1,1,1,0,1,0,1,1,1,1,001 110 101 111,short-circuit,0,Short Circuit,none,0,""
#3933,1,0,1,1,1,0,1,0,1,1,1,1,101 110 101 111,short-circuit,0,Short Circuit,none,0,""
#3934,0,1,1,1,1,0,1,0,1,1,1,1,011 110 101 111,short-circuit,0,Short Circuit,none,0,""
#3935,1,1,1,1,1,0,1,0,1,1,1,1,111 110 101 111,short-circuit,0,Short Circuit,none,0,""
#3936,0,0,0,0,0,1,1,0,1,1,1,1,000 001 101 111,short-circuit,0,Short Circuit,none,0,""
#3937,1,0,0,0,0,1,1,0,1,1,1,1,100 001 101 111,short-circuit,0,Short Circuit,none,0,""
#3938,0,1,0,0,0,1,1,0,1,1,1,1,010 001 101 111,short-circuit,0,Short Circuit,none,0,""
#3939,1,1,0,0,0,1,1,0,1,1,1,1,110 001 101 111,short-circuit,0,Short Circuit,none,0,""
#3940,0,0,1,0,0,1,1,0,1,1,1,1,001 001 101 111,short-circuit,0,Short Circuit,none,0,""
#3941,1,0,1,0,0,1,1,0,1,1,1,1,101 001 101 111,short-circuit,0,Short Circuit,none,0,""
#3942,0,1,1,0,0,1,1,0,1,1,1,1,011 001 101 111,short-circuit,0,Short Circuit,none,0,""
#3943,1,1,1,0,0,1,1,0,1,1,1,1,111 001 101 111,short-circuit,0,Short Circuit,none,0,""
#3944,0,0,0,1,0,1,1,0,1,1,1,1,000 101 101 111,short-circuit,0,Short Circuit,none,0,""
#3945,1,0,0,1,0,1,1,0,1,1,1,1,100 101 101 111,short-circuit,0,Short Circuit,none,0,""
#3946,0,1,0,1,0,1,1,0,1,1,1,1,010 101 101 111,short-circuit,0,Short Circuit,none,0,""
#3947,1,1,0,1,0,1,1,0,1,1,1,1,110 101 101 111,short-circuit,0,Short Circuit,none,0,""
#3948,0,0,1,1,0,1,1,0,1,1,1,1,001 101 101 111,short-circuit,0,Short Circuit,none,0,""
#3949,1,0,1,1,0,1,1,0,1,1,1,1,101 101 101 111,short-circuit,0,Short Circuit,none,0,""
#3950,0,1,1,1,0,1,1,0,1,1,1,1,011 101 101 111,short-circuit,0,Short Circuit,none,0,""
#3951,1,1,1,1,0,1,1,0,1,1,1,1,111 101 101 111,short-circuit,0,Short Circuit,none,0,""
#3952,0,0,0,0,1,1,1,0,1,1,1,1,000 011 101 111,short-circuit,0,Short Circuit,none,0,""
#3953,1,0,0,0,1,1,1,0,1,1,1,1,100 011 101 111,short-circuit,0,Short Circuit,none,0,""
#3954,0,1,0,0,1,1,1,0,1,1,1,1,010 011 101 111,short-circuit,0,Short Circuit,none,0,""
#3955,1,1,0,0,1,1,1,0,1,1,1,1,110 011 101 111,short-circuit,0,Short Circuit,none,0,""
#3956,0,0,1,0,1,1,1,0,1,1,1,1,001 011 101 111,short-circuit,0,Short Circuit,none,0,""
#3957,1,0,1,0,1,1,1,0,1,1,1,1,101 011 101 111,short-circuit,0,Short Circuit,none,0,""
#3958,0,1,1,0,1,1,1,0,1,1,1,1,011 011 101 111,short-circuit,0,Short Circuit,none,0,""
#3959,1,1,1,0,1,1,1,0,1,1,1,1,111 011 101 111,short-circuit,0,Short Circuit,none,0,""
#3960,0,0,0,1,1,1,1,0,1,1,1,1,000 111 101 111,short-circuit,0,Short Circuit,none,0,""
#3961,1,0,0,1,1,1,1,0,1,1,1,1,100 111 101 111,short-circuit,0,Short Circuit,none,0,""
#3962,0,1,0,1,1,1,1,0,1,1,1,1,010 111 101 111,short-circuit,0,Short Circuit,none,0,""
#3963,1,1,0,1,1,1,1,0,1,1,1,1,110 111 101 111,short-circuit,0,Short Circuit,none,0,""
#3964,0,0,1,1,1,1,1,0,1,1,1,1,001 111 101 111,short-circuit,0,Short Circuit,none,0,""
#3965,1,0,1,1,1,1,1,0,1,1,1,1,101 111 101 111,short-circuit,0,Short Circuit,none,0,""
#3966,0,1,1,1,1,1,1,0,1,1,1,1,011 111 101 111,short-circuit,0,Short Circuit,none,0,""
#3967,1,1,1,1,1,1,1,0,1,1,1,1,111 111 101 111,short-circuit,0,Short Circuit,none,0,""
#3968,0,0,0,0,0,0,0,1,1,1,1,1,000 000 011 111,short-circuit,0,Short Circuit,none,0,""
#3969,1,0,0,0,0,0,0,1,1,1,1,1,100 000 011 111,short-circuit,0,Short Circuit,none,0,""
#3970,0,1,0,0,0,0,0,1,1,1,1,1,010 000 011 111,short-circuit,0,Short Circuit,none,0,""
#3971,1,1,0,0,0,0,0,1,1,1,1,1,110 000 011 111,short-circuit,0,Short Circuit,none,0,""
#3972,0,0,1,0,0,0,0,1,1,1,1,1,001 000 011 111,short-circuit,0,Short Circuit,none,0,""
#3973,1,0,1,0,0,0,0,1,1,1,1,1,101 000 011 111,short-circuit,0,Short Circuit,none,0,""
#3974,0,1,1,0,0,0,0,1,1,1,1,1,011 000 011 111,short-circuit,0,Short Circuit,none,0,""
#3975,1,1,1,0,0,0,0,1,1,1,1,1,111 000 011 111,short-circuit,0,Short Circuit,none,0,""
#3976,0,0,0,1,0,0,0,1,1,1,1,1,000 100 011 111,short-circuit,0,Short Circuit,none,0,""
#3977,1,0,0,1,0,0,0,1,1,1,1,1,100 100 011 111,short-circuit,0,Short Circuit,none,0,""
#3978,0,1,0,1,0,0,0,1,1,1,1,1,010 100 011 111,short-circuit,0,Short Circuit,none,0,""
#3979,1,1,0,1,0,0,0,1,1,1,1,1,110 100 011 111,short-circuit,0,Short Circuit,none,0,""
#3980,0,0,1,1,0,0,0,1,1,1,1,1,001 100 011 111,short-circuit,0,Short Circuit,none,0,""
#3981,1,0,1,1,0,0,0,1,1,1,1,1,101 100 011 111,short-circuit,0,Short Circuit,none,0,""
#3982,0,1,1,1,0,0,0,1,1,1,1,1,011 100 011 111,short-circuit,0,Short Circuit,none,0,""
#3983,1,1,1,1,0,0,0,1,1,1,1,1,111 100 011 111,short-circuit,0,Short Circuit,none,0,""
#3984,0,0,0,0,1,0,0,1,1,1,1,1,000 010 011 111,short-circuit,0,Short Circuit,none,0,""
#3985,1,0,0,0,1,0,0,1,1,1,1,1,100 010 011 111,short-circuit,0,Short Circuit,none,0,""
#3986,0,1,0,0,1,0,0,1,1,1,1,1,010 010 011 111,short-circuit,0,Short Circuit,none,0,""
#3987,1,1,0,0,1,0,0,1,1,1,1,1,110 010 011 111,short-circuit,0,Short Circuit,none,0,""
#3988,0,0,1,0,1,0,0,1,1,1,1,1,001 010 011 111,short-circuit,0,Short Circuit,none,0,""
#3989,1,0,1,0,1,0,0,1,1,1,1,1,101 010 011 111,short-circuit,0,Short Circuit,none,0,""
#3990,0,1,1,0,1,0,0,1,1,1,1,1,011 010 011 111,short-circuit,0,Short Circuit,none,0,""
#3991,1,1,1,0,1,0,0,1,1,1,1,1,111 010 011 111,short-circuit,0,Short Circuit,none,0,""
#3992,0,0,0,1,1,0,0,1,1,1,1,1,000 110 011 111,short-circuit,0,Short Circuit,none,0,""
#3993,1,0,0,1,1,0,0,1,1,1,1,1,100 110 011 111,short-circuit,0,Short Circuit,none,0,""
#3994,0,1,0,1,1,0,0,1,1,1,1,1,010 110 011 111,short-circuit,0,Short Circuit,none,0,""
#3995,1,1,0,1,1,0,0,1,1,1,1,1,110 110 011 111,short-circuit,0,Short Circuit,none,0,""
#3996,0,0,1,1,1,0,0,1,1,1,1,1,001 110 011 111,short-circuit,0,Short Circuit,none,0,""
#3997,1,0,1,1,1,0,0,1,1,1,1,1,101 110 011 111,short-circuit,0,Short Circuit,none,0,""
#3998,0,1,1,1,1,0,0,1,1,1,1,1,011 110 011 111,short-circuit,0,Short Circuit,none,0,""
#3999,1,1,1,1,1,0,0,1,1,1,1,1,111 110 011 111,short-circuit,0,Short Circuit,none,0,""
#4000,0,0,0,0,0,1,0,1,1,1,1,1,000 001 011 111,short-circuit,0,Short Circuit,none,0,""
#4001,1,0,0,0,0,1,0,1,1,1,1,1,100 001 011 111,short-circuit,0,Short Circuit,none,0,""
#4002,0,1,0,0,0,1,0,1,1,1,1,1,010 001 011 111,short-circuit,0,Short Circuit,none,0,""
#4003,1,1,0,0,0,1,0,1,1,1,1,1,110 001 011 111,short-circuit,0,Short Circuit,none,0,""
#4004,0,0,1,0,0,1,0,1,1,1,1,1,001 001 011 111,short-circuit,0,Short Circuit,none,0,""
#4005,1,0,1,0,0,1,0,1,1,1,1,1,101 001 011 111,short-circuit,0,Short Circuit,none,0,""
#4006,0,1,1,0,0,1,0,1,1,1,1,1,011 001 011 111,short-circuit,0,Short Circuit,none,0,""
#4007,1,1,1,0,0,1,0,1,1,1,1,1,111 001 011 111,short-circuit,0,Short Circuit,none,0,""
#4008,0,0,0,1,0,1,0,1,1,1,1,1,000 101 011 111,short-circuit,0,Short Circuit,none,0,""
#4009,1,0,0,1,0,1,0,1,1,1,1,1,100 101 011 111,short-circuit,0,Short Circuit,none,0,""
#4010,0,1,0,1,0,1,0,1,1,1,1,1,010 101 011 111,short-circuit,0,Short Circuit,none,0,""
#4011,1,1,0,1,0,1,0,1,1,1,1,1,110 101 011 111,short-circuit,0,Short Circuit,none,0,""
#4012,0,0,1,1,0,1,0,1,1,1,1,1,001 101 011 111,short-circuit,0,Short Circuit,none,0,""
#4013,1,0,1,1,0,1,0,1,1,1,1,1,101 101 011 111,short-circuit,0,Short Circuit,none,0,""
#4014,0,1,1,1,0,1,0,1,1,1,1,1,011 101 011 111,short-circuit,0,Short Circuit,none,0,""
#4015,1,1,1,1,0,1,0,1,1,1,1,1,111 101 011 111,short-circuit,0,Short Circuit,none,0,""
#4016,0,0,0,0,1,1,0,1,1,1,1,1,000 011 011 111,short-circuit,0,Short Circuit,none,0,""
#4017,1,0,0,0,1,1,0,1,1,1,1,1,100 011 011 111,short-circuit,0,Short Circuit,none,0,""
#4018,0,1,0,0,1,1,0,1,1,1,1,1,010 011 011 111,short-circuit,0,Short Circuit,none,0,""
#4019,1,1,0,0,1,1,0,1,1,1,1,1,110 011 011 111,short-circuit,0,Short Circuit,none,0,""
#4020,0,0,1,0,1,1,0,1,1,1,1,1,001 011 011 111,short-circuit,0,Short Circuit,none,0,""
#4021,1,0,1,0,1,1,0,1,1,1,1,1,101 011 011 111,short-circuit,0,Short Circuit,none,0,""
#4022,0,1,1,0,1,1,0,1,1,1,1,1,011 011 011 111,short-circuit,0,Short Circuit,none,0,""
#4023,1,1,1,0,1,1,0,1,1,1,1,1,111 011 011 111,short-circuit,0,Short Circuit,none,0,""
#4024,0,0,0,1,1,1,0,1,1,1,1,1,000 111 011 111,short-circuit,0,Short Circuit,none,0,""
#4025,1,0,0,1,1,1,0,1,1,1,1,1,100 111 011 111,short-circuit,0,Short Circuit,none,0,""
#4026,0,1,0,1,1,1,0,1,1,1,1,1,010 111 011 111,short-circuit,0,Short Circuit,none,0,""
#4027,1,1,0,1,1,1,0,1,1,1,1,1,110 111 011 111,short-circuit,0,Short Circuit,none,0,""
#4028,0,0,1,1,1,1,0,1,1,1,1,1,001 111 011 111,short-circuit,0,Short Circuit,none,0,""
#4029,1,0,1,1,1,1,0,1,1,1,1,1,101 111 011 111,short-circuit,0,Short Circuit,none,0,""
#4030,0,1,1,1,1,1,0,1,1,1,1,1,011 111 011 111,short-circuit,0,Short Circuit,none,0,""
#4031,1,1,1,1,1,1,0,1,1,1,1,1,111 111 011 111,short-circuit,0,Short Circuit,none,0,""
#4032,0,0,0,0,0,0,1,1,1,1,1,1,000 000 111 111,short-circuit,0,Short Circuit,none,0,""
#4033,1,0,0,0,0,0,1,1,1,1,1,1,100 000 111 111,short-circuit,0,Short Circuit,none,0,""
#4034,0,1,0,0,0,0,1,1,1,1,1,1,010 000 111 111,short-circuit,0,Short Circuit,none,0,""
#4035,1,1,0,0,0,0,1,1,1,1,1,1,110 000 111 111,short-circuit,0,Short Circuit,none,0,""
#4036,0,0,1,0,0,0,1,1,1,1,1,1,001 000 111 111,short-circuit,0,Short Circuit,none,0,""
#4037,1,0,1,0,0,0,1,1,1,1,1,1,101 000 111 111,short-circuit,0,Short Circuit,none,0,""
#4038,0,1,1,0,0,0,1,1,1,1,1,1,011 000 111 111,short-circuit,0,Short Circuit,none,0,""
#4039,1,1,1,0,0,0,1,1,1,1,1,1,111 000 111 111,short-circuit,0,Short Circuit,none,0,""
#4040,0,0,0,1,0,0,1,1,1,1,1,1,000 100 111 111,short-circuit,0,Short Circuit,none,0,""
#4041,1,0,0,1,0,0,1,1,1,1,1,1,100 100 111 111,short-circuit,0,Short Circuit,none,0,""
#4042,0,1,0,1,0,0,1,1,1,1,1,1,010 100 111 111,short-circuit,0,Short Circuit,none,0,""
#4043,1,1,0,1,0,0,1,1,1,1,1,1,110 100 111 111,short-circuit,0,Short Circuit,none,0,""
#4044,0,0,1,1,0,0,1,1,1,1,1,1,001 100 111 111,short-circuit,0,Short Circuit,none,0,""
#4045,1,0,1,1,0,0,1,1,1,1,1,1,101 100 111 111,short-circuit,0,Short Circuit,none,0,""
#4046,0,1,1,1,0,0,1,1,1,1,1,1,011 100 111 111,short-circuit,0,Short Circuit,none,0,""
#4047,1,1,1,1,0,0,1,1,1,1,1,1,111 100 111 111,short-circuit,0,Short Circuit,none,0,""
#4048,0,0,0,0,1,0,1,1,1,1,1,1,000 010 111 111,short-circuit,0,Short Circuit,none,0,""
#4049,1,0,0,0,1,0,1,1,1,1,1,1,100 010 111 111,short-circuit,0,Short Circuit,none,0,""
#4050,0,1,0,0,1,0,1,1,1,1,1,1,010 010 111 111,short-circuit,0,Short Circuit,none,0,""
#4051,1,1,0,0,1,0,1,1,1,1,1,1,110 010 111 111,short-circuit,0,Short Circuit,none,0,""
#4052,0,0,1,0,1,0,1,1,1,1,1,1,001 010 111 111,short-circuit,0,Short Circuit,none,0,""
#4053,1,0,1,0,1,0,1,1,1,1,1,1,101 010 111 111,short-circuit,0,Short Circuit,none,0,""
#4054,0,1,1,0,1,0,1,1,1,1,1,1,011 010 111 111,short-circuit,0,Short Circuit,none,0,""
#4055,1,1,1,0,1,0,1,1,1,1,1,1,111 010 111 111,short-circuit,0,Short Circuit,none,0,""
#4056,0,0,0,1,1,0,1,1,1,1,1,1,000 110 111 111,short-circuit,0,Short Circuit,none,0,""
#4057,1,0,0,1,1,0,1,1,1,1,1,1,100 110 111 111,short-circuit,0,Short Circuit,none,0,""
#4058,0,1,0,1,1,0,1,1,1,1,1,1,010 110 111 111,short-circuit,0,Short Circuit,none,0,""
#4059,1,1,0,1,1,0,1,1,1,1,1,1,110 110 111 111,short-circuit,0,Short Circuit,none,0,""
#4060,0,0,1,1,1,0,1,1,1,1,1,1,001 110 111 111,short-circuit,0,Short Circuit,none,0,""
#4061,1,0,1,1,1,0,1,1,1,1,1,1,101 110 111 111,short-circuit,0,Short Circuit,none,0,""
#4062,0,1,1,1,1,0,1,1,1,1,1,1,011 110 111 111,short-circuit,0,Short Circuit,none,0,""
#4063,1,1,1,1,1,0,1,1,1,1,1,1,111 110 111 111,short-circuit,0,Short Circuit,none,0,""
#4064,0,0,0,0,0,1,1,1,1,1,1,1,000 001 111 111,short-circuit,0,Short Circuit,none,0,""
#4065,1,0,0,0,0,1,1,1,1,1,1,1,100 001 111 111,short-circuit,0,Short Circuit,none,0,""
#4066,0,1,0,0,0,1,1,1,1,1,1,1,010 001 111 111,short-circuit,0,Short Circuit,none,0,""
#4067,1,1,0,0,0,1,1,1,1,1,1,1,110 001 111 111,short-circuit,0,Short Circuit,none,0,""
#4068,0,0,1,0,0,1,1,1,1,1,1,1,001 001 111 111,short-circuit,0,Short Circuit,none,0,""
#4069,1,0,1,0,0,1,1,1,1,1,1,1,101 001 111 111,short-circuit,0,Short Circuit,none,0,""
#4070,0,1,1,0,0,1,1,1,1,1,1,1,011 001 111 111,short-circuit,0,Short Circuit,none,0,""
#4071,1,1,1,0,0,1,1,1,1,1,1,1,111 001 111 111,short-circuit,0,Short Circuit,none,0,""
#4072,0,0,0,1,0,1,1,1,1,1,1,1,000 101 111 111,short-circuit,0,Short Circuit,none,0,""
#4073,1,0,0,1,0,1,1,1,1,1,1,1,100 101 111 111,short-circuit,0,Short Circuit,none,0,""
#4074,0,1,0,1,0,1,1,1,1,1,1,1,010 101 111 111,short-circuit,0,Short Circuit,none,0,""
#4075,1,1,0,1,0,1,1,1,1,1,1,1,110 101 111 111,short-circuit,0,Short Circuit,none,0,""
#4076,0,0,1,1,0,1,1,1,1,1,1,1,001 101 111 111,short-circuit,0,Short Circuit,none,0,""
#4077,1,0,1,1,0,1,1,1,1,1,1,1,101 101 111 111,short-circuit,0,Short Circuit,none,0,""
#4078,0,1,1,1,0,1,1,1,1,1,1,1,011 101 111 111,short-circuit,0,Short Circuit,none,0,""
#4079,1,1,1,1,0,1,1,1,1,1,1,1,111 101 111 111,short-circuit,0,Short Circuit,none,0,""
#4080,0,0,0,0,1,1,1,1,1,1,1,1,000 011 111 111,short-circuit,0,Short Circuit,none,0,""
#4081,1,0,0,0,1,1,1,1,1,1,1,1,100 011 111 111,short-circuit,0,Short Circuit,none,0,""
#4082,0,1,0,0,1,1,1,1,1,1,1,1,010 011 111 111,short-circuit,0,Short Circuit,none,0,""
#4083,1,1,0,0,1,1,1,1,1,1,1,1,110 011 111 111,short-circuit,0,Short Circuit,none,0,""
#4084,0,0,1,0,1,1,1,1,1,1,1,1,001 011 111 111,short-circuit,0,Short Circuit,none,0,""
#4085,1,0,1,0,1,1,1,1,1,1,1,1,101 011 111 111,short-circuit,0,Short Circuit,none,0,""
#4086,0,1,1,0,1,1,1,1,1,1,1,1,011 011 111 111,short-circuit,0,Short Circuit,none,0,""
#4087,1,1,1,0,1,1,1,1,1,1,1,1,111 011 111 111,short-circuit,0,Short Circuit,none,0,""
#4088,0,0,0,1,1,1,1,1,1,1,1,1,000 111 111 111,short-circuit,0,Short Circuit,none,0,""
#4089,1,0,0,1,1,1,1,1,1,1,1,1,100 111 111 111,short-circuit,0,Short Circuit,none,0,""
#4090,0,1,0,1,1,1,1,1,1,1,1,1,010 111 111 111,short-circuit,0,Short Circuit,none,0,""
#4091,1,1,0,1,1,1,1,1,1,1,1,1,110 111 111 111,short-circuit,0,Short Circuit,none,0,""
#4092,0,0,1,1,1,1,1,1,1,1,1,1,001 111 111 111,short-circuit,0,Short Circuit,none,0,""
#4093,1,0,1,1,1,1,1,1,1,1,1,1,101 111 111 111,short-circuit,0,Short Circuit,none,0,""
#4094,0,1,1,1,1,1,1,1,1,1,1,1,011 111 111 111,short-circuit,0,Short Circuit,none,0,""
#4095,1,1,1,1,1,1,1,1,1,1,1,1,111 111 111 111,short-circuit,0,Short Circuit,none,0,""
